timestamp,unix_s,bpm
2026-09-23T12:22:07+10:00,1790130127.833,154
2026-09-23T12:22:08+10:00,1790130128.866,155
2026-09-23T12:22:09+10:00,1790130129.827,155
2026-09-23T12:22:10+10:00,1790130130.906,155
2026-09-23T12:22:11+10:00,1790130131.866,155
2026-09-23T12:22:12+10:00,1790130132.826,155
2026-09-23T12:22:13+10:00,1790130133.906,155
2026-09-23T12:22:14+10:00,1790130134.866,155
2026-09-23T12:22:15+10:00,1790130135.946,155
2026-09-23T12:22:16+10:00,1790130136.908,153
2026-09-23T12:22:17+10:00,1790130137.868,153
2026-09-23T12:22:18+10:00,1790130138.948,153
2026-09-23T12:22:19+10:00,1790130139.908,153
2026-09-23T12:22:20+10:00,1790130140.867,153
2026-09-23T12:22:21+10:00,1790130141.947,154
2026-09-23T12:22:22+10:00,1790130142.907,154
2026-09-23T12:22:23+10:00,1790130143.867,154
2026-09-23T12:22:24+10:00,1790130144.947,154
2026-09-23T12:22:25+10:00,1790130145.907,154
2026-09-23T12:22:26+10:00,1790130146.867,145
2026-09-23T12:22:27+10:00,1790130147.948,136
2026-09-23T12:22:28+10:00,1790130148.907,135
2026-09-23T12:22:29+10:00,1790130149.868,135
2026-09-23T12:22:30+10:00,1790130150.947,135
2026-09-23T12:22:31+10:00,1790130151.908,135
2026-09-23T12:22:32+10:00,1790130152.867,135
2026-09-23T12:22:33+10:00,1790130153.948,135
2026-09-23T12:22:34+10:00,1790130154.908,135
2026-09-23T12:22:35+10:00,1790130155.867,135
2026-09-23T12:22:36+10:00,1790130156.948,135
2026-09-23T12:22:37+10:00,1790130157.907,133
2026-09-23T12:22:38+10:00,1790130158.868,133
2026-09-23T12:22:39+10:00,1790130159.948,132
2026-09-23T12:22:40+10:00,1790130160.907,132
2026-09-23T12:22:41+10:00,1790130161.867,132
2026-09-23T12:22:42+10:00,1790130162.948,132
2026-09-23T12:22:43+10:00,1790130163.907,133
2026-09-23T12:22:44+10:00,1790130164.868,133
2026-09-23T12:22:45+10:00,1790130165.947,133
2026-09-23T12:22:46+10:00,1790130166.908,130
2026-09-23T12:22:47+10:00,1790130167.867,132
2026-09-23T12:22:48+10:00,1790130168.947,132
2026-09-23T12:22:49+10:00,1790130169.906,132
2026-09-23T12:22:50+10:00,1790130170.867,132
2026-09-23T12:22:51+10:00,1790130171.947,132
2026-09-23T12:22:52+10:00,1790130172.906,133
2026-09-23T12:22:53+10:00,1790130173.866,133
2026-09-23T12:22:54+10:00,1790130174.946,133
2026-09-23T12:22:55+10:00,1790130175.906,133
2026-09-23T12:22:56+10:00,1790130176.867,133
2026-09-23T12:22:57+10:00,1790130177.946,133
2026-09-23T12:22:58+10:00,1790130178.906,131
2026-09-23T12:22:59+10:00,1790130179.867,131
2026-09-23T12:23:00+10:00,1790130180.946,131
2026-09-23T12:23:01+10:00,1790130181.906,133
2026-09-23T12:23:02+10:00,1790130182.866,133
2026-09-23T12:23:03+10:00,1790130183.946,133
2026-09-23T12:23:04+10:00,1790130184.906,133
2026-09-23T12:23:05+10:00,1790130185.866,133
2026-09-23T12:23:06+10:00,1790130186.946,133
2026-09-23T12:23:07+10:00,1790130187.906,135
2026-09-23T12:23:08+10:00,1790130188.986,138
2026-09-23T12:23:09+10:00,1790130189.946,138
2026-09-23T12:23:10+10:00,1790130190.906,138
2026-09-23T12:23:11+10:00,1790130191.986,139
2026-09-23T12:23:12+10:00,1790130192.946,139
2026-09-23T12:23:13+10:00,1790130193.906,138
2026-09-23T12:23:14+10:00,1790130194.986,139
2026-09-23T12:23:15+10:00,1790130195.946,139
2026-09-23T12:23:16+10:00,1790130196.906,139
2026-09-23T12:23:17+10:00,1790130197.986,138
2026-09-23T12:23:18+10:00,1790130198.946,138
2026-09-23T12:23:19+10:00,1790130199.906,138
2026-09-23T12:23:20+10:00,1790130200.986,138
2026-09-23T12:23:21+10:00,1790130201.946,138
2026-09-23T12:23:22+10:00,1790130202.906,138
2026-09-23T12:23:23+10:00,1790130203.986,138
2026-09-23T12:23:24+10:00,1790130204.946,138
2026-09-23T12:23:25+10:00,1790130205.906,138
2026-09-23T12:23:26+10:00,1790130206.986,138
2026-09-23T12:23:27+10:00,1790130207.946,138
2026-09-23T12:23:28+10:00,1790130208.906,138
2026-09-23T12:23:29+10:00,1790130209.986,108
2026-09-23T12:23:30+10:00,1790130210.946,108
2026-09-23T12:23:31+10:00,1790130211.906,104
2026-09-23T12:23:32+10:00,1790130212.986,103
2026-09-23T12:23:33+10:00,1790130213.946,103
2026-09-23T12:23:34+10:00,1790130214.906,100
2026-09-23T12:23:35+10:00,1790130215.986,99
2026-09-23T12:23:36+10:00,1790130216.947,99
2026-09-23T12:23:37+10:00,1790130217.906,99
2026-09-23T12:23:38+10:00,1790130218.986,100
2026-09-23T12:23:39+10:00,1790130219.946,100
2026-09-23T12:23:40+10:00,1790130220.906,100
2026-09-23T12:23:41+10:00,1790130221.986,100
2026-09-23T12:23:42+10:00,1790130222.947,100
2026-09-23T12:23:43+10:00,1790130223.907,100
2026-09-23T12:23:44+10:00,1790130224.986,102
2026-09-23T12:23:45+10:00,1790130225.946,104
2026-09-23T12:23:46+10:00,1790130226.906,104
2026-09-23T12:23:47+10:00,1790130227.986,105
2026-09-23T12:23:48+10:00,1790130228.947,105
2026-09-23T12:23:49+10:00,1790130229.907,105
2026-09-23T12:23:50+10:00,1790130230.986,105
2026-09-23T12:23:51+10:00,1790130231.946,104
2026-09-23T12:23:52+10:00,1790130232.906,104
2026-09-23T12:23:53+10:00,1790130233.986,103
2026-09-23T12:23:54+10:00,1790130234.946,103
2026-09-23T12:23:55+10:00,1790130235.907,103
2026-09-23T12:23:56+10:00,1790130236.986,99
2026-09-23T12:23:57+10:00,1790130237.947,100
2026-09-23T12:23:58+10:00,1790130238.906,100
2026-09-23T12:23:59+10:00,1790130239.986,100
2026-09-23T12:24:00+10:00,1790130240.946,100
2026-09-23T12:24:01+10:00,1790130241.906,96
2026-09-23T12:24:02+10:00,1790130242.986,96
2026-09-23T12:24:03+10:00,1790130243.947,97
2026-09-23T12:24:04+10:00,1790130244.907,97
2026-09-23T12:24:05+10:00,1790130245.987,97
2026-09-23T12:24:06+10:00,1790130246.947,97
2026-09-23T12:24:07+10:00,1790130247.906,97
2026-09-23T12:24:08+10:00,1790130248.986,97
2026-09-23T12:24:09+10:00,1790130249.948,97
2026-09-23T12:24:10+10:00,1790130250.907,97
2026-09-23T12:24:11+10:00,1790130251.987,97
2026-09-23T12:24:12+10:00,1790130252.947,97
2026-09-23T12:24:13+10:00,1790130253.907,94
2026-09-23T12:24:14+10:00,1790130254.987,87
2026-09-23T12:24:15+10:00,1790130255.947,87
2026-09-23T12:24:16+10:00,1790130256.907,87
2026-09-23T12:24:17+10:00,1790130257.987,87
2026-09-23T12:24:18+10:00,1790130258.947,87
2026-09-23T12:24:19+10:00,1790130259.906,90
2026-09-23T12:24:20+10:00,1790130260.987,90
2026-09-23T12:24:21+10:00,1790130261.947,91
2026-09-23T12:24:22+10:00,1790130262.906,91
2026-09-23T12:24:23+10:00,1790130263.987,91
2026-09-23T12:24:24+10:00,1790130264.946,91
2026-09-23T12:24:25+10:00,1790130265.906,94
2026-09-23T12:24:26+10:00,1790130266.986,94
2026-09-23T12:24:27+10:00,1790130267.947,94
2026-09-23T12:24:28+10:00,1790130268.907,93
2026-09-23T12:24:29+10:00,1790130269.987,93
2026-09-23T12:24:30+10:00,1790130270.947,93
2026-09-23T12:24:31+10:00,1790130271.907,93
2026-09-23T12:24:32+10:00,1790130272.987,93
2026-09-23T12:24:33+10:00,1790130273.947,93
2026-09-23T12:24:34+10:00,1790130274.907,93
2026-09-23T12:24:35+10:00,1790130275.986,93
2026-09-23T12:24:36+10:00,1790130276.947,93
2026-09-23T12:24:37+10:00,1790130277.907,93
2026-09-23T12:24:38+10:00,1790130278.986,93
2026-09-23T12:24:39+10:00,1790130279.947,93
2026-09-23T12:24:40+10:00,1790130280.907,93
2026-09-23T12:24:41+10:00,1790130281.987,93
2026-09-23T12:24:42+10:00,1790130282.947,93
2026-09-23T12:24:43+10:00,1790130283.907,93
2026-09-23T12:24:44+10:00,1790130284.987,93
2026-09-23T12:24:45+10:00,1790130285.946,93
2026-09-23T12:24:46+10:00,1790130286.907,93
2026-09-23T12:24:47+10:00,1790130287.987,93
2026-09-23T12:24:48+10:00,1790130288.947,93
2026-09-23T12:24:49+10:00,1790130289.907,93
2026-09-23T12:24:50+10:00,1790130290.987,93
2026-09-23T12:24:51+10:00,1790130291.947,93
2026-09-23T12:24:52+10:00,1790130292.907,93
2026-09-23T12:24:53+10:00,1790130293.987,93
2026-09-23T12:24:54+10:00,1790130294.947,93
2026-09-23T12:24:56+10:00,1790130296.027,93
2026-09-23T12:24:56+10:00,1790130296.987,93
2026-09-23T12:24:57+10:00,1790130297.946,93
2026-09-23T12:24:59+10:00,1790130299.027,93
2026-09-23T12:24:59+10:00,1790130299.987,93
2026-09-23T12:25:00+10:00,1790130300.947,93
2026-09-23T12:25:02+10:00,1790130302.028,93
2026-09-23T12:25:02+10:00,1790130302.987,93
2026-09-23T12:25:03+10:00,1790130303.947,93
2026-09-23T12:25:05+10:00,1790130305.027,93
2026-09-23T12:25:05+10:00,1790130305.987,93
2026-09-23T12:25:06+10:00,1790130306.947,93
2026-09-23T12:25:08+10:00,1790130308.027,93
2026-09-23T12:25:08+10:00,1790130308.987,93
2026-09-23T12:25:09+10:00,1790130309.947,93
2026-09-23T12:25:11+10:00,1790130311.027,96
2026-09-23T12:25:11+10:00,1790130311.987,97
2026-09-23T12:25:12+10:00,1790130312.946,97
2026-09-23T12:25:14+10:00,1790130314.027,96
2026-09-23T12:25:14+10:00,1790130314.987,96
2026-09-23T12:25:15+10:00,1790130315.948,97
2026-09-23T12:25:17+10:00,1790130317.027,97
2026-09-23T12:25:17+10:00,1790130317.987,97
2026-09-23T12:25:18+10:00,1790130318.947,97
2026-09-23T12:25:20+10:00,1790130320.027,97
2026-09-23T12:25:20+10:00,1790130320.987,97
2026-09-23T12:25:21+10:00,1790130321.947,97
2026-09-23T12:25:23+10:00,1790130323.027,98
2026-09-23T12:25:23+10:00,1790130323.987,98
2026-09-23T12:25:24+10:00,1790130324.947,98
2026-09-23T12:25:26+10:00,1790130326.027,94
2026-09-23T12:25:26+10:00,1790130326.987,94
2026-09-23T12:25:27+10:00,1790130327.947,90
2026-09-23T12:25:29+10:00,1790130329.028,85
2026-09-23T12:25:29+10:00,1790130329.988,82
2026-09-23T12:25:30+10:00,1790130330.947,82
2026-09-23T12:25:32+10:00,1790130332.028,81
2026-09-23T12:25:32+10:00,1790130332.988,81
2026-09-23T12:25:33+10:00,1790130333.947,81
2026-09-23T12:25:35+10:00,1790130335.027,81
2026-09-23T12:25:35+10:00,1790130335.988,81
2026-09-23T12:25:36+10:00,1790130336.947,81
2026-09-23T12:25:38+10:00,1790130338.027,82
2026-09-23T12:25:38+10:00,1790130338.988,81
2026-09-23T12:25:39+10:00,1790130339.947,81
2026-09-23T12:25:41+10:00,1790130341.028,82
2026-09-23T12:25:41+10:00,1790130341.987,82
2026-09-23T12:25:42+10:00,1790130342.947,82
2026-09-23T12:25:44+10:00,1790130344.027,81
2026-09-23T12:25:44+10:00,1790130344.987,81
2026-09-23T12:25:45+10:00,1790130345.947,80
2026-09-23T12:25:47+10:00,1790130347.027,79
2026-09-23T12:25:47+10:00,1790130347.987,79
2026-09-23T12:25:48+10:00,1790130348.947,79
2026-09-23T12:25:50+10:00,1790130350.027,79
2026-09-23T12:25:50+10:00,1790130350.987,79
2026-09-23T12:25:51+10:00,1790130351.947,79
2026-09-23T12:25:53+10:00,1790130353.027,79
2026-09-23T12:25:53+10:00,1790130353.987,79
2026-09-23T12:25:54+10:00,1790130354.948,79
2026-09-23T12:25:56+10:00,1790130356.027,79
2026-09-23T12:25:56+10:00,1790130356.987,79
2026-09-23T12:25:57+10:00,1790130357.947,79
2026-09-23T12:25:59+10:00,1790130359.027,79
2026-09-23T12:25:59+10:00,1790130359.987,79
2026-09-23T12:26:00+10:00,1790130360.947,79
2026-09-23T12:26:02+10:00,1790130362.028,79
2026-09-23T12:26:02+10:00,1790130362.987,79
2026-09-23T12:26:03+10:00,1790130363.947,79
2026-09-23T12:26:05+10:00,1790130365.027,80
2026-09-23T12:26:05+10:00,1790130365.987,80
2026-09-23T12:26:06+10:00,1790130366.947,80
2026-09-23T12:26:08+10:00,1790130368.027,80
2026-09-23T12:26:08+10:00,1790130368.988,80
2026-09-23T12:26:09+10:00,1790130369.947,80
2026-09-23T12:26:11+10:00,1790130371.028,79
2026-09-23T12:26:11+10:00,1790130371.988,79
2026-09-23T12:26:12+10:00,1790130372.947,79
2026-09-23T12:26:14+10:00,1790130374.027,79
2026-09-23T12:26:14+10:00,1790130374.987,79
2026-09-23T12:26:15+10:00,1790130375.947,79
2026-09-23T12:26:17+10:00,1790130377.028,79
2026-09-23T12:26:17+10:00,1790130377.987,79
2026-09-23T12:26:19+10:00,1790130379.188,79
2026-09-23T12:26:20+10:00,1790130380.149,79
2026-09-23T12:26:21+10:00,1790130381.107,80
2026-09-23T12:26:22+10:00,1790130382.188,81
2026-09-23T12:26:23+10:00,1790130383.147,82
2026-09-23T12:26:24+10:00,1790130384.228,82
2026-09-23T12:26:25+10:00,1790130385.187,82
2026-09-23T12:26:26+10:00,1790130386.147,82
2026-09-23T12:26:27+10:00,1790130387.227,79
2026-09-23T12:26:28+10:00,1790130388.187,78
2026-09-23T12:26:29+10:00,1790130389.387,78
2026-09-23T12:26:30+10:00,1790130390.228,78
2026-09-23T12:26:31+10:00,1790130391.188,78
2026-09-23T12:26:32+10:00,1790130392.147,78
2026-09-23T12:26:33+10:00,1790130393.227,78
2026-09-23T12:26:34+10:00,1790130394.427,78
2026-09-23T12:26:35+10:00,1790130395.148,77
2026-09-23T12:26:36+10:00,1790130396.228,77
2026-09-23T12:26:37+10:00,1790130397.187,78
2026-09-23T12:26:38+10:00,1790130398.147,78
2026-09-23T12:26:39+10:00,1790130399.228,79
2026-09-23T12:26:40+10:00,1790130400.188,79
2026-09-23T12:26:41+10:00,1790130401.148,79
2026-09-23T12:26:42+10:00,1790130402.228,79
2026-09-23T12:26:43+10:00,1790130403.187,79
2026-09-23T12:26:44+10:00,1790130404.148,79
2026-09-23T12:26:45+10:00,1790130405.227,78
2026-09-23T12:26:46+10:00,1790130406.188,78
2026-09-23T12:26:47+10:00,1790130407.147,78
2026-09-23T12:26:48+10:00,1790130408.467,78
2026-09-23T12:26:49+10:00,1790130409.187,78
2026-09-23T12:26:50+10:00,1790130410.147,80
2026-09-23T12:26:51+10:00,1790130411.227,82
2026-09-23T12:26:52+10:00,1790130412.187,83
2026-09-23T12:26:53+10:00,1790130413.147,83
2026-09-23T12:26:54+10:00,1790130414.228,83
2026-09-23T12:26:55+10:00,1790130415.188,83
2026-09-23T12:26:56+10:00,1790130416.148,83
2026-09-23T12:26:57+10:00,1790130417.228,83
2026-09-23T12:26:58+10:00,1790130418.188,84
2026-09-23T12:26:59+10:00,1790130419.147,84
2026-09-23T12:27:00+10:00,1790130420.228,84
2026-09-23T12:27:01+10:00,1790130421.188,83
2026-09-23T12:27:02+10:00,1790130422.388,83
2026-09-23T12:27:03+10:00,1790130423.228,83
2026-09-23T12:27:04+10:00,1790130424.188,83
2026-09-23T12:27:05+10:00,1790130425.148,83
2026-09-23T12:27:06+10:00,1790130426.227,83
2026-09-23T12:27:07+10:00,1790130427.428,84
2026-09-23T12:27:08+10:00,1790130428.148,83
2026-09-23T12:27:09+10:00,1790130429.227,84
2026-09-23T12:27:10+10:00,1790130430.187,83
2026-09-23T12:27:11+10:00,1790130431.148,83
2026-09-23T12:27:12+10:00,1790130432.227,83
2026-09-23T12:27:13+10:00,1790130433.188,83
2026-09-23T12:27:14+10:00,1790130434.147,83
2026-09-23T12:27:15+10:00,1790130435.228,83
2026-09-23T12:27:16+10:00,1790130436.429,86
2026-09-23T12:27:17+10:00,1790130437.147,86
2026-09-23T12:27:18+10:00,1790130438.227,86
2026-09-23T12:27:19+10:00,1790130439.188,86
2026-09-23T12:27:20+10:00,1790130440.148,86
2026-09-23T12:27:21+10:00,1790130441.468,86
2026-09-23T12:27:22+10:00,1790130442.187,87
2026-09-23T12:27:23+10:00,1790130443.147,88
2026-09-23T12:27:24+10:00,1790130444.227,88
2026-09-23T12:27:25+10:00,1790130445.188,88
2026-09-23T12:27:26+10:00,1790130446.147,87
2026-09-23T12:27:27+10:00,1790130447.228,87
2026-09-23T12:27:28+10:00,1790130448.188,88
2026-09-23T12:27:29+10:00,1790130449.148,90
2026-09-23T12:27:30+10:00,1790130450.227,90
2026-09-23T12:27:31+10:00,1790130451.188,90
2026-09-23T12:27:32+10:00,1790130452.147,90
2026-09-23T12:27:33+10:00,1790130453.227,90
2026-09-23T12:27:34+10:00,1790130454.187,90
2026-09-23T12:27:35+10:00,1790130455.388,90
2026-09-23T12:27:36+10:00,1790130456.228,90
2026-09-23T12:27:37+10:00,1790130457.188,90
2026-09-23T12:27:38+10:00,1790130458.147,90
2026-09-23T12:27:39+10:00,1790130459.227,90
2026-09-23T12:27:40+10:00,1790130460.188,90
2026-09-23T12:27:41+10:00,1790130461.148,90
2026-09-23T12:27:42+10:00,1790130462.227,90
2026-09-23T12:27:43+10:00,1790130463.188,90
2026-09-23T12:27:44+10:00,1790130464.148,90
2026-09-23T12:27:45+10:00,1790130465.228,90
2026-09-23T12:27:46+10:00,1790130466.188,90
2026-09-23T12:27:47+10:00,1790130467.148,90
2026-09-23T12:27:48+10:00,1790130468.228,90
2026-09-23T12:27:49+10:00,1790130469.427,90
2026-09-23T12:27:50+10:00,1790130470.147,92
2026-09-23T12:27:51+10:00,1790130471.228,92
2026-09-23T12:27:52+10:00,1790130472.188,93
2026-09-23T12:27:53+10:00,1790130473.147,93
2026-09-23T12:27:54+10:00,1790130474.467,93
2026-09-23T12:27:55+10:00,1790130475.188,92
2026-09-23T12:27:56+10:00,1790130476.147,92
2026-09-23T12:27:57+10:00,1790130477.227,92
2026-09-23T12:27:58+10:00,1790130478.188,92
2026-09-23T12:27:59+10:00,1790130479.147,92
2026-09-23T12:28:00+10:00,1790130480.228,92
2026-09-23T12:28:01+10:00,1790130481.188,91
2026-09-23T12:28:02+10:00,1790130482.148,90
2026-09-23T12:28:03+10:00,1790130483.228,90
2026-09-23T12:28:04+10:00,1790130484.187,88
2026-09-23T12:28:05+10:00,1790130485.148,87
2026-09-23T12:28:06+10:00,1790130486.228,87
2026-09-23T12:28:07+10:00,1790130487.188,87
2026-09-23T12:28:08+10:00,1790130488.147,87
2026-09-23T12:28:09+10:00,1790130489.228,88
2026-09-23T12:28:10+10:00,1790130490.189,88
2026-09-23T12:28:11+10:00,1790130491.268,84
2026-09-23T12:28:12+10:00,1790130492.228,84
2026-09-23T12:28:13+10:00,1790130493.188,84
2026-09-23T12:28:14+10:00,1790130494.268,81
2026-09-23T12:28:15+10:00,1790130495.227,79
2026-09-23T12:28:16+10:00,1790130496.188,79
2026-09-23T12:28:17+10:00,1790130497.268,79
2026-09-23T12:28:18+10:00,1790130498.230,79
2026-09-23T12:28:19+10:00,1790130499.191,79
2026-09-23T12:28:20+10:00,1790130500.272,79
2026-09-23T12:28:21+10:00,1790130501.230,77
2026-09-23T12:28:22+10:00,1790130502.428,77
2026-09-23T12:28:23+10:00,1790130503.268,77
2026-09-23T12:28:24+10:00,1790130504.241,77
2026-09-23T12:28:25+10:00,1790130505.188,77
2026-09-23T12:28:26+10:00,1790130506.269,77
2026-09-23T12:28:27+10:00,1790130507.243,77
2026-09-23T12:28:28+10:00,1790130508.218,77
2026-09-23T12:28:29+10:00,1790130509.310,77
2026-09-23T12:28:30+10:00,1790130510.228,77
2026-09-23T12:28:31+10:00,1790130511.192,77
2026-09-23T12:28:32+10:00,1790130512.268,78
2026-09-23T12:28:33+10:00,1790130513.229,78
2026-09-23T12:28:34+10:00,1790130514.196,78
2026-09-23T12:28:35+10:00,1790130515.280,77
2026-09-23T12:28:36+10:00,1790130516.470,77
2026-09-23T12:28:37+10:00,1790130517.188,77
2026-09-23T12:28:38+10:00,1790130518.268,77
2026-09-23T12:28:39+10:00,1790130519.228,77
2026-09-23T12:28:40+10:00,1790130520.188,77
2026-09-23T12:28:41+10:00,1790130521.510,77
2026-09-23T12:28:42+10:00,1790130522.228,77
2026-09-23T12:28:43+10:00,1790130523.188,77
2026-09-23T12:28:44+10:00,1790130524.268,77
2026-09-23T12:28:45+10:00,1790130525.228,77
2026-09-23T12:28:46+10:00,1790130526.188,74
2026-09-23T12:28:47+10:00,1790130527.269,75
2026-09-23T12:28:48+10:00,1790130528.229,75
2026-09-23T12:28:49+10:00,1790130529.189,75
2026-09-23T12:28:50+10:00,1790130530.269,75
2026-09-23T12:28:51+10:00,1790130531.228,77
2026-09-23T12:28:52+10:00,1790130532.190,80
2026-09-23T12:28:53+10:00,1790130533.269,81
2026-09-23T12:28:54+10:00,1790130534.229,81
2026-09-23T12:28:55+10:00,1790130535.428,80
2026-09-23T12:28:56+10:00,1790130536.269,80
2026-09-23T12:28:57+10:00,1790130537.229,80
2026-09-23T12:28:58+10:00,1790130538.191,80
2026-09-23T12:28:59+10:00,1790130539.270,80
2026-09-23T12:29:00+10:00,1790130540.230,80
2026-09-23T12:29:01+10:00,1790130541.192,80
2026-09-23T12:29:02+10:00,1790130542.281,81
2026-09-23T12:29:03+10:00,1790130543.232,80
2026-09-23T12:29:04+10:00,1790130544.191,80
2026-09-23T12:29:05+10:00,1790130545.270,81
2026-09-23T12:29:06+10:00,1790130546.230,81
2026-09-23T12:29:07+10:00,1790130547.191,81
2026-09-23T12:29:08+10:00,1790130548.272,81
2026-09-23T12:29:09+10:00,1790130549.475,83
2026-09-23T12:29:10+10:00,1790130550.189,84
2026-09-23T12:29:11+10:00,1790130551.270,84
2026-09-23T12:29:12+10:00,1790130552.231,84
2026-09-23T12:29:13+10:00,1790130553.192,85
2026-09-23T12:29:14+10:00,1790130554.275,85
2026-09-23T12:29:15+10:00,1790130555.231,85
2026-09-23T12:29:16+10:00,1790130556.191,85
2026-09-23T12:29:17+10:00,1790130557.271,85
2026-09-23T12:29:18+10:00,1790130558.230,85
2026-09-23T12:29:19+10:00,1790130559.189,85
2026-09-23T12:29:20+10:00,1790130560.270,85
2026-09-23T12:29:21+10:00,1790130561.229,85
2026-09-23T12:29:22+10:00,1790130562.311,85
2026-09-23T12:29:23+10:00,1790130563.269,85
2026-09-23T12:29:24+10:00,1790130564.231,85
2026-09-23T12:29:25+10:00,1790130565.310,85
2026-09-23T12:29:26+10:00,1790130566.271,85
2026-09-23T12:29:27+10:00,1790130567.231,85
2026-09-23T12:29:28+10:00,1790130568.554,84
2026-09-23T12:29:29+10:00,1790130569.273,84
2026-09-23T12:29:30+10:00,1790130570.232,84
2026-09-23T12:29:31+10:00,1790130571.316,85
2026-09-23T12:29:32+10:00,1790130572.274,84
2026-09-23T12:29:33+10:00,1790130573.231,84
2026-09-23T12:29:34+10:00,1790130574.310,84
2026-09-23T12:29:35+10:00,1790130575.271,84
2026-09-23T12:29:36+10:00,1790130576.230,84
2026-09-23T12:29:37+10:00,1790130577.310,84
2026-09-23T12:29:38+10:00,1790130578.271,84
2026-09-23T12:29:39+10:00,1790130579.229,84
2026-09-23T12:29:40+10:00,1790130580.309,84
2026-09-23T12:29:41+10:00,1790130581.269,84
2026-09-23T12:29:42+10:00,1790130582.469,84
2026-09-23T12:29:43+10:00,1790130583.308,85
2026-09-23T12:29:44+10:00,1790130584.270,85
2026-09-23T12:29:45+10:00,1790130585.230,85
2026-09-23T12:29:46+10:00,1790130586.309,84
2026-09-23T12:29:47+10:00,1790130587.269,84
2026-09-23T12:29:48+10:00,1790130588.229,84
2026-09-23T12:29:49+10:00,1790130589.309,84
2026-09-23T12:29:50+10:00,1790130590.268,84
2026-09-23T12:29:51+10:00,1790130591.228,84
2026-09-23T12:29:52+10:00,1790130592.309,84
2026-09-23T12:29:53+10:00,1790130593.268,84
2026-09-23T12:29:54+10:00,1790130594.228,84
2026-09-23T12:29:55+10:00,1790130595.308,86
2026-09-23T12:29:56+10:00,1790130596.508,86
2026-09-23T12:29:57+10:00,1790130597.228,86
2026-09-23T12:29:58+10:00,1790130598.308,86
2026-09-23T12:29:59+10:00,1790130599.268,86
2026-09-23T12:30:00+10:00,1790130600.228,86
2026-09-23T12:30:01+10:00,1790130601.550,86
2026-09-23T12:30:02+10:00,1790130602.269,87
2026-09-23T12:30:03+10:00,1790130603.228,88
2026-09-23T12:30:04+10:00,1790130604.311,89
2026-09-23T12:30:05+10:00,1790130605.272,89
2026-09-23T12:30:06+10:00,1790130606.229,89
2026-09-23T12:30:07+10:00,1790130607.309,89
2026-09-23T12:30:08+10:00,1790130608.277,89
2026-09-23T12:30:09+10:00,1790130609.231,90
2026-09-23T12:30:10+10:00,1790130610.311,91
2026-09-23T12:30:11+10:00,1790130611.272,92
2026-09-23T12:30:12+10:00,1790130612.230,92
2026-09-23T12:30:13+10:00,1790130613.310,93
2026-09-23T12:30:14+10:00,1790130614.268,94
2026-09-23T12:30:15+10:00,1790130615.228,95
2026-09-23T12:30:16+10:00,1790130616.308,95
2026-09-23T12:30:17+10:00,1790130617.268,95
2026-09-23T12:30:18+10:00,1790130618.232,95
2026-09-23T12:30:19+10:00,1790130619.310,95
2026-09-23T12:30:20+10:00,1790130620.277,95
2026-09-23T12:30:21+10:00,1790130621.232,95
2026-09-23T12:30:22+10:00,1790130622.310,95
2026-09-23T12:30:23+10:00,1790130623.275,95
2026-09-23T12:30:24+10:00,1790130624.366,95
2026-09-23T12:30:25+10:00,1790130625.315,94
2026-09-23T12:30:26+10:00,1790130626.272,94
2026-09-23T12:30:27+10:00,1790130627.351,93
2026-09-23T12:30:28+10:00,1790130628.310,93
2026-09-23T12:30:29+10:00,1790130629.511,93
2026-09-23T12:30:30+10:00,1790130630.350,93
2026-09-23T12:30:31+10:00,1790130631.311,93
2026-09-23T12:30:32+10:00,1790130632.282,93
2026-09-23T12:30:33+10:00,1790130633.356,93
2026-09-23T12:30:34+10:00,1790130634.311,93
2026-09-23T12:30:35+10:00,1790130635.271,93
2026-09-23T12:30:36+10:00,1790130636.350,93
2026-09-23T12:30:37+10:00,1790130637.311,93
2026-09-23T12:30:38+10:00,1790130638.274,93
2026-09-23T12:30:39+10:00,1790130639.352,93
2026-09-23T12:30:40+10:00,1790130640.312,93
2026-09-23T12:30:41+10:00,1790130641.271,93
2026-09-23T12:30:42+10:00,1790130642.351,93
2026-09-23T12:30:43+10:00,1790130643.553,93
2026-09-23T12:30:44+10:00,1790130644.271,93
2026-09-23T12:30:45+10:00,1790130645.352,93
2026-09-23T12:30:46+10:00,1790130646.316,93
2026-09-23T12:30:47+10:00,1790130647.271,93
2026-09-23T12:30:48+10:00,1790130648.594,93
2026-09-23T12:30:49+10:00,1790130649.311,93
2026-09-23T12:30:50+10:00,1790130650.271,93
2026-09-23T12:30:51+10:00,1790130651.351,93
2026-09-23T12:30:52+10:00,1790130652.312,94
2026-09-23T12:30:53+10:00,1790130653.269,94
2026-09-23T12:30:54+10:00,1790130654.349,94
2026-09-23T12:30:55+10:00,1790130655.309,94
2026-09-23T12:30:56+10:00,1790130656.268,94
2026-09-23T12:30:57+10:00,1790130657.348,94
2026-09-23T12:30:58+10:00,1790130658.309,94
2026-09-23T12:30:59+10:00,1790130659.268,94
2026-09-23T12:31:00+10:00,1790130660.349,93
2026-09-23T12:31:01+10:00,1790130661.309,93
2026-09-23T12:31:02+10:00,1790130662.509,93
2026-09-23T12:31:03+10:00,1790130663.348,93
2026-09-23T12:31:04+10:00,1790130664.309,93
2026-09-23T12:31:05+10:00,1790130665.269,93
2026-09-23T12:31:06+10:00,1790130666.348,93
2026-09-23T12:31:07+10:00,1790130667.308,93
2026-09-23T12:31:08+10:00,1790130668.269,93
2026-09-23T12:31:09+10:00,1790130669.349,93
2026-09-23T12:31:10+10:00,1790130670.308,91
2026-09-23T12:31:11+10:00,1790130671.268,90
2026-09-23T12:31:12+10:00,1790130672.349,90
2026-09-23T12:31:13+10:00,1790130673.308,90
2026-09-23T12:31:14+10:00,1790130674.268,90
2026-09-23T12:31:15+10:00,1790130675.348,90
2026-09-23T12:31:16+10:00,1790130676.549,90
2026-09-23T12:31:17+10:00,1790130677.268,90
2026-09-23T12:31:18+10:00,1790130678.349,90
2026-09-23T12:31:19+10:00,1790130679.309,90
2026-09-23T12:31:20+10:00,1790130680.269,89
2026-09-23T12:31:21+10:00,1790130681.348,89
2026-09-23T12:31:22+10:00,1790130682.309,89
2026-09-23T12:31:23+10:00,1790130683.269,89
2026-09-23T12:31:24+10:00,1790130684.349,89
2026-09-23T12:31:25+10:00,1790130685.309,89
2026-09-23T12:31:26+10:00,1790130686.268,89
2026-09-23T12:31:27+10:00,1790130687.349,90
2026-09-23T12:31:28+10:00,1790130688.309,89
2026-09-23T12:31:29+10:00,1790130689.389,89
2026-09-23T12:31:30+10:00,1790130690.588,89
2026-09-23T12:31:31+10:00,1790130691.309,89
2026-09-23T12:31:32+10:00,1790130692.389,89
2026-09-23T12:31:33+10:00,1790130693.349,89
2026-09-23T12:31:34+10:00,1790130694.309,89
2026-09-23T12:31:35+10:00,1790130695.629,89
2026-09-23T12:31:36+10:00,1790130696.349,89
2026-09-23T12:31:37+10:00,1790130697.309,89
2026-09-23T12:31:38+10:00,1790130698.389,85
2026-09-23T12:31:39+10:00,1790130699.348,82
2026-09-23T12:31:40+10:00,1790130700.309,82
2026-09-23T12:31:41+10:00,1790130701.388,82
2026-09-23T12:31:42+10:00,1790130702.349,82
2026-09-23T12:31:43+10:00,1790130703.309,82
2026-09-23T12:31:44+10:00,1790130704.389,83
2026-09-23T12:31:45+10:00,1790130705.349,83
2026-09-23T12:31:46+10:00,1790130706.309,83
2026-09-23T12:31:47+10:00,1790130707.390,83
2026-09-23T12:31:48+10:00,1790130708.349,83
2026-09-23T12:31:49+10:00,1790130709.549,83
2026-09-23T12:31:50+10:00,1790130710.389,83
2026-09-23T12:31:51+10:00,1790130711.349,83
2026-09-23T12:31:52+10:00,1790130712.309,83
2026-09-23T12:31:53+10:00,1790130713.389,86
2026-09-23T12:31:54+10:00,1790130714.349,85
2026-09-23T12:31:55+10:00,1790130715.309,85
2026-09-23T12:31:56+10:00,1790130716.389,88
2026-09-23T12:31:57+10:00,1790130717.348,91
2026-09-23T12:31:58+10:00,1790130718.309,91
2026-09-23T12:31:59+10:00,1790130719.390,91
2026-09-23T12:32:00+10:00,1790130720.349,91
2026-09-23T12:32:01+10:00,1790130721.309,91
2026-09-23T12:32:02+10:00,1790130722.389,91
2026-09-23T12:32:03+10:00,1790130723.589,91
2026-09-23T12:32:04+10:00,1790130724.309,91
2026-09-23T12:32:05+10:00,1790130725.389,91
2026-09-23T12:32:06+10:00,1790130726.349,91
2026-09-23T12:32:07+10:00,1790130727.309,91
2026-09-23T12:32:08+10:00,1790130728.629,91
2026-09-23T12:32:09+10:00,1790130729.349,91
2026-09-23T12:32:10+10:00,1790130730.309,91
2026-09-23T12:32:11+10:00,1790130731.389,91
2026-09-23T12:32:12+10:00,1790130732.349,92
2026-09-23T12:32:13+10:00,1790130733.309,92
2026-09-23T12:32:14+10:00,1790130734.389,92
2026-09-23T12:32:15+10:00,1790130735.349,92
2026-09-23T12:32:16+10:00,1790130736.309,92
2026-09-23T12:32:17+10:00,1790130737.389,92
2026-09-23T12:32:18+10:00,1790130738.349,92
2026-09-23T12:32:19+10:00,1790130739.309,92
2026-09-23T12:32:20+10:00,1790130740.389,90
2026-09-23T12:32:21+10:00,1790130741.349,90
2026-09-23T12:32:22+10:00,1790130742.309,90
2026-09-23T12:32:23+10:00,1790130743.389,90
2026-09-23T12:32:24+10:00,1790130744.349,90
2026-09-23T12:32:25+10:00,1790130745.309,90
2026-09-23T12:32:26+10:00,1790130746.389,90
2026-09-23T12:32:27+10:00,1790130747.349,90
2026-09-23T12:32:28+10:00,1790130748.309,90
2026-09-23T12:32:29+10:00,1790130749.389,90
2026-09-23T12:32:30+10:00,1790130750.349,90
2026-09-23T12:32:31+10:00,1790130751.309,90
2026-09-23T12:32:32+10:00,1790130752.389,90
2026-09-23T12:32:33+10:00,1790130753.349,90
2026-09-23T12:32:34+10:00,1790130754.309,90
2026-09-23T12:32:35+10:00,1790130755.389,91
2026-09-23T12:32:36+10:00,1790130756.589,92
2026-09-23T12:32:37+10:00,1790130757.309,92
2026-09-23T12:32:38+10:00,1790130758.389,92
2026-09-23T12:32:39+10:00,1790130759.349,92
2026-09-23T12:32:40+10:00,1790130760.309,92
2026-09-23T12:32:41+10:00,1790130761.389,92
2026-09-23T12:32:42+10:00,1790130762.349,92
2026-09-23T12:32:43+10:00,1790130763.309,92
2026-09-23T12:32:44+10:00,1790130764.389,92
2026-09-23T12:32:45+10:00,1790130765.349,92
2026-09-23T12:32:46+10:00,1790130766.309,93
2026-09-23T12:32:47+10:00,1790130767.389,93
2026-09-23T12:32:48+10:00,1790130768.350,93
2026-09-23T12:32:49+10:00,1790130769.429,93
2026-09-23T12:32:50+10:00,1790130770.630,93
2026-09-23T12:32:51+10:00,1790130771.351,93
2026-09-23T12:32:52+10:00,1790130772.430,93
2026-09-23T12:32:53+10:00,1790130773.391,93
2026-09-23T12:32:54+10:00,1790130774.350,93
2026-09-23T12:32:55+10:00,1790130775.310,93
2026-09-23T12:32:56+10:00,1790130776.390,93
2026-09-23T12:32:57+10:00,1790130777.350,93
2026-09-23T12:32:58+10:00,1790130778.429,93
2026-09-23T12:32:59+10:00,1790130779.390,95
2026-09-23T12:33:00+10:00,1790130780.349,96
2026-09-23T12:33:01+10:00,1790130781.429,96
2026-09-23T12:33:02+10:00,1790130782.389,96
2026-09-23T12:33:03+10:00,1790130783.349,96
2026-09-23T12:33:04+10:00,1790130784.429,96
2026-09-23T12:33:05+10:00,1790130785.389,97
2026-09-23T12:33:06+10:00,1790130786.349,97
2026-09-23T12:33:07+10:00,1790130787.429,97
2026-09-23T12:33:08+10:00,1790130788.389,97
2026-09-23T12:33:09+10:00,1790130789.589,97
2026-09-23T12:33:10+10:00,1790130790.429,96
2026-09-23T12:33:11+10:00,1790130791.389,96
2026-09-23T12:33:12+10:00,1790130792.349,95
2026-09-23T12:33:13+10:00,1790130793.429,95
2026-09-23T12:33:14+10:00,1790130794.389,94
2026-09-23T12:33:15+10:00,1790130795.349,93
2026-09-23T12:33:16+10:00,1790130796.429,93
2026-09-23T12:33:17+10:00,1790130797.389,93
2026-09-23T12:33:18+10:00,1790130798.349,92
2026-09-23T12:33:19+10:00,1790130799.429,92
2026-09-23T12:33:20+10:00,1790130800.389,92
2026-09-23T12:33:21+10:00,1790130801.349,92
2026-09-23T12:33:22+10:00,1790130802.429,92
2026-09-23T12:33:23+10:00,1790130803.629,91
2026-09-23T12:33:24+10:00,1790130804.349,91
2026-09-23T12:33:25+10:00,1790130805.429,91
2026-09-23T12:33:26+10:00,1790130806.389,91
2026-09-23T12:33:27+10:00,1790130807.349,91
2026-09-23T12:33:28+10:00,1790130808.430,91
2026-09-23T12:33:29+10:00,1790130809.389,91
2026-09-23T12:33:30+10:00,1790130810.349,91
2026-09-23T12:33:31+10:00,1790130811.429,91
2026-09-23T12:33:32+10:00,1790130812.390,93
2026-09-23T12:33:33+10:00,1790130813.350,93
2026-09-23T12:33:34+10:00,1790130814.430,93
2026-09-23T12:33:35+10:00,1790130815.390,93
2026-09-23T12:33:36+10:00,1790130816.350,93
2026-09-23T12:33:37+10:00,1790130817.429,93
2026-09-23T12:33:38+10:00,1790130818.389,93
2026-09-23T12:33:39+10:00,1790130819.349,94
2026-09-23T12:33:40+10:00,1790130820.430,93
2026-09-23T12:33:41+10:00,1790130821.390,90
2026-09-23T12:33:42+10:00,1790130822.350,90
2026-09-23T12:33:43+10:00,1790130823.429,90
2026-09-23T12:33:44+10:00,1790130824.389,89
2026-09-23T12:33:45+10:00,1790130825.349,89
2026-09-23T12:33:46+10:00,1790130826.429,91
2026-09-23T12:33:47+10:00,1790130827.389,91
2026-09-23T12:33:48+10:00,1790130828.349,91
2026-09-23T12:33:49+10:00,1790130829.430,91
2026-09-23T12:33:50+10:00,1790130830.389,90
2026-09-23T12:33:51+10:00,1790130831.349,90
2026-09-23T12:33:52+10:00,1790130832.431,91
2026-09-23T12:33:53+10:00,1790130833.389,92
2026-09-23T12:33:54+10:00,1790130834.349,92
2026-09-23T12:33:55+10:00,1790130835.429,92
2026-09-23T12:33:56+10:00,1790130836.630,92
2026-09-23T12:33:57+10:00,1790130837.350,91
2026-09-23T12:33:58+10:00,1790130838.429,91
2026-09-23T12:33:59+10:00,1790130839.391,91
2026-09-23T12:34:00+10:00,1790130840.349,91
2026-09-23T12:34:01+10:00,1790130841.429,91
2026-09-23T12:34:02+10:00,1790130842.389,91
2026-09-23T12:34:03+10:00,1790130843.349,89
2026-09-23T12:34:04+10:00,1790130844.429,89
2026-09-23T12:34:05+10:00,1790130845.389,89
2026-09-23T12:34:06+10:00,1790130846.349,89
2026-09-23T12:34:07+10:00,1790130847.429,89
2026-09-23T12:34:08+10:00,1790130848.389,89
2026-09-23T12:34:09+10:00,1790130849.349,89
2026-09-23T12:34:10+10:00,1790130850.429,88
2026-09-23T12:34:11+10:00,1790130851.390,88
2026-09-23T12:34:12+10:00,1790130852.350,88
2026-09-23T12:34:13+10:00,1790130853.430,88
2026-09-23T12:34:14+10:00,1790130854.390,88
2026-09-23T12:34:15+10:00,1790130855.350,89
2026-09-23T12:34:16+10:00,1790130856.430,89
2026-09-23T12:34:17+10:00,1790130857.390,89
2026-09-23T12:34:18+10:00,1790130858.349,89
2026-09-23T12:34:19+10:00,1790130859.435,89
2026-09-23T12:34:20+10:00,1790130860.389,89
2026-09-23T12:34:21+10:00,1790130861.352,89
2026-09-23T12:34:22+10:00,1790130862.433,89
2026-09-23T12:34:23+10:00,1790130863.392,89
2026-09-23T12:34:24+10:00,1790130864.352,89
2026-09-23T12:34:25+10:00,1790130865.430,89
2026-09-23T12:34:26+10:00,1790130866.395,89
2026-09-23T12:34:27+10:00,1790130867.353,88
2026-09-23T12:34:28+10:00,1790130868.434,87
2026-09-23T12:34:29+10:00,1790130869.392,87
2026-09-23T12:34:30+10:00,1790130870.352,87
2026-09-23T12:34:31+10:00,1790130871.430,87
2026-09-23T12:34:32+10:00,1790130872.390,87
2026-09-23T12:34:33+10:00,1790130873.350,88
2026-09-23T12:34:34+10:00,1790130874.430,88
2026-09-23T12:34:35+10:00,1790130875.390,88
2026-09-23T12:34:36+10:00,1790130876.350,87
2026-09-23T12:34:37+10:00,1790130877.429,87
2026-09-23T12:34:38+10:00,1790130878.390,87
2026-09-23T12:34:39+10:00,1790130879.350,87
2026-09-23T12:34:40+10:00,1790130880.430,87
2026-09-23T12:34:41+10:00,1790130881.393,87
2026-09-23T12:34:42+10:00,1790130882.349,87
2026-09-23T12:34:43+10:00,1790130883.431,87
2026-09-23T12:34:44+10:00,1790130884.393,87
2026-09-23T12:34:45+10:00,1790130885.354,87
2026-09-23T12:34:46+10:00,1790130886.432,88
2026-09-23T12:34:47+10:00,1790130887.392,87
2026-09-23T12:34:48+10:00,1790130888.351,87
2026-09-23T12:34:49+10:00,1790130889.433,87
2026-09-23T12:34:50+10:00,1790130890.394,87
2026-09-23T12:34:51+10:00,1790130891.353,87
2026-09-23T12:34:52+10:00,1790130892.431,87
2026-09-23T12:34:53+10:00,1790130893.390,87
2026-09-23T12:34:54+10:00,1790130894.350,87
2026-09-23T12:34:55+10:00,1790130895.430,87
2026-09-23T12:34:56+10:00,1790130896.392,88
2026-09-23T12:34:57+10:00,1790130897.470,88
2026-09-23T12:34:58+10:00,1790130898.430,88
2026-09-23T12:34:59+10:00,1790130899.390,87
2026-09-23T12:35:00+10:00,1790130900.470,87
2026-09-23T12:35:01+10:00,1790130901.430,87
2026-09-23T12:35:02+10:00,1790130902.390,87
2026-09-23T12:35:03+10:00,1790130903.470,87
2026-09-23T12:35:04+10:00,1790130904.430,87
2026-09-23T12:35:05+10:00,1790130905.391,87
2026-09-23T12:35:06+10:00,1790130906.470,88
2026-09-23T12:35:07+10:00,1790130907.430,88
2026-09-23T12:35:08+10:00,1790130908.390,89
2026-09-23T12:35:09+10:00,1790130909.470,89
2026-09-23T12:35:10+10:00,1790130910.430,89
2026-09-23T12:35:11+10:00,1790130911.390,89
2026-09-23T12:35:12+10:00,1790130912.470,89
2026-09-23T12:35:13+10:00,1790130913.430,89
2026-09-23T12:35:14+10:00,1790130914.390,89
2026-09-23T12:35:15+10:00,1790130915.470,89
2026-09-23T12:35:16+10:00,1790130916.670,89
2026-09-23T12:35:17+10:00,1790130917.390,89
2026-09-23T12:35:18+10:00,1790130918.470,88
2026-09-23T12:35:19+10:00,1790130919.430,88
2026-09-23T12:35:20+10:00,1790130920.390,87
2026-09-23T12:35:21+10:00,1790130921.470,87
2026-09-23T12:35:22+10:00,1790130922.430,87
2026-09-23T12:35:23+10:00,1790130923.390,87
2026-09-23T12:35:24+10:00,1790130924.470,87
2026-09-23T12:35:25+10:00,1790130925.430,87
2026-09-23T12:35:26+10:00,1790130926.390,87
2026-09-23T12:35:27+10:00,1790130927.470,87
2026-09-23T12:35:28+10:00,1790130928.430,87
2026-09-23T12:35:29+10:00,1790130929.390,87
2026-09-23T12:35:30+10:00,1790130930.470,89
2026-09-23T12:35:31+10:00,1790130931.430,89
2026-09-23T12:35:32+10:00,1790130932.390,91
2026-09-23T12:35:33+10:00,1790130933.471,91
2026-09-23T12:35:34+10:00,1790130934.430,92
2026-09-23T12:35:35+10:00,1790130935.391,92
2026-09-23T12:35:36+10:00,1790130936.470,92
2026-09-23T12:35:37+10:00,1790130937.430,92
2026-09-23T12:35:38+10:00,1790130938.510,92
2026-09-23T12:35:39+10:00,1790130939.470,92
2026-09-23T12:35:40+10:00,1790130940.431,92
2026-09-23T12:35:41+10:00,1790130941.510,92
2026-09-23T12:35:42+10:00,1790130942.470,92
2026-09-23T12:35:43+10:00,1790130943.430,92
2026-09-23T12:35:44+10:00,1790130944.511,92
2026-09-23T12:35:45+10:00,1790130945.470,92
2026-09-23T12:35:46+10:00,1790130946.432,92
2026-09-23T12:35:47+10:00,1790130947.512,92
2026-09-23T12:35:48+10:00,1790130948.480,92
2026-09-23T12:35:49+10:00,1790130949.434,92
2026-09-23T12:35:50+10:00,1790130950.512,92
2026-09-23T12:35:51+10:00,1790130951.472,92
2026-09-23T12:35:52+10:00,1790130952.432,92
2026-09-23T12:35:53+10:00,1790130953.512,93
2026-09-23T12:35:54+10:00,1790130954.472,90
2026-09-23T12:35:55+10:00,1790130955.431,90
2026-09-23T12:35:56+10:00,1790130956.517,87
2026-09-23T12:35:57+10:00,1790130957.473,84
2026-09-23T12:35:58+10:00,1790130958.444,83
2026-09-23T12:35:59+10:00,1790130959.512,83
2026-09-23T12:36:00+10:00,1790130960.477,84
2026-09-23T12:36:01+10:00,1790130961.432,84
2026-09-23T12:36:02+10:00,1790130962.514,84
2026-09-23T12:36:03+10:00,1790130963.712,83
2026-09-23T12:36:04+10:00,1790130964.431,83
2026-09-23T12:36:05+10:00,1790130965.513,83
2026-09-23T12:36:06+10:00,1790130966.481,83
2026-09-23T12:36:07+10:00,1790130967.432,83
2026-09-23T12:36:08+10:00,1790130968.512,83
2026-09-23T12:36:09+10:00,1790130969.470,86
2026-09-23T12:36:10+10:00,1790130970.431,87
2026-09-23T12:36:11+10:00,1790130971.510,86
2026-09-23T12:36:12+10:00,1790130972.470,86
2026-09-23T12:36:13+10:00,1790130973.430,86
2026-09-23T12:36:14+10:00,1790130974.510,86
2026-09-23T12:36:15+10:00,1790130975.470,86
2026-09-23T12:36:16+10:00,1790130976.430,86
2026-09-23T12:36:17+10:00,1790130977.510,86
2026-09-23T12:36:18+10:00,1790130978.470,86
2026-09-23T12:36:19+10:00,1790130979.430,86
2026-09-23T12:36:20+10:00,1790130980.510,86
2026-09-23T12:36:21+10:00,1790130981.470,86
2026-09-23T12:36:22+10:00,1790130982.430,87
2026-09-23T12:36:23+10:00,1790130983.510,87
2026-09-23T12:36:24+10:00,1790130984.470,87
2026-09-23T12:36:25+10:00,1790130985.430,87
2026-09-23T12:36:26+10:00,1790130986.510,86
2026-09-23T12:36:27+10:00,1790130987.470,86
2026-09-23T12:36:28+10:00,1790130988.430,84
2026-09-23T12:36:29+10:00,1790130989.510,83
2026-09-23T12:36:30+10:00,1790130990.471,83
2026-09-23T12:36:31+10:00,1790130991.431,83
2026-09-23T12:36:32+10:00,1790130992.510,83
2026-09-23T12:36:33+10:00,1790130993.470,83
2026-09-23T12:36:34+10:00,1790130994.430,83
2026-09-23T12:36:35+10:00,1790130995.510,83
2026-09-23T12:36:36+10:00,1790130996.470,83
2026-09-23T12:36:37+10:00,1790130997.430,83
2026-09-23T12:36:38+10:00,1790130998.510,84
2026-09-23T12:36:39+10:00,1790130999.470,81
2026-09-23T12:36:40+10:00,1790131000.430,80
2026-09-23T12:36:41+10:00,1790131001.510,80
2026-09-23T12:36:42+10:00,1790131002.470,81
2026-09-23T12:36:43+10:00,1790131003.430,81
2026-09-23T12:36:44+10:00,1790131004.510,81
2026-09-23T12:36:45+10:00,1790131005.470,81
2026-09-23T12:36:46+10:00,1790131006.430,81
2026-09-23T12:36:47+10:00,1790131007.510,80
2026-09-23T12:36:48+10:00,1790131008.470,81
2026-09-23T12:36:49+10:00,1790131009.430,81
2026-09-23T12:36:50+10:00,1790131010.510,81
2026-09-23T12:36:51+10:00,1790131011.470,82
2026-09-23T12:36:52+10:00,1790131012.430,82
2026-09-23T12:36:53+10:00,1790131013.510,81
2026-09-23T12:36:54+10:00,1790131014.471,81
2026-09-23T12:36:55+10:00,1790131015.430,81
2026-09-23T12:36:56+10:00,1790131016.510,81
2026-09-23T12:36:57+10:00,1790131017.470,81
2026-09-23T12:36:58+10:00,1790131018.430,81
2026-09-23T12:36:59+10:00,1790131019.510,81
2026-09-23T12:37:00+10:00,1790131020.470,81
2026-09-23T12:37:01+10:00,1790131021.430,81
2026-09-23T12:37:02+10:00,1790131022.510,81
2026-09-23T12:37:03+10:00,1790131023.470,80
2026-09-23T12:37:04+10:00,1790131024.430,80
2026-09-23T12:37:05+10:00,1790131025.510,80
2026-09-23T12:37:06+10:00,1790131026.470,80
2026-09-23T12:37:07+10:00,1790131027.550,80
2026-09-23T12:37:08+10:00,1790131028.510,80
2026-09-23T12:37:09+10:00,1790131029.470,81
2026-09-23T12:37:10+10:00,1790131030.550,81
2026-09-23T12:37:11+10:00,1790131031.510,82
2026-09-23T12:37:12+10:00,1790131032.470,82
2026-09-23T12:37:13+10:00,1790131033.550,82
2026-09-23T12:37:14+10:00,1790131034.510,82
2026-09-23T12:37:15+10:00,1790131035.470,81
2026-09-23T12:37:16+10:00,1790131036.550,81
2026-09-23T12:37:17+10:00,1790131037.510,81
2026-09-23T12:37:18+10:00,1790131038.470,81
2026-09-23T12:37:19+10:00,1790131039.550,81
2026-09-23T12:37:20+10:00,1790131040.510,83
2026-09-23T12:37:21+10:00,1790131041.471,85
2026-09-23T12:37:22+10:00,1790131042.550,85
2026-09-23T12:37:23+10:00,1790131043.750,85
2026-09-23T12:37:24+10:00,1790131044.471,85
2026-09-23T12:37:25+10:00,1790131045.550,85
2026-09-23T12:37:26+10:00,1790131046.510,85
2026-09-23T12:37:27+10:00,1790131047.470,85
2026-09-23T12:37:28+10:00,1790131048.550,85
2026-09-23T12:37:29+10:00,1790131049.510,85
2026-09-23T12:37:30+10:00,1790131050.470,85
2026-09-23T12:37:31+10:00,1790131051.550,85
2026-09-23T12:37:32+10:00,1790131052.510,85
2026-09-23T12:37:33+10:00,1790131053.470,85
2026-09-23T12:37:34+10:00,1790131054.550,85
2026-09-23T12:37:35+10:00,1790131055.510,85
2026-09-23T12:37:36+10:00,1790131056.470,85
2026-09-23T12:37:37+10:00,1790131057.550,85
2026-09-23T12:37:38+10:00,1790131058.510,85
2026-09-23T12:37:39+10:00,1790131059.470,85
2026-09-23T12:37:40+10:00,1790131060.550,86
2026-09-23T12:37:41+10:00,1790131061.510,85
2026-09-23T12:37:42+10:00,1790131062.470,85
2026-09-23T12:37:43+10:00,1790131063.550,85
2026-09-23T12:37:44+10:00,1790131064.510,82
2026-09-23T12:37:45+10:00,1790131065.470,82
2026-09-23T12:37:46+10:00,1790131066.552,82
2026-09-23T12:37:47+10:00,1790131067.511,82
2026-09-23T12:37:48+10:00,1790131068.470,82
2026-09-23T12:37:49+10:00,1790131069.551,82
2026-09-23T12:37:50+10:00,1790131070.510,82
2026-09-23T12:37:51+10:00,1790131071.471,81
2026-09-23T12:37:52+10:00,1790131072.550,81
2026-09-23T12:37:53+10:00,1790131073.510,81
2026-09-23T12:37:54+10:00,1790131074.471,81
2026-09-23T12:37:55+10:00,1790131075.550,81
2026-09-23T12:37:56+10:00,1790131076.510,81
2026-09-23T12:37:57+10:00,1790131077.471,82
2026-09-23T12:37:58+10:00,1790131078.550,82
2026-09-23T12:37:59+10:00,1790131079.511,82
2026-09-23T12:38:00+10:00,1790131080.472,82
2026-09-23T12:38:01+10:00,1790131081.552,82
2026-09-23T12:38:02+10:00,1790131082.511,84
2026-09-23T12:38:03+10:00,1790131083.470,85
2026-09-23T12:38:04+10:00,1790131084.550,86
2026-09-23T12:38:05+10:00,1790131085.511,86
2026-09-23T12:38:06+10:00,1790131086.470,86
2026-09-23T12:38:07+10:00,1790131087.550,86
2026-09-23T12:38:08+10:00,1790131088.510,86
2026-09-23T12:38:09+10:00,1790131089.470,86
2026-09-23T12:38:10+10:00,1790131090.550,86
2026-09-23T12:38:11+10:00,1790131091.510,86
2026-09-23T12:38:12+10:00,1790131092.471,86
2026-09-23T12:38:13+10:00,1790131093.551,86
2026-09-23T12:38:14+10:00,1790131094.511,86
2026-09-23T12:38:15+10:00,1790131095.471,87
2026-09-23T12:38:16+10:00,1790131096.550,87
2026-09-23T12:38:17+10:00,1790131097.511,87
2026-09-23T12:38:18+10:00,1790131098.470,86
2026-09-23T12:38:19+10:00,1790131099.550,86
2026-09-23T12:38:20+10:00,1790131100.510,86
2026-09-23T12:38:21+10:00,1790131101.470,86
2026-09-23T12:38:22+10:00,1790131102.550,86
2026-09-23T12:38:23+10:00,1790131103.511,86
2026-09-23T12:38:24+10:00,1790131104.470,86
2026-09-23T12:38:25+10:00,1790131105.551,86
2026-09-23T12:38:26+10:00,1790131106.511,86
2026-09-23T12:38:27+10:00,1790131107.471,90
2026-09-23T12:38:28+10:00,1790131108.551,94
2026-09-23T12:38:29+10:00,1790131109.511,93
2026-09-23T12:38:30+10:00,1790131110.471,93
2026-09-23T12:38:31+10:00,1790131111.551,93
2026-09-23T12:38:32+10:00,1790131112.510,94
2026-09-23T12:38:33+10:00,1790131113.591,95
2026-09-23T12:38:34+10:00,1790131114.550,96
2026-09-23T12:38:35+10:00,1790131115.511,96
2026-09-23T12:38:36+10:00,1790131116.590,96
2026-09-23T12:38:37+10:00,1790131117.550,96
2026-09-23T12:38:38+10:00,1790131118.510,96
2026-09-23T12:38:39+10:00,1790131119.591,94
2026-09-23T12:38:40+10:00,1790131120.551,94
2026-09-23T12:38:41+10:00,1790131121.511,95
2026-09-23T12:38:42+10:00,1790131122.591,95
2026-09-23T12:38:43+10:00,1790131123.791,95
2026-09-23T12:38:44+10:00,1790131124.511,95
2026-09-23T12:38:45+10:00,1790131125.590,95
2026-09-23T12:38:46+10:00,1790131126.551,98
2026-09-23T12:38:47+10:00,1790131127.510,99
2026-09-23T12:38:48+10:00,1790131128.590,99
2026-09-23T12:38:49+10:00,1790131129.551,99
2026-09-23T12:38:50+10:00,1790131130.512,99
2026-09-23T12:38:51+10:00,1790131131.591,98
2026-09-23T12:38:52+10:00,1790131132.551,97
2026-09-23T12:38:53+10:00,1790131133.510,97
2026-09-23T12:38:54+10:00,1790131134.591,97
2026-09-23T12:38:55+10:00,1790131135.551,97
2026-09-23T12:38:56+10:00,1790131136.511,97
2026-09-23T12:38:57+10:00,1790131137.591,97
2026-09-23T12:38:58+10:00,1790131138.551,97
2026-09-23T12:38:59+10:00,1790131139.511,95
2026-09-23T12:39:00+10:00,1790131140.591,94
2026-09-23T12:39:01+10:00,1790131141.551,94
2026-09-23T12:39:02+10:00,1790131142.511,94
2026-09-23T12:39:03+10:00,1790131143.590,93
2026-09-23T12:39:04+10:00,1790131144.551,93
2026-09-23T12:39:05+10:00,1790131145.511,93
2026-09-23T12:39:06+10:00,1790131146.591,93
2026-09-23T12:39:07+10:00,1790131147.551,93
2026-09-23T12:39:08+10:00,1790131148.511,93
2026-09-23T12:39:09+10:00,1790131149.592,93
2026-09-23T12:39:10+10:00,1790131150.552,90
2026-09-23T12:39:11+10:00,1790131151.511,88
2026-09-23T12:39:12+10:00,1790131152.591,87
2026-09-23T12:39:13+10:00,1790131153.551,87
2026-09-23T12:39:14+10:00,1790131154.512,87
2026-09-23T12:39:15+10:00,1790131155.592,87
2026-09-23T12:39:16+10:00,1790131156.552,87
2026-09-23T12:39:17+10:00,1790131157.511,86
2026-09-23T12:39:18+10:00,1790131158.591,84
2026-09-23T12:39:19+10:00,1790131159.552,84
2026-09-23T12:39:20+10:00,1790131160.512,84
2026-09-23T12:39:21+10:00,1790131161.592,84
2026-09-23T12:39:22+10:00,1790131162.551,84
2026-09-23T12:39:23+10:00,1790131163.511,84
2026-09-23T12:39:24+10:00,1790131164.592,84
2026-09-23T12:39:25+10:00,1790131165.551,84
2026-09-23T12:39:26+10:00,1790131166.511,84
2026-09-23T12:39:27+10:00,1790131167.592,83
2026-09-23T12:39:28+10:00,1790131168.552,84
2026-09-23T12:39:29+10:00,1790131169.511,84
2026-09-23T12:39:30+10:00,1790131170.591,84
2026-09-23T12:39:31+10:00,1790131171.551,84
2026-09-23T12:39:32+10:00,1790131172.512,84
2026-09-23T12:39:33+10:00,1790131173.592,84
2026-09-23T12:39:34+10:00,1790131174.551,84
2026-09-23T12:39:35+10:00,1790131175.511,84
2026-09-23T12:39:36+10:00,1790131176.591,84
2026-09-23T12:39:37+10:00,1790131177.552,84
2026-09-23T12:39:38+10:00,1790131178.512,84
2026-09-23T12:39:39+10:00,1790131179.591,84
2026-09-23T12:39:40+10:00,1790131180.551,84
2026-09-23T12:39:41+10:00,1790131181.511,84
2026-09-23T12:39:42+10:00,1790131182.591,84
2026-09-23T12:39:43+10:00,1790131183.551,84
2026-09-23T12:39:44+10:00,1790131184.511,84
2026-09-23T12:39:45+10:00,1790131185.591,84
2026-09-23T12:39:46+10:00,1790131186.551,84
2026-09-23T12:39:47+10:00,1790131187.511,84
2026-09-23T12:39:48+10:00,1790131188.591,84
2026-09-23T12:39:49+10:00,1790131189.551,84
2026-09-23T12:39:50+10:00,1790131190.511,85
2026-09-23T12:39:51+10:00,1790131191.591,85
2026-09-23T12:39:52+10:00,1790131192.551,85
2026-09-23T12:39:53+10:00,1790131193.511,85
2026-09-23T12:39:54+10:00,1790131194.591,85
2026-09-23T12:39:55+10:00,1790131195.551,85
2026-09-23T12:39:56+10:00,1790131196.511,85
2026-09-23T12:39:57+10:00,1790131197.591,85
2026-09-23T12:39:58+10:00,1790131198.551,85
2026-09-23T12:39:59+10:00,1790131199.511,82
2026-09-23T12:40:00+10:00,1790131200.591,82
2026-09-23T12:40:01+10:00,1790131201.551,82
2026-09-23T12:40:02+10:00,1790131202.511,82
2026-09-23T12:40:03+10:00,1790131203.591,82
2026-09-23T12:40:04+10:00,1790131204.551,82
2026-09-23T12:40:05+10:00,1790131205.511,82
2026-09-23T12:40:06+10:00,1790131206.591,81
2026-09-23T12:40:07+10:00,1790131207.551,81
2026-09-23T12:40:08+10:00,1790131208.511,81
2026-09-23T12:40:09+10:00,1790131209.591,81
2026-09-23T12:40:10+10:00,1790131210.551,81
2026-09-23T12:40:11+10:00,1790131211.512,79
2026-09-23T12:40:12+10:00,1790131212.591,79
2026-09-23T12:40:13+10:00,1790131213.551,79
2026-09-23T12:40:14+10:00,1790131214.511,79
2026-09-23T12:40:15+10:00,1790131215.591,79
2026-09-23T12:40:16+10:00,1790131216.551,79
2026-09-23T12:40:17+10:00,1790131217.511,79
2026-09-23T12:40:18+10:00,1790131218.591,79
2026-09-23T12:40:19+10:00,1790131219.551,79
2026-09-23T12:40:20+10:00,1790131220.511,79
2026-09-23T12:40:21+10:00,1790131221.592,79
2026-09-23T12:40:22+10:00,1790131222.551,79
2026-09-23T12:40:23+10:00,1790131223.511,80
2026-09-23T12:40:24+10:00,1790131224.591,80
2026-09-23T12:40:25+10:00,1790131225.551,80
2026-09-23T12:40:26+10:00,1790131226.511,79
2026-09-23T12:40:27+10:00,1790131227.591,79
2026-09-23T12:40:28+10:00,1790131228.551,81
2026-09-23T12:40:29+10:00,1790131229.511,82
2026-09-23T12:40:30+10:00,1790131230.592,82
2026-09-23T12:40:31+10:00,1790131231.551,82
2026-09-23T12:40:32+10:00,1790131232.511,82
2026-09-23T12:40:33+10:00,1790131233.591,82
2026-09-23T12:40:34+10:00,1790131234.551,82
2026-09-23T12:40:35+10:00,1790131235.511,83
2026-09-23T12:40:36+10:00,1790131236.591,83
2026-09-23T12:40:37+10:00,1790131237.551,83
2026-09-23T12:40:38+10:00,1790131238.511,82
2026-09-23T12:40:39+10:00,1790131239.591,82
2026-09-23T12:40:40+10:00,1790131240.551,82
2026-09-23T12:40:41+10:00,1790131241.511,82
2026-09-23T12:40:42+10:00,1790131242.591,81
2026-09-23T12:40:43+10:00,1790131243.551,81
2026-09-23T12:40:44+10:00,1790131244.511,82
2026-09-23T12:40:45+10:00,1790131245.592,82
2026-09-23T12:40:46+10:00,1790131246.551,82
2026-09-23T12:40:47+10:00,1790131247.512,82
2026-09-23T12:40:48+10:00,1790131248.591,82
2026-09-23T12:40:49+10:00,1790131249.551,82
2026-09-23T12:40:50+10:00,1790131250.511,81
2026-09-23T12:40:51+10:00,1790131251.591,81
2026-09-23T12:40:52+10:00,1790131252.551,81
2026-09-23T12:40:53+10:00,1790131253.511,81
2026-09-23T12:40:54+10:00,1790131254.591,82
2026-09-23T12:40:55+10:00,1790131255.551,82
2026-09-23T12:40:56+10:00,1790131256.512,82
2026-09-23T12:40:57+10:00,1790131257.591,83
2026-09-23T12:40:58+10:00,1790131258.552,83
2026-09-23T12:40:59+10:00,1790131259.511,83
2026-09-23T12:41:00+10:00,1790131260.591,82
2026-09-23T12:41:01+10:00,1790131261.551,82
2026-09-23T12:41:02+10:00,1790131262.631,84
2026-09-23T12:41:03+10:00,1790131263.591,84
2026-09-23T12:41:04+10:00,1790131264.551,84
2026-09-23T12:41:05+10:00,1790131265.631,84
2026-09-23T12:41:06+10:00,1790131266.591,84
2026-09-23T12:41:07+10:00,1790131267.551,84
2026-09-23T12:41:08+10:00,1790131268.631,84
2026-09-23T12:41:09+10:00,1790131269.591,84
2026-09-23T12:41:10+10:00,1790131270.551,84
2026-09-23T12:41:11+10:00,1790131271.631,84
2026-09-23T12:41:12+10:00,1790131272.591,84
2026-09-23T12:41:13+10:00,1790131273.551,84
2026-09-23T12:41:14+10:00,1790131274.631,84
2026-09-23T12:41:15+10:00,1790131275.592,84
2026-09-23T12:41:16+10:00,1790131276.551,86
2026-09-23T12:41:17+10:00,1790131277.631,86
2026-09-23T12:41:18+10:00,1790131278.592,86
2026-09-23T12:41:19+10:00,1790131279.552,86
2026-09-23T12:41:20+10:00,1790131280.632,87
2026-09-23T12:41:21+10:00,1790131281.591,87
2026-09-23T12:41:22+10:00,1790131282.551,87
2026-09-23T12:41:23+10:00,1790131283.632,86
2026-09-23T12:41:24+10:00,1790131284.592,86
2026-09-23T12:41:25+10:00,1790131285.551,86
2026-09-23T12:41:26+10:00,1790131286.631,86
2026-09-23T12:41:27+10:00,1790131287.591,86
2026-09-23T12:41:28+10:00,1790131288.551,86
2026-09-23T12:41:29+10:00,1790131289.631,86
2026-09-23T12:41:30+10:00,1790131290.591,86
2026-09-23T12:41:31+10:00,1790131291.553,86
2026-09-23T12:41:32+10:00,1790131292.632,86
2026-09-23T12:41:33+10:00,1790131293.591,86
2026-09-23T12:41:34+10:00,1790131294.552,86
2026-09-23T12:41:35+10:00,1790131295.632,86
2026-09-23T12:41:36+10:00,1790131296.592,86
2026-09-23T12:41:37+10:00,1790131297.552,86
2026-09-23T12:41:38+10:00,1790131298.632,86
2026-09-23T12:41:39+10:00,1790131299.592,85
2026-09-23T12:41:40+10:00,1790131300.552,86
2026-09-23T12:41:41+10:00,1790131301.632,86
2026-09-23T12:41:42+10:00,1790131302.591,86
2026-09-23T12:41:43+10:00,1790131303.551,86
2026-09-23T12:41:44+10:00,1790131304.631,86
2026-09-23T12:41:45+10:00,1790131305.591,85
2026-09-23T12:41:46+10:00,1790131306.551,85
2026-09-23T12:41:47+10:00,1790131307.631,85
2026-09-23T12:41:48+10:00,1790131308.592,85
2026-09-23T12:41:49+10:00,1790131309.552,85
2026-09-23T12:41:50+10:00,1790131310.631,83
2026-09-23T12:41:51+10:00,1790131311.592,83
2026-09-23T12:41:52+10:00,1790131312.551,83
2026-09-23T12:41:53+10:00,1790131313.631,84
2026-09-23T12:41:54+10:00,1790131314.592,85
2026-09-23T12:41:55+10:00,1790131315.552,85
2026-09-23T12:41:56+10:00,1790131316.632,87
2026-09-23T12:41:57+10:00,1790131317.592,87
2026-09-23T12:41:58+10:00,1790131318.553,86
2026-09-23T12:41:59+10:00,1790131319.632,86
2026-09-23T12:42:00+10:00,1790131320.592,86
2026-09-23T12:42:01+10:00,1790131321.552,86
2026-09-23T12:42:02+10:00,1790131322.631,86
2026-09-23T12:42:03+10:00,1790131323.592,86
2026-09-23T12:42:04+10:00,1790131324.552,86
2026-09-23T12:42:05+10:00,1790131325.632,86
2026-09-23T12:42:06+10:00,1790131326.592,86
2026-09-23T12:42:07+10:00,1790131327.552,86
2026-09-23T12:42:08+10:00,1790131328.632,86
2026-09-23T12:42:09+10:00,1790131329.592,86
2026-09-23T12:42:10+10:00,1790131330.792,86
2026-09-23T12:42:11+10:00,1790131331.631,86
2026-09-23T12:42:12+10:00,1790131332.591,86
2026-09-23T12:42:13+10:00,1790131333.552,86
2026-09-23T12:42:14+10:00,1790131334.632,86
2026-09-23T12:42:15+10:00,1790131335.592,87
2026-09-23T12:42:16+10:00,1790131336.552,86
2026-09-23T12:42:17+10:00,1790131337.632,86
2026-09-23T12:42:18+10:00,1790131338.593,86
2026-09-23T12:42:19+10:00,1790131339.552,86
2026-09-23T12:42:20+10:00,1790131340.632,86
2026-09-23T12:42:21+10:00,1790131341.592,86
2026-09-23T12:42:22+10:00,1790131342.552,86
2026-09-23T12:42:23+10:00,1790131343.632,86
2026-09-23T12:42:24+10:00,1790131344.592,88
2026-09-23T12:42:25+10:00,1790131345.552,88
2026-09-23T12:42:26+10:00,1790131346.632,88
2026-09-23T12:42:27+10:00,1790131347.592,87
2026-09-23T12:42:28+10:00,1790131348.552,87
2026-09-23T12:42:29+10:00,1790131349.632,87
2026-09-23T12:42:30+10:00,1790131350.592,88
2026-09-23T12:42:31+10:00,1790131351.552,88
2026-09-23T12:42:32+10:00,1790131352.632,89
2026-09-23T12:42:33+10:00,1790131353.592,89
2026-09-23T12:42:34+10:00,1790131354.552,89
2026-09-23T12:42:35+10:00,1790131355.632,89
2026-09-23T12:42:36+10:00,1790131356.592,89
2026-09-23T12:42:37+10:00,1790131357.552,89
2026-09-23T12:42:38+10:00,1790131358.632,89
2026-09-23T12:42:39+10:00,1790131359.592,88
2026-09-23T12:42:40+10:00,1790131360.552,87
2026-09-23T12:42:41+10:00,1790131361.632,87
2026-09-23T12:42:42+10:00,1790131362.592,86
2026-09-23T12:42:43+10:00,1790131363.792,86
2026-09-23T12:42:44+10:00,1790131364.632,86
2026-09-23T12:42:45+10:00,1790131365.592,86
2026-09-23T12:42:46+10:00,1790131366.552,86
2026-09-23T12:42:47+10:00,1790131367.632,86
2026-09-23T12:42:48+10:00,1790131368.591,86
2026-09-23T12:42:49+10:00,1790131369.551,86
2026-09-23T12:42:50+10:00,1790131370.631,86
2026-09-23T12:42:51+10:00,1790131371.592,86
2026-09-23T12:42:52+10:00,1790131372.551,87
2026-09-23T12:42:53+10:00,1790131373.631,86
2026-09-23T12:42:54+10:00,1790131374.591,86
2026-09-23T12:42:55+10:00,1790131375.551,86
2026-09-23T12:42:56+10:00,1790131376.631,86
2026-09-23T12:42:57+10:00,1790131377.592,87
2026-09-23T12:42:58+10:00,1790131378.552,87
2026-09-23T12:42:59+10:00,1790131379.631,87
2026-09-23T12:43:00+10:00,1790131380.592,87
2026-09-23T12:43:01+10:00,1790131381.552,87
2026-09-23T12:43:02+10:00,1790131382.632,87
2026-09-23T12:43:03+10:00,1790131383.592,87
2026-09-23T12:43:04+10:00,1790131384.552,87
2026-09-23T12:43:05+10:00,1790131385.632,86
2026-09-23T12:43:06+10:00,1790131386.592,86
2026-09-23T12:43:07+10:00,1790131387.551,86
2026-09-23T12:43:08+10:00,1790131388.632,86
2026-09-23T12:43:09+10:00,1790131389.592,86
2026-09-23T12:43:10+10:00,1790131390.552,86
2026-09-23T12:43:11+10:00,1790131391.632,86
2026-09-23T12:43:12+10:00,1790131392.592,86
2026-09-23T12:43:13+10:00,1790131393.551,86
2026-09-23T12:43:14+10:00,1790131394.632,86
2026-09-23T12:43:15+10:00,1790131395.592,86
2026-09-23T12:43:16+10:00,1790131396.792,86
2026-09-23T12:43:17+10:00,1790131397.632,86
2026-09-23T12:43:18+10:00,1790131398.592,86
2026-09-23T12:43:19+10:00,1790131399.552,86
2026-09-23T12:43:20+10:00,1790131400.631,86
2026-09-23T12:43:21+10:00,1790131401.592,86
2026-09-23T12:43:22+10:00,1790131402.672,86
2026-09-23T12:43:23+10:00,1790131403.633,86
2026-09-23T12:43:24+10:00,1790131404.594,86
2026-09-23T12:43:25+10:00,1790131405.674,86
2026-09-23T12:43:26+10:00,1790131406.634,86
2026-09-23T12:43:27+10:00,1790131407.592,86
2026-09-23T12:43:28+10:00,1790131408.673,86
2026-09-23T12:43:29+10:00,1790131409.632,86
2026-09-23T12:43:30+10:00,1790131410.832,86
2026-09-23T12:43:31+10:00,1790131411.672,86
2026-09-23T12:43:32+10:00,1790131412.632,86
2026-09-23T12:43:33+10:00,1790131413.592,86
2026-09-23T12:43:34+10:00,1790131414.672,86
2026-09-23T12:43:35+10:00,1790131415.632,86
2026-09-23T12:43:36+10:00,1790131416.592,86
2026-09-23T12:43:37+10:00,1790131417.672,86
2026-09-23T12:43:38+10:00,1790131418.632,87
2026-09-23T12:43:39+10:00,1790131419.592,87
2026-09-23T12:43:40+10:00,1790131420.672,87
2026-09-23T12:43:41+10:00,1790131421.632,87
2026-09-23T12:43:42+10:00,1790131422.592,88
2026-09-23T12:43:43+10:00,1790131423.672,88
2026-09-23T12:43:44+10:00,1790131424.632,88
2026-09-23T12:43:45+10:00,1790131425.592,90
2026-09-23T12:43:46+10:00,1790131426.672,90
2026-09-23T12:43:47+10:00,1790131427.632,90
2026-09-23T12:43:48+10:00,1790131428.592,87
2026-09-23T12:43:49+10:00,1790131429.672,87
2026-09-23T12:43:50+10:00,1790131430.633,86
2026-09-23T12:43:51+10:00,1790131431.592,83
2026-09-23T12:43:52+10:00,1790131432.672,81
2026-09-23T12:43:53+10:00,1790131433.633,80
2026-09-23T12:43:54+10:00,1790131434.592,79
2026-09-23T12:43:55+10:00,1790131435.672,79
2026-09-23T12:43:56+10:00,1790131436.632,79
2026-09-23T12:43:57+10:00,1790131437.593,79
2026-09-23T12:43:58+10:00,1790131438.672,80
2026-09-23T12:43:59+10:00,1790131439.632,80
2026-09-23T12:44:00+10:00,1790131440.592,80
2026-09-23T12:44:01+10:00,1790131441.672,80
2026-09-23T12:44:02+10:00,1790131442.632,80
2026-09-23T12:44:03+10:00,1790131443.832,80
2026-09-23T12:44:04+10:00,1790131444.672,79
2026-09-23T12:44:05+10:00,1790131445.632,82
2026-09-23T12:44:06+10:00,1790131446.592,85
2026-09-23T12:44:07+10:00,1790131447.672,85
2026-09-23T12:44:08+10:00,1790131448.633,86
2026-09-23T12:44:09+10:00,1790131449.592,87
2026-09-23T12:44:10+10:00,1790131450.673,88
2026-09-23T12:44:11+10:00,1790131451.632,88
2026-09-23T12:44:12+10:00,1790131452.592,88
2026-09-23T12:44:13+10:00,1790131453.672,88
2026-09-23T12:44:14+10:00,1790131454.632,88
2026-09-23T12:44:15+10:00,1790131455.592,88
2026-09-23T12:44:16+10:00,1790131456.672,88
2026-09-23T12:44:17+10:00,1790131457.873,88
2026-09-23T12:44:18+10:00,1790131458.592,88
2026-09-23T12:44:19+10:00,1790131459.673,88
2026-09-23T12:44:20+10:00,1790131460.633,88
2026-09-23T12:44:21+10:00,1790131461.712,88
2026-09-23T12:44:22+10:00,1790131462.672,88
2026-09-23T12:44:23+10:00,1790131463.632,87
2026-09-23T12:44:24+10:00,1790131464.713,87
2026-09-23T12:44:25+10:00,1790131465.673,87
2026-09-23T12:44:26+10:00,1790131466.632,87
2026-09-23T12:44:27+10:00,1790131467.712,87
2026-09-23T12:44:28+10:00,1790131468.672,87
2026-09-23T12:44:29+10:00,1790131469.632,87
2026-09-23T12:44:30+10:00,1790131470.712,85
2026-09-23T12:44:31+10:00,1790131471.672,85
2026-09-23T12:44:32+10:00,1790131472.632,85
2026-09-23T12:44:33+10:00,1790131473.712,85
2026-09-23T12:44:34+10:00,1790131474.672,85
2026-09-23T12:44:35+10:00,1790131475.632,85
2026-09-23T12:44:36+10:00,1790131476.713,85
2026-09-23T12:44:37+10:00,1790131477.673,85
2026-09-23T12:44:38+10:00,1790131478.632,85
2026-09-23T12:44:39+10:00,1790131479.712,80
2026-09-23T12:44:40+10:00,1790131480.672,79
2026-09-23T12:44:41+10:00,1790131481.632,79
2026-09-23T12:44:42+10:00,1790131482.712,78
2026-09-23T12:44:43+10:00,1790131483.673,78
2026-09-23T12:44:44+10:00,1790131484.633,74
2026-09-23T12:44:45+10:00,1790131485.713,72
2026-09-23T12:44:46+10:00,1790131486.672,73
2026-09-23T12:44:47+10:00,1790131487.633,73
2026-09-23T12:44:48+10:00,1790131488.713,73
2026-09-23T12:44:49+10:00,1790131489.673,73
2026-09-23T12:44:50+10:00,1790131490.872,72
2026-09-23T12:44:51+10:00,1790131491.712,72
2026-09-23T12:44:52+10:00,1790131492.673,74
2026-09-23T12:44:53+10:00,1790131493.632,74
2026-09-23T12:44:54+10:00,1790131494.713,73
2026-09-23T12:44:55+10:00,1790131495.673,73
2026-09-23T12:44:56+10:00,1790131496.633,73
2026-09-23T12:44:57+10:00,1790131497.713,73
2026-09-23T12:44:58+10:00,1790131498.672,73
2026-09-23T12:44:59+10:00,1790131499.633,73
2026-09-23T12:45:00+10:00,1790131500.712,74
2026-09-23T12:45:01+10:00,1790131501.672,74
2026-09-23T12:45:02+10:00,1790131502.632,75
2026-09-23T12:45:03+10:00,1790131503.713,75
2026-09-23T12:45:04+10:00,1790131504.672,77
2026-09-23T12:45:05+10:00,1790131505.632,77
2026-09-23T12:45:06+10:00,1790131506.713,77
2026-09-23T12:45:07+10:00,1790131507.673,77
2026-09-23T12:45:08+10:00,1790131508.633,79
2026-09-23T12:45:09+10:00,1790131509.713,80
2026-09-23T12:45:10+10:00,1790131510.673,80
2026-09-23T12:45:11+10:00,1790131511.632,80
2026-09-23T12:45:12+10:00,1790131512.712,80
2026-09-23T12:45:13+10:00,1790131513.673,80
2026-09-23T12:45:14+10:00,1790131514.633,81
2026-09-23T12:45:15+10:00,1790131515.713,81
2026-09-23T12:45:16+10:00,1790131516.673,82
2026-09-23T12:45:17+10:00,1790131517.632,82
2026-09-23T12:45:18+10:00,1790131518.713,82
2026-09-23T12:45:19+10:00,1790131519.672,82
2026-09-23T12:45:20+10:00,1790131520.632,81
2026-09-23T12:45:21+10:00,1790131521.712,80
2026-09-23T12:45:22+10:00,1790131522.673,79
2026-09-23T12:45:23+10:00,1790131523.873,79
2026-09-23T12:45:24+10:00,1790131524.713,78
2026-09-23T12:45:25+10:00,1790131525.673,78
2026-09-23T12:45:26+10:00,1790131526.633,78
2026-09-23T12:45:27+10:00,1790131527.713,77
2026-09-23T12:45:28+10:00,1790131528.673,77
2026-09-23T12:45:29+10:00,1790131529.753,77
2026-09-23T12:45:30+10:00,1790131530.713,77
2026-09-23T12:45:31+10:00,1790131531.672,77
2026-09-23T12:45:32+10:00,1790131532.753,77
2026-09-23T12:45:33+10:00,1790131533.713,77
2026-09-23T12:45:34+10:00,1790131534.673,77
2026-09-23T12:45:35+10:00,1790131535.753,77
2026-09-23T12:45:36+10:00,1790131536.713,77
2026-09-23T12:45:37+10:00,1790131537.793,77
2026-09-23T12:45:38+10:00,1790131538.753,77
2026-09-23T12:45:39+10:00,1790131539.713,77
2026-09-23T12:45:40+10:00,1790131540.673,79
2026-09-23T12:45:41+10:00,1790131541.752,82
2026-09-23T12:45:42+10:00,1790131542.713,84
2026-09-23T12:45:43+10:00,1790131543.672,84
2026-09-23T12:45:44+10:00,1790131544.753,86
2026-09-23T12:45:45+10:00,1790131545.713,86
2026-09-23T12:45:46+10:00,1790131546.673,86
2026-09-23T12:45:47+10:00,1790131547.753,86
2026-09-23T12:45:48+10:00,1790131548.713,86
2026-09-23T12:45:49+10:00,1790131549.673,86
2026-09-23T12:45:50+10:00,1790131550.753,86
2026-09-23T12:45:51+10:00,1790131551.713,87
2026-09-23T12:45:52+10:00,1790131552.672,88
2026-09-23T12:45:53+10:00,1790131553.753,90
2026-09-23T12:45:54+10:00,1790131554.712,89
2026-09-23T12:45:55+10:00,1790131555.673,89
2026-09-23T12:45:56+10:00,1790131556.754,89
2026-09-23T12:45:57+10:00,1790131557.713,88
2026-09-23T12:45:58+10:00,1790131558.673,88
2026-09-23T12:45:59+10:00,1790131559.753,88
2026-09-23T12:46:00+10:00,1790131560.714,88
2026-09-23T12:46:01+10:00,1790131561.673,88
2026-09-23T12:46:02+10:00,1790131562.753,88
2026-09-23T12:46:03+10:00,1790131563.713,89
2026-09-23T12:46:04+10:00,1790131564.673,89
2026-09-23T12:46:05+10:00,1790131565.753,90
2026-09-23T12:46:06+10:00,1790131566.713,90
2026-09-23T12:46:07+10:00,1790131567.674,90
2026-09-23T12:46:08+10:00,1790131568.753,90
2026-09-23T12:46:09+10:00,1790131569.713,90
2026-09-23T12:46:10+10:00,1790131570.913,90
2026-09-23T12:46:11+10:00,1790131571.753,90
2026-09-23T12:46:12+10:00,1790131572.713,86
2026-09-23T12:46:13+10:00,1790131573.673,86
2026-09-23T12:46:14+10:00,1790131574.753,82
2026-09-23T12:46:15+10:00,1790131575.713,81
2026-09-23T12:46:16+10:00,1790131576.673,81
2026-09-23T12:46:17+10:00,1790131577.753,82
2026-09-23T12:46:18+10:00,1790131578.713,79
2026-09-23T12:46:19+10:00,1790131579.673,79
2026-09-23T12:46:20+10:00,1790131580.753,78
2026-09-23T12:46:21+10:00,1790131581.713,79
2026-09-23T12:46:22+10:00,1790131582.673,78
2026-09-23T12:46:23+10:00,1790131583.753,78
2026-09-23T12:46:24+10:00,1790131584.953,78
2026-09-23T12:46:25+10:00,1790131585.673,78
2026-09-23T12:46:26+10:00,1790131586.753,78
2026-09-23T12:46:27+10:00,1790131587.713,78
2026-09-23T12:46:28+10:00,1790131588.793,78
2026-09-23T12:46:29+10:00,1790131589.753,78
2026-09-23T12:46:30+10:00,1790131590.713,79
2026-09-23T12:46:31+10:00,1790131591.793,79
2026-09-23T12:46:32+10:00,1790131592.753,80
2026-09-23T12:46:33+10:00,1790131593.713,80
2026-09-23T12:46:34+10:00,1790131594.793,80
2026-09-23T12:46:35+10:00,1790131595.753,80
2026-09-23T12:46:36+10:00,1790131596.713,80
2026-09-23T12:46:37+10:00,1790131597.793,80
2026-09-23T12:46:38+10:00,1790131598.753,79
2026-09-23T12:46:39+10:00,1790131599.714,79
2026-09-23T12:46:40+10:00,1790131600.793,79
2026-09-23T12:46:41+10:00,1790131601.753,79
2026-09-23T12:46:42+10:00,1790131602.713,80
2026-09-23T12:46:43+10:00,1790131603.793,80
2026-09-23T12:46:44+10:00,1790131604.753,81
2026-09-23T12:46:45+10:00,1790131605.713,83
2026-09-23T12:46:46+10:00,1790131606.793,84
2026-09-23T12:46:47+10:00,1790131607.753,85
2026-09-23T12:46:48+10:00,1790131608.713,85
2026-09-23T12:46:49+10:00,1790131609.794,85
2026-09-23T12:46:50+10:00,1790131610.753,85
2026-09-23T12:46:51+10:00,1790131611.713,85
2026-09-23T12:46:52+10:00,1790131612.793,85
2026-09-23T12:46:53+10:00,1790131613.753,85
2026-09-23T12:46:54+10:00,1790131614.714,84
2026-09-23T12:46:55+10:00,1790131615.794,84
2026-09-23T12:46:56+10:00,1790131616.753,84
2026-09-23T12:46:57+10:00,1790131617.834,84
2026-09-23T12:46:58+10:00,1790131618.793,84
2026-09-23T12:46:59+10:00,1790131619.753,84
2026-09-23T12:47:00+10:00,1790131620.713,84
2026-09-23T12:47:01+10:00,1790131621.794,84
2026-09-23T12:47:02+10:00,1790131622.753,84
2026-09-23T12:47:03+10:00,1790131623.714,84
2026-09-23T12:47:04+10:00,1790131624.793,85
2026-09-23T12:47:05+10:00,1790131625.753,85
2026-09-23T12:47:06+10:00,1790131626.713,85
2026-09-23T12:47:07+10:00,1790131627.794,85
2026-09-23T12:47:08+10:00,1790131628.753,85
2026-09-23T12:47:09+10:00,1790131629.713,85
2026-09-23T12:47:10+10:00,1790131630.793,85
2026-09-23T12:47:11+10:00,1790131631.754,85
2026-09-23T12:47:12+10:00,1790131632.713,85
2026-09-23T12:47:13+10:00,1790131633.794,85
2026-09-23T12:47:14+10:00,1790131634.753,85
2026-09-23T12:47:15+10:00,1790131635.714,86
2026-09-23T12:47:16+10:00,1790131636.793,85
2026-09-23T12:47:17+10:00,1790131637.753,85
2026-09-23T12:47:18+10:00,1790131638.713,83
2026-09-23T12:47:19+10:00,1790131639.794,83
2026-09-23T12:47:20+10:00,1790131640.753,83
2026-09-23T12:47:21+10:00,1790131641.713,83
2026-09-23T12:47:22+10:00,1790131642.793,83
2026-09-23T12:47:23+10:00,1790131643.753,83
2026-09-23T12:47:24+10:00,1790131644.713,85
2026-09-23T12:47:25+10:00,1790131645.793,85
2026-09-23T12:47:26+10:00,1790131646.753,85
2026-09-23T12:47:27+10:00,1790131647.713,85
2026-09-23T12:47:28+10:00,1790131648.793,85
2026-09-23T12:47:29+10:00,1790131649.754,85
2026-09-23T12:47:30+10:00,1790131650.953,85
2026-09-23T12:47:31+10:00,1790131651.793,85
2026-09-23T12:47:32+10:00,1790131652.753,85
2026-09-23T12:47:33+10:00,1790131653.713,85
2026-09-23T12:47:34+10:00,1790131654.793,85
2026-09-23T12:47:35+10:00,1790131655.753,85
2026-09-23T12:47:36+10:00,1790131656.713,85
2026-09-23T12:47:37+10:00,1790131657.793,85
2026-09-23T12:47:38+10:00,1790131658.753,85
2026-09-23T12:47:39+10:00,1790131659.714,85
2026-09-23T12:47:40+10:00,1790131660.794,84
2026-09-23T12:47:41+10:00,1790131661.753,84
2026-09-23T12:47:42+10:00,1790131662.714,84
2026-09-23T12:47:43+10:00,1790131663.794,84
2026-09-23T12:47:44+10:00,1790131664.993,84
2026-09-23T12:47:45+10:00,1790131665.713,84
2026-09-23T12:47:46+10:00,1790131666.793,84
2026-09-23T12:47:47+10:00,1790131667.754,84
2026-09-23T12:47:48+10:00,1790131668.834,84
2026-09-23T12:47:49+10:00,1790131669.793,84
2026-09-23T12:47:50+10:00,1790131670.753,84
2026-09-23T12:47:51+10:00,1790131671.833,84
2026-09-23T12:47:52+10:00,1790131672.793,84
2026-09-23T12:47:53+10:00,1790131673.753,84
2026-09-23T12:47:54+10:00,1790131674.834,84
2026-09-23T12:47:55+10:00,1790131675.794,84
2026-09-23T12:47:56+10:00,1790131676.753,84
2026-09-23T12:47:57+10:00,1790131677.834,84
2026-09-23T12:47:58+10:00,1790131678.794,84
2026-09-23T12:47:59+10:00,1790131679.753,84
2026-09-23T12:48:00+10:00,1790131680.834,84
2026-09-23T12:48:01+10:00,1790131681.793,84
2026-09-23T12:48:02+10:00,1790131682.753,85
2026-09-23T12:48:03+10:00,1790131683.833,85
2026-09-23T12:48:04+10:00,1790131684.793,85
2026-09-23T12:48:05+10:00,1790131685.753,85
2026-09-23T12:48:06+10:00,1790131686.834,85
2026-09-23T12:48:07+10:00,1790131687.793,85
2026-09-23T12:48:08+10:00,1790131688.753,85
2026-09-23T12:48:09+10:00,1790131689.833,85
2026-09-23T12:48:10+10:00,1790131690.793,85
2026-09-23T12:48:11+10:00,1790131691.753,85
2026-09-23T12:48:12+10:00,1790131692.834,83
2026-09-23T12:48:13+10:00,1790131693.793,83
2026-09-23T12:48:14+10:00,1790131694.753,82
2026-09-23T12:48:15+10:00,1790131695.833,81
2026-09-23T12:48:16+10:00,1790131696.913,80
2026-09-23T12:48:17+10:00,1790131697.993,79
2026-09-23T12:48:18+10:00,1790131698.833,79
2026-09-23T12:48:19+10:00,1790131699.794,79
2026-09-23T12:48:20+10:00,1790131700.753,79
2026-09-23T12:48:21+10:00,1790131701.833,79
2026-09-23T12:48:22+10:00,1790131702.793,78
2026-09-23T12:48:23+10:00,1790131703.754,78
2026-09-23T12:48:24+10:00,1790131704.833,79
2026-09-23T12:48:25+10:00,1790131705.793,79
2026-09-23T12:48:26+10:00,1790131706.753,79
2026-09-23T12:48:27+10:00,1790131707.834,79
2026-09-23T12:48:28+10:00,1790131708.794,79
2026-09-23T12:48:29+10:00,1790131709.754,79
2026-09-23T12:48:30+10:00,1790131710.834,78
2026-09-23T12:48:32+10:00,1790131712.034,78
2026-09-23T12:48:32+10:00,1790131712.754,78
2026-09-23T12:48:33+10:00,1790131713.834,78
2026-09-23T12:48:34+10:00,1790131714.794,78
2026-09-23T12:48:35+10:00,1790131715.753,78
2026-09-23T12:48:36+10:00,1790131716.833,79
2026-09-23T12:48:37+10:00,1790131717.793,79
2026-09-23T12:48:38+10:00,1790131718.754,81
2026-09-23T12:48:39+10:00,1790131719.833,83
2026-09-23T12:48:40+10:00,1790131720.793,84
2026-09-23T12:48:41+10:00,1790131721.754,84
2026-09-23T12:48:42+10:00,1790131722.833,84
2026-09-23T12:48:43+10:00,1790131723.794,84
2026-09-23T12:48:44+10:00,1790131724.754,84
2026-09-23T12:48:45+10:00,1790131725.834,84
2026-09-23T12:48:46+10:00,1790131726.794,84
2026-09-23T12:48:47+10:00,1790131727.753,84
2026-09-23T12:48:48+10:00,1790131728.833,84
2026-09-23T12:48:49+10:00,1790131729.793,84
2026-09-23T12:48:50+10:00,1790131730.993,84
2026-09-23T12:48:51+10:00,1790131731.833,84
2026-09-23T12:48:52+10:00,1790131732.794,84
2026-09-23T12:48:53+10:00,1790131733.753,84
2026-09-23T12:48:54+10:00,1790131734.833,84
2026-09-23T12:48:55+10:00,1790131735.793,84
2026-09-23T12:48:56+10:00,1790131736.754,84
2026-09-23T12:48:57+10:00,1790131737.834,84
2026-09-23T12:48:58+10:00,1790131738.794,84
2026-09-23T12:48:59+10:00,1790131739.753,84
2026-09-23T12:49:00+10:00,1790131740.834,84
2026-09-23T12:49:01+10:00,1790131741.793,84
2026-09-23T12:49:02+10:00,1790131742.753,83
2026-09-23T12:49:03+10:00,1790131743.833,83
2026-09-23T12:49:05+10:00,1790131745.034,83
2026-09-23T12:49:05+10:00,1790131745.753,83
2026-09-23T12:49:06+10:00,1790131746.834,83
2026-09-23T12:49:07+10:00,1790131747.793,83
2026-09-23T12:49:08+10:00,1790131748.753,82
2026-09-23T12:49:09+10:00,1790131749.834,81
2026-09-23T12:49:10+10:00,1790131750.793,81
2026-09-23T12:49:11+10:00,1790131751.753,78
2026-09-23T12:49:12+10:00,1790131752.834,78
2026-09-23T12:49:13+10:00,1790131753.794,78
2026-09-23T12:49:14+10:00,1790131754.754,78
2026-09-23T12:49:15+10:00,1790131755.834,78
2026-09-23T12:49:16+10:00,1790131756.794,77
2026-09-23T12:49:17+10:00,1790131757.753,77
2026-09-23T12:49:18+10:00,1790131758.834,77
2026-09-23T12:49:19+10:00,1790131759.793,77
2026-09-23T12:49:20+10:00,1790131760.754,77
2026-09-23T12:49:21+10:00,1790131761.834,76
2026-09-23T12:49:22+10:00,1790131762.795,76
2026-09-23T12:49:23+10:00,1790131763.994,76
2026-09-23T12:49:24+10:00,1790131764.834,78
2026-09-23T12:49:25+10:00,1790131765.793,78
2026-09-23T12:49:26+10:00,1790131766.753,81
2026-09-23T12:49:27+10:00,1790131767.833,81
2026-09-23T12:49:28+10:00,1790131768.793,81
2026-09-23T12:49:29+10:00,1790131769.753,80
2026-09-23T12:49:30+10:00,1790131770.834,80
2026-09-23T12:49:31+10:00,1790131771.793,80
2026-09-23T12:49:32+10:00,1790131772.754,77
2026-09-23T12:49:33+10:00,1790131773.834,75
2026-09-23T12:49:34+10:00,1790131774.793,75
2026-09-23T12:49:35+10:00,1790131775.754,75
2026-09-23T12:49:36+10:00,1790131776.834,75
2026-09-23T12:49:38+10:00,1790131778.034,75
2026-09-23T12:49:38+10:00,1790131778.874,76
2026-09-23T12:49:39+10:00,1790131779.834,76
2026-09-23T12:49:40+10:00,1790131780.794,76
2026-09-23T12:49:41+10:00,1790131781.873,76
2026-09-23T12:49:42+10:00,1790131782.834,76
2026-09-23T12:49:43+10:00,1790131783.793,76
2026-09-23T12:49:44+10:00,1790131784.874,76
2026-09-23T12:49:45+10:00,1790131785.834,76
2026-09-23T12:49:46+10:00,1790131786.794,76
2026-09-23T12:49:47+10:00,1790131787.874,76
2026-09-23T12:49:48+10:00,1790131788.835,76
2026-09-23T12:49:49+10:00,1790131789.794,76
2026-09-23T12:49:50+10:00,1790131790.874,76
2026-09-23T12:49:52+10:00,1790131792.074,76
2026-09-23T12:49:52+10:00,1790131792.795,76
2026-09-23T12:49:53+10:00,1790131793.874,76
2026-09-23T12:49:54+10:00,1790131794.834,76
2026-09-23T12:49:55+10:00,1790131795.795,76
2026-09-23T12:49:56+10:00,1790131796.874,76
2026-09-23T12:49:57+10:00,1790131797.834,76
2026-09-23T12:49:58+10:00,1790131798.794,75
2026-09-23T12:49:59+10:00,1790131799.874,77
2026-09-23T12:50:00+10:00,1790131800.834,76
2026-09-23T12:50:01+10:00,1790131801.794,76
2026-09-23T12:50:02+10:00,1790131802.874,76
2026-09-23T12:50:03+10:00,1790131803.835,76
2026-09-23T12:50:04+10:00,1790131804.795,77
2026-09-23T12:50:05+10:00,1790131805.874,77
2026-09-23T12:50:06+10:00,1790131806.834,77
2026-09-23T12:50:07+10:00,1790131807.794,77
2026-09-23T12:50:08+10:00,1790131808.874,77
2026-09-23T12:50:09+10:00,1790131809.834,77
2026-09-23T12:50:11+10:00,1790131811.034,78
2026-09-23T12:50:11+10:00,1790131811.874,78
2026-09-23T12:50:12+10:00,1790131812.834,78
2026-09-23T12:50:13+10:00,1790131813.794,78
2026-09-23T12:50:14+10:00,1790131814.874,78
2026-09-23T12:50:15+10:00,1790131815.835,78
2026-09-23T12:50:16+10:00,1790131816.794,78
2026-09-23T12:50:17+10:00,1790131817.874,78
2026-09-23T12:50:18+10:00,1790131818.835,78
2026-09-23T12:50:19+10:00,1790131819.794,78
2026-09-23T12:50:20+10:00,1790131820.874,78
2026-09-23T12:50:21+10:00,1790131821.834,78
2026-09-23T12:50:22+10:00,1790131822.794,78
2026-09-23T12:50:23+10:00,1790131823.874,78
2026-09-23T12:50:25+10:00,1790131825.074,78
2026-09-23T12:50:25+10:00,1790131825.794,78
2026-09-23T12:50:26+10:00,1790131826.874,78
2026-09-23T12:50:27+10:00,1790131827.835,81
2026-09-23T12:50:28+10:00,1790131828.794,83
2026-09-23T12:50:29+10:00,1790131829.874,83
2026-09-23T12:50:30+10:00,1790131830.835,83
2026-09-23T12:50:31+10:00,1790131831.794,83
2026-09-23T12:50:32+10:00,1790131832.875,83
2026-09-23T12:50:33+10:00,1790131833.834,83
2026-09-23T12:50:34+10:00,1790131834.794,83
2026-09-23T12:50:35+10:00,1790131835.875,83
2026-09-23T12:50:36+10:00,1790131836.834,82
2026-09-23T12:50:37+10:00,1790131837.794,82
2026-09-23T12:50:39+10:00,1790131839.114,82
2026-09-23T12:50:39+10:00,1790131839.834,82
2026-09-23T12:50:40+10:00,1790131840.795,82
2026-09-23T12:50:41+10:00,1790131841.875,85
2026-09-23T12:50:42+10:00,1790131842.834,85
2026-09-23T12:50:44+10:00,1790131844.034,85
2026-09-23T12:50:44+10:00,1790131844.875,85
2026-09-23T12:50:45+10:00,1790131845.834,85
2026-09-23T12:50:46+10:00,1790131846.794,85
2026-09-23T12:50:47+10:00,1790131847.875,85
2026-09-23T12:50:48+10:00,1790131848.834,85
2026-09-23T12:50:49+10:00,1790131849.795,85
2026-09-23T12:50:50+10:00,1790131850.874,85
2026-09-23T12:50:51+10:00,1790131851.834,85
2026-09-23T12:50:52+10:00,1790131852.794,85
2026-09-23T12:50:53+10:00,1790131853.875,85
2026-09-23T12:50:54+10:00,1790131854.834,88
2026-09-23T12:50:55+10:00,1790131855.794,88
2026-09-23T12:50:56+10:00,1790131856.874,89
2026-09-23T12:50:58+10:00,1790131858.074,91
2026-09-23T12:50:58+10:00,1790131858.794,90
2026-09-23T12:50:59+10:00,1790131859.874,90
2026-09-23T12:51:00+10:00,1790131860.835,90
2026-09-23T12:51:01+10:00,1790131861.795,90
2026-09-23T12:51:02+10:00,1790131862.874,90
2026-09-23T12:51:03+10:00,1790131863.834,90
2026-09-23T12:51:04+10:00,1790131864.794,90
2026-09-23T12:51:05+10:00,1790131865.875,90
2026-09-23T12:51:06+10:00,1790131866.834,90
2026-09-23T12:51:07+10:00,1790131867.794,90
2026-09-23T12:51:08+10:00,1790131868.875,87
2026-09-23T12:51:09+10:00,1790131869.834,84
2026-09-23T12:51:10+10:00,1790131870.794,84
2026-09-23T12:51:12+10:00,1790131872.114,84
2026-09-23T12:51:12+10:00,1790131872.834,84
2026-09-23T12:51:13+10:00,1790131873.795,84
2026-09-23T12:51:14+10:00,1790131874.874,82
2026-09-23T12:51:15+10:00,1790131875.834,80
2026-09-23T12:51:17+10:00,1790131877.035,79
2026-09-23T12:51:17+10:00,1790131877.874,79
2026-09-23T12:51:18+10:00,1790131878.834,79
2026-09-23T12:51:19+10:00,1790131879.794,79
2026-09-23T12:51:20+10:00,1790131880.874,79
2026-09-23T12:51:21+10:00,1790131881.835,79
2026-09-23T12:51:22+10:00,1790131882.794,78
2026-09-23T12:51:23+10:00,1790131883.875,78
2026-09-23T12:51:24+10:00,1790131884.835,78
2026-09-23T12:51:25+10:00,1790131885.915,78
2026-09-23T12:51:26+10:00,1790131886.874,78
2026-09-23T12:51:27+10:00,1790131887.834,78
2026-09-23T12:51:28+10:00,1790131888.915,78
2026-09-23T12:51:29+10:00,1790131889.874,78
2026-09-23T12:51:31+10:00,1790131891.074,78
2026-09-23T12:51:31+10:00,1790131891.915,78
2026-09-23T12:51:32+10:00,1790131892.876,78
2026-09-23T12:51:33+10:00,1790131893.834,78
2026-09-23T12:51:34+10:00,1790131894.915,78
2026-09-23T12:51:35+10:00,1790131895.874,78
2026-09-23T12:51:36+10:00,1790131896.835,78
2026-09-23T12:51:37+10:00,1790131897.914,78
2026-09-23T12:51:38+10:00,1790131898.875,78
2026-09-23T12:51:39+10:00,1790131899.835,78
2026-09-23T12:51:40+10:00,1790131900.914,78
2026-09-23T12:51:41+10:00,1790131901.875,78
2026-09-23T12:51:42+10:00,1790131902.835,78
2026-09-23T12:51:43+10:00,1790131903.914,78
2026-09-23T12:51:45+10:00,1790131905.115,76
2026-09-23T12:51:45+10:00,1790131905.834,76
2026-09-23T12:51:46+10:00,1790131906.915,76
2026-09-23T12:51:47+10:00,1790131907.874,77
2026-09-23T12:51:48+10:00,1790131908.835,78
2026-09-23T12:51:49+10:00,1790131909.914,78
2026-09-23T12:51:50+10:00,1790131910.875,80
2026-09-23T12:51:51+10:00,1790131911.835,80
2026-09-23T12:51:52+10:00,1790131912.914,83
2026-09-23T12:51:53+10:00,1790131913.875,85
2026-09-23T12:51:54+10:00,1790131914.836,87
2026-09-23T12:51:55+10:00,1790131915.916,87
2026-09-23T12:51:56+10:00,1790131916.875,89
2026-09-23T12:51:57+10:00,1790131917.834,89
2026-09-23T12:51:59+10:00,1790131919.155,90
2026-09-23T12:51:59+10:00,1790131919.874,90
2026-09-23T12:52:00+10:00,1790131920.834,90
2026-09-23T12:52:01+10:00,1790131921.914,90
2026-09-23T12:52:02+10:00,1790131922.876,90
2026-09-23T12:52:04+10:00,1790131924.075,90
2026-09-23T12:52:04+10:00,1790131924.915,87
2026-09-23T12:52:05+10:00,1790131925.876,85
2026-09-23T12:52:06+10:00,1790131926.835,85
2026-09-23T12:52:07+10:00,1790131927.915,85
2026-09-23T12:52:08+10:00,1790131928.875,85
2026-09-23T12:52:09+10:00,1790131929.956,84
2026-09-23T12:52:10+10:00,1790131930.915,83
2026-09-23T12:52:11+10:00,1790131931.876,83
2026-09-23T12:52:12+10:00,1790131932.955,83
2026-09-23T12:52:13+10:00,1790131933.915,83
2026-09-23T12:52:14+10:00,1790131934.874,83
2026-09-23T12:52:15+10:00,1790131935.955,83
2026-09-23T12:52:16+10:00,1790131936.916,82
2026-09-23T12:52:18+10:00,1790131938.116,80
2026-09-23T12:52:18+10:00,1790131938.955,80
2026-09-23T12:52:19+10:00,1790131939.915,80
2026-09-23T12:52:20+10:00,1790131940.875,79
2026-09-23T12:52:21+10:00,1790131941.955,79
2026-09-23T12:52:22+10:00,1790131942.916,79
2026-09-23T12:52:23+10:00,1790131943.875,79
2026-09-23T12:52:24+10:00,1790131944.955,79
2026-09-23T12:52:25+10:00,1790131945.915,79
2026-09-23T12:52:26+10:00,1790131946.875,79
2026-09-23T12:52:27+10:00,1790131947.955,79
2026-09-23T12:52:28+10:00,1790131948.915,79
2026-09-23T12:52:29+10:00,1790131949.875,80
2026-09-23T12:52:30+10:00,1790131950.955,80
2026-09-23T12:52:32+10:00,1790131952.035,81
2026-09-23T12:52:33+10:00,1790131953.115,84
2026-09-23T12:52:34+10:00,1790131954.075,84
2026-09-23T12:52:35+10:00,1790131955.036,84
2026-09-23T12:52:36+10:00,1790131956.115,84
2026-09-23T12:52:37+10:00,1790131957.075,84
2026-09-23T12:52:38+10:00,1790131958.035,85
2026-09-23T12:52:39+10:00,1790131959.115,85
2026-09-23T12:52:40+10:00,1790131960.075,85
2026-09-23T12:52:41+10:00,1790131961.035,85
2026-09-23T12:52:42+10:00,1790131962.115,85
2026-09-23T12:52:43+10:00,1790131963.074,85
2026-09-23T12:52:44+10:00,1790131964.035,85
2026-09-23T12:52:45+10:00,1790131965.115,85
2026-09-23T12:52:46+10:00,1790131966.075,85
2026-09-23T12:52:47+10:00,1790131967.035,85
2026-09-23T12:52:48+10:00,1790131968.115,85
2026-09-23T12:52:49+10:00,1790131969.076,85
2026-09-23T12:52:50+10:00,1790131970.036,85
2026-09-23T12:52:51+10:00,1790131971.115,83
2026-09-23T12:52:52+10:00,1790131972.076,82
2026-09-23T12:52:53+10:00,1790131973.035,80
2026-09-23T12:52:54+10:00,1790131974.116,79
2026-09-23T12:52:55+10:00,1790131975.075,79
2026-09-23T12:52:56+10:00,1790131976.035,79
2026-09-23T12:52:57+10:00,1790131977.116,79
2026-09-23T12:52:58+10:00,1790131978.075,78
2026-09-23T12:52:59+10:00,1790131979.156,79
2026-09-23T12:53:00+10:00,1790131980.356,80
2026-09-23T12:53:01+10:00,1790131981.075,80
2026-09-23T12:53:02+10:00,1790131982.155,80
2026-09-23T12:53:03+10:00,1790131983.115,80
2026-09-23T12:53:04+10:00,1790131984.075,81
2026-09-23T12:53:05+10:00,1790131985.036,83
2026-09-23T12:53:06+10:00,1790131986.115,86
2026-09-23T12:53:07+10:00,1790131987.075,86
2026-09-23T12:53:08+10:00,1790131988.155,88
2026-09-23T12:53:09+10:00,1790131989.116,90
2026-09-23T12:53:10+10:00,1790131990.076,90
2026-09-23T12:53:11+10:00,1790131991.155,90
2026-09-23T12:53:12+10:00,1790131992.115,91
2026-09-23T12:53:13+10:00,1790131993.075,91
2026-09-23T12:53:14+10:00,1790131994.155,91
2026-09-23T12:53:15+10:00,1790131995.115,91
2026-09-23T12:53:16+10:00,1790131996.075,92
2026-09-23T12:53:17+10:00,1790131997.156,92
2026-09-23T12:53:18+10:00,1790131998.115,92
2026-09-23T12:53:19+10:00,1790131999.076,92
2026-09-23T12:53:20+10:00,1790132000.035,91
2026-09-23T12:53:21+10:00,1790132001.115,91
2026-09-23T12:53:22+10:00,1790132002.075,91
2026-09-23T12:53:23+10:00,1790132003.156,91
2026-09-23T12:53:24+10:00,1790132004.115,91
2026-09-23T12:53:25+10:00,1790132005.075,91
2026-09-23T12:53:26+10:00,1790132006.156,91
2026-09-23T12:53:27+10:00,1790132007.115,91
2026-09-23T12:53:28+10:00,1790132008.076,91
2026-09-23T12:53:29+10:00,1790132009.155,91
2026-09-23T12:53:30+10:00,1790132010.115,91
2026-09-23T12:53:31+10:00,1790132011.075,91
2026-09-23T12:53:32+10:00,1790132012.155,91
2026-09-23T12:53:33+10:00,1790132013.115,91
2026-09-23T12:53:34+10:00,1790132014.076,91
2026-09-23T12:53:35+10:00,1790132015.156,91
2026-09-23T12:53:36+10:00,1790132016.115,91
2026-09-23T12:53:37+10:00,1790132017.076,91
2026-09-23T12:53:38+10:00,1790132018.155,91
2026-09-23T12:53:39+10:00,1790132019.115,91
2026-09-23T12:53:40+10:00,1790132020.076,91
2026-09-23T12:53:41+10:00,1790132021.155,91
2026-09-23T12:53:42+10:00,1790132022.115,91
2026-09-23T12:53:43+10:00,1790132023.075,91
2026-09-23T12:53:44+10:00,1790132024.155,91
2026-09-23T12:53:45+10:00,1790132025.115,91
2026-09-23T12:53:46+10:00,1790132026.075,91
2026-09-23T12:53:47+10:00,1790132027.156,92
2026-09-23T12:53:48+10:00,1790132028.116,92
2026-09-23T12:53:49+10:00,1790132029.075,92
2026-09-23T12:53:50+10:00,1790132030.155,91
2026-09-23T12:53:51+10:00,1790132031.115,91
2026-09-23T12:53:52+10:00,1790132032.075,91
2026-09-23T12:53:53+10:00,1790132033.155,90
2026-09-23T12:53:54+10:00,1790132034.115,90
2026-09-23T12:53:55+10:00,1790132035.075,90
2026-09-23T12:53:56+10:00,1790132036.155,91
2026-09-23T12:53:57+10:00,1790132037.115,91
2026-09-23T12:53:58+10:00,1790132038.075,90
2026-09-23T12:53:59+10:00,1790132039.155,90
2026-09-23T12:54:00+10:00,1790132040.115,87
2026-09-23T12:54:01+10:00,1790132041.075,87
2026-09-23T12:54:02+10:00,1790132042.155,84
2026-09-23T12:54:03+10:00,1790132043.116,82
2026-09-23T12:54:04+10:00,1790132044.075,82
2026-09-23T12:54:05+10:00,1790132045.155,82
2026-09-23T12:54:06+10:00,1790132046.116,82
2026-09-23T12:54:07+10:00,1790132047.076,82
2026-09-23T12:54:08+10:00,1790132048.156,82
2026-09-23T12:54:09+10:00,1790132049.115,82
2026-09-23T12:54:10+10:00,1790132050.076,83
2026-09-23T12:54:11+10:00,1790132051.155,83
2026-09-23T12:54:12+10:00,1790132052.116,83
2026-09-23T12:54:13+10:00,1790132053.075,83
2026-09-23T12:54:14+10:00,1790132054.155,83
2026-09-23T12:54:15+10:00,1790132055.115,83
2026-09-23T12:54:16+10:00,1790132056.076,83
2026-09-23T12:54:17+10:00,1790132057.155,82
2026-09-23T12:54:18+10:00,1790132058.116,82
2026-09-23T12:54:19+10:00,1790132059.076,82
2026-09-23T12:54:20+10:00,1790132060.156,82
2026-09-23T12:54:21+10:00,1790132061.115,82
2026-09-23T12:54:22+10:00,1790132062.196,82
2026-09-23T12:54:23+10:00,1790132063.156,82
2026-09-23T12:54:24+10:00,1790132064.116,82
2026-09-23T12:54:25+10:00,1790132065.075,82
2026-09-23T12:54:26+10:00,1790132066.156,82
2026-09-23T12:54:27+10:00,1790132067.116,83
2026-09-23T12:54:28+10:00,1790132068.196,83
2026-09-23T12:54:29+10:00,1790132069.155,83
2026-09-23T12:54:30+10:00,1790132070.116,84
2026-09-23T12:54:31+10:00,1790132071.196,84
2026-09-23T12:54:32+10:00,1790132072.156,83
2026-09-23T12:54:33+10:00,1790132073.116,83
2026-09-23T12:54:34+10:00,1790132074.196,85
2026-09-23T12:54:35+10:00,1790132075.156,85
2026-09-23T12:54:36+10:00,1790132076.117,86
2026-09-23T12:54:37+10:00,1790132077.196,86
2026-09-23T12:54:38+10:00,1790132078.156,86
2026-09-23T12:54:39+10:00,1790132079.116,86
2026-09-23T12:54:40+10:00,1790132080.196,86
2026-09-23T12:54:41+10:00,1790132081.155,86
2026-09-23T12:54:42+10:00,1790132082.116,86
2026-09-23T12:54:43+10:00,1790132083.195,86
2026-09-23T12:54:44+10:00,1790132084.157,87
2026-09-23T12:54:45+10:00,1790132085.116,86
2026-09-23T12:54:46+10:00,1790132086.196,86
2026-09-23T12:54:47+10:00,1790132087.156,86
2026-09-23T12:54:48+10:00,1790132088.116,86
2026-09-23T12:54:49+10:00,1790132089.196,86
2026-09-23T12:54:50+10:00,1790132090.157,86
2026-09-23T12:54:51+10:00,1790132091.116,86
2026-09-23T12:54:52+10:00,1790132092.197,87
2026-09-23T12:54:53+10:00,1790132093.155,83
2026-09-23T12:54:54+10:00,1790132094.116,79
2026-09-23T12:54:55+10:00,1790132095.195,79
2026-09-23T12:54:56+10:00,1790132096.155,78
2026-09-23T12:54:57+10:00,1790132097.116,78
2026-09-23T12:54:58+10:00,1790132098.196,78
2026-09-23T12:54:59+10:00,1790132099.155,78
2026-09-23T12:55:00+10:00,1790132100.116,78
2026-09-23T12:55:01+10:00,1790132101.196,78
2026-09-23T12:55:02+10:00,1790132102.155,78
2026-09-23T12:55:03+10:00,1790132103.117,78
2026-09-23T12:55:04+10:00,1790132104.196,78
2026-09-23T12:55:05+10:00,1790132105.157,78
2026-09-23T12:55:06+10:00,1790132106.116,78
2026-09-23T12:55:07+10:00,1790132107.197,78
2026-09-23T12:55:08+10:00,1790132108.156,78
2026-09-23T12:55:09+10:00,1790132109.116,78
2026-09-23T12:55:10+10:00,1790132110.197,76
2026-09-23T12:55:11+10:00,1790132111.156,76
2026-09-23T12:55:12+10:00,1790132112.115,76
2026-09-23T12:55:13+10:00,1790132113.197,76
2026-09-23T12:55:14+10:00,1790132114.156,76
2026-09-23T12:55:15+10:00,1790132115.117,77
2026-09-23T12:55:16+10:00,1790132116.197,77
2026-09-23T12:55:17+10:00,1790132117.155,76
2026-09-23T12:55:18+10:00,1790132118.116,77
2026-09-23T12:55:19+10:00,1790132119.195,77
2026-09-23T12:55:20+10:00,1790132120.156,77
2026-09-23T12:55:21+10:00,1790132121.115,77
2026-09-23T12:55:22+10:00,1790132122.196,76
2026-09-23T12:55:23+10:00,1790132123.156,79
2026-09-23T12:55:24+10:00,1790132124.115,80
2026-09-23T12:55:25+10:00,1790132125.196,80
2026-09-23T12:55:26+10:00,1790132126.155,80
2026-09-23T12:55:27+10:00,1790132127.116,80
2026-09-23T12:55:28+10:00,1790132128.197,80
2026-09-23T12:55:29+10:00,1790132129.156,80
2026-09-23T12:55:30+10:00,1790132130.116,80
2026-09-23T12:55:31+10:00,1790132131.196,80
2026-09-23T12:55:32+10:00,1790132132.156,80
2026-09-23T12:55:33+10:00,1790132133.115,80
2026-09-23T12:55:34+10:00,1790132134.196,82
2026-09-23T12:55:35+10:00,1790132135.157,83
2026-09-23T12:55:36+10:00,1790132136.117,83
2026-09-23T12:55:37+10:00,1790132137.195,83
2026-09-23T12:55:38+10:00,1790132138.157,83
2026-09-23T12:55:39+10:00,1790132139.116,83
2026-09-23T12:55:40+10:00,1790132140.195,82
2026-09-23T12:55:41+10:00,1790132141.156,81
2026-09-23T12:55:42+10:00,1790132142.117,80
2026-09-23T12:55:43+10:00,1790132143.196,80
2026-09-23T12:55:44+10:00,1790132144.156,80
2026-09-23T12:55:45+10:00,1790132145.117,80
2026-09-23T12:55:46+10:00,1790132146.196,78
2026-09-23T12:55:47+10:00,1790132147.156,77
2026-09-23T12:55:48+10:00,1790132148.116,77
2026-09-23T12:55:49+10:00,1790132149.196,77
2026-09-23T12:55:50+10:00,1790132150.156,77
2026-09-23T12:55:51+10:00,1790132151.116,77
2026-09-23T12:55:52+10:00,1790132152.196,78
2026-09-23T12:55:53+10:00,1790132153.156,78
2026-09-23T12:55:54+10:00,1790132154.116,77
2026-09-23T12:55:55+10:00,1790132155.197,77
2026-09-23T12:55:56+10:00,1790132156.156,77
2026-09-23T12:55:57+10:00,1790132157.116,79
2026-09-23T12:55:58+10:00,1790132158.196,82
2026-09-23T12:55:59+10:00,1790132159.156,85
2026-09-23T12:56:00+10:00,1790132160.116,87
2026-09-23T12:56:01+10:00,1790132161.196,87
2026-09-23T12:56:02+10:00,1790132162.156,86
2026-09-23T12:56:03+10:00,1790132163.117,86
2026-09-23T12:56:04+10:00,1790132164.196,86
2026-09-23T12:56:05+10:00,1790132165.156,86
2026-09-23T12:56:06+10:00,1790132166.116,87
2026-09-23T12:56:07+10:00,1790132167.196,87
2026-09-23T12:56:08+10:00,1790132168.156,87
2026-09-23T12:56:09+10:00,1790132169.116,87
2026-09-23T12:56:10+10:00,1790132170.196,87
2026-09-23T12:56:11+10:00,1790132171.156,87
2026-09-23T12:56:12+10:00,1790132172.116,87
2026-09-23T12:56:13+10:00,1790132173.197,87
2026-09-23T12:56:14+10:00,1790132174.156,87
2026-09-23T12:56:15+10:00,1790132175.116,87
2026-09-23T12:56:16+10:00,1790132176.197,86
2026-09-23T12:56:17+10:00,1790132177.156,86
2026-09-23T12:56:18+10:00,1790132178.116,87
2026-09-23T12:56:19+10:00,1790132179.196,87
2026-09-23T12:56:20+10:00,1790132180.157,87
2026-09-23T12:56:21+10:00,1790132181.236,87
2026-09-23T12:56:22+10:00,1790132182.196,87
2026-09-23T12:56:23+10:00,1790132183.157,87
2026-09-23T12:56:24+10:00,1790132184.236,87
2026-09-23T12:56:25+10:00,1790132185.196,87
2026-09-23T12:56:26+10:00,1790132186.156,87
2026-09-23T12:56:27+10:00,1790132187.236,88
2026-09-23T12:56:28+10:00,1790132188.196,88
2026-09-23T12:56:29+10:00,1790132189.156,88
2026-09-23T12:56:30+10:00,1790132190.236,89
2026-09-23T12:56:31+10:00,1790132191.197,89
2026-09-23T12:56:32+10:00,1790132192.156,89
2026-09-23T12:56:33+10:00,1790132193.236,89
2026-09-23T12:56:34+10:00,1790132194.197,89
2026-09-23T12:56:35+10:00,1790132195.157,88
2026-09-23T12:56:36+10:00,1790132196.236,89
2026-09-23T12:56:37+10:00,1790132197.197,89
2026-09-23T12:56:38+10:00,1790132198.157,88
2026-09-23T12:56:39+10:00,1790132199.236,88
2026-09-23T12:56:40+10:00,1790132200.196,87
2026-09-23T12:56:41+10:00,1790132201.156,87
2026-09-23T12:56:42+10:00,1790132202.237,85
2026-09-23T12:56:43+10:00,1790132203.196,85
2026-09-23T12:56:44+10:00,1790132204.156,83
2026-09-23T12:56:45+10:00,1790132205.237,83
2026-09-23T12:56:46+10:00,1790132206.196,83
2026-09-23T12:56:47+10:00,1790132207.157,83
2026-09-23T12:56:48+10:00,1790132208.237,83
2026-09-23T12:56:49+10:00,1790132209.196,83
2026-09-23T12:56:50+10:00,1790132210.156,81
2026-09-23T12:56:51+10:00,1790132211.237,77
2026-09-23T12:56:52+10:00,1790132212.196,77
2026-09-23T12:56:53+10:00,1790132213.157,77
2026-09-23T12:56:54+10:00,1790132214.236,77
2026-09-23T12:56:55+10:00,1790132215.197,77
2026-09-23T12:56:56+10:00,1790132216.156,77
2026-09-23T12:56:57+10:00,1790132217.237,77
2026-09-23T12:56:58+10:00,1790132218.197,77
2026-09-23T12:56:59+10:00,1790132219.157,77
2026-09-23T12:57:00+10:00,1790132220.237,78
2026-09-23T12:57:01+10:00,1790132221.196,78
2026-09-23T12:57:02+10:00,1790132222.156,78
2026-09-23T12:57:03+10:00,1790132223.236,78
2026-09-23T12:57:04+10:00,1790132224.196,78
2026-09-23T12:57:05+10:00,1790132225.156,79
2026-09-23T12:57:06+10:00,1790132226.236,79
2026-09-23T12:57:07+10:00,1790132227.196,79
2026-09-23T12:57:08+10:00,1790132228.156,79
2026-09-23T12:57:09+10:00,1790132229.236,80
2026-09-23T12:57:10+10:00,1790132230.196,80
2026-09-23T12:57:11+10:00,1790132231.156,80
2026-09-23T12:57:12+10:00,1790132232.236,80
2026-09-23T12:57:13+10:00,1790132233.196,80
2026-09-23T12:57:14+10:00,1790132234.156,80
2026-09-23T12:57:15+10:00,1790132235.236,81
2026-09-23T12:57:16+10:00,1790132236.196,81
2026-09-23T12:57:17+10:00,1790132237.156,81
2026-09-23T12:57:18+10:00,1790132238.237,82
2026-09-23T12:57:19+10:00,1790132239.196,82
2026-09-23T12:57:20+10:00,1790132240.156,80
2026-09-23T12:57:21+10:00,1790132241.236,81
2026-09-23T12:57:22+10:00,1790132242.196,81
2026-09-23T12:57:23+10:00,1790132243.156,81
2026-09-23T12:57:24+10:00,1790132244.236,81
2026-09-23T12:57:25+10:00,1790132245.196,81
2026-09-23T12:57:26+10:00,1790132246.157,81
2026-09-23T12:57:27+10:00,1790132247.236,81
2026-09-23T12:57:28+10:00,1790132248.196,81
2026-09-23T12:57:29+10:00,1790132249.157,81
2026-09-23T12:57:30+10:00,1790132250.237,80
2026-09-23T12:57:31+10:00,1790132251.197,80
2026-09-23T12:57:32+10:00,1790132252.157,81
2026-09-23T12:57:33+10:00,1790132253.237,81
2026-09-23T12:57:34+10:00,1790132254.196,81
2026-09-23T12:57:35+10:00,1790132255.157,80
2026-09-23T12:57:36+10:00,1790132256.236,80
2026-09-23T12:57:37+10:00,1790132257.197,80
2026-09-23T12:57:38+10:00,1790132258.156,80
2026-09-23T12:57:39+10:00,1790132259.236,80
2026-09-23T12:57:40+10:00,1790132260.197,77
2026-09-23T12:57:41+10:00,1790132261.156,76
2026-09-23T12:57:42+10:00,1790132262.236,76
2026-09-23T12:57:43+10:00,1790132263.196,76
2026-09-23T12:57:44+10:00,1790132264.156,76
2026-09-23T12:57:45+10:00,1790132265.236,76
2026-09-23T12:57:46+10:00,1790132266.197,77
2026-09-23T12:57:47+10:00,1790132267.396,77
2026-09-23T12:57:48+10:00,1790132268.236,77
2026-09-23T12:57:49+10:00,1790132269.197,77
2026-09-23T12:57:50+10:00,1790132270.157,77
2026-09-23T12:57:51+10:00,1790132271.237,79
2026-09-23T12:57:52+10:00,1790132272.198,80
2026-09-23T12:57:53+10:00,1790132273.277,81
2026-09-23T12:57:54+10:00,1790132274.237,82
2026-09-23T12:57:55+10:00,1790132275.197,82
2026-09-23T12:57:56+10:00,1790132276.276,82
2026-09-23T12:57:57+10:00,1790132277.236,79
2026-09-23T12:57:58+10:00,1790132278.196,78
2026-09-23T12:57:59+10:00,1790132279.276,78
2026-09-23T12:58:00+10:00,1790132280.236,78
2026-09-23T12:58:01+10:00,1790132281.197,78
2026-09-23T12:58:02+10:00,1790132282.276,79
2026-09-23T12:58:03+10:00,1790132283.237,78
2026-09-23T12:58:04+10:00,1790132284.197,79
2026-09-23T12:58:05+10:00,1790132285.276,78
2026-09-23T12:58:06+10:00,1790132286.237,78
2026-09-23T12:58:07+10:00,1790132287.197,78
2026-09-23T12:58:08+10:00,1790132288.276,78
2026-09-23T12:58:09+10:00,1790132289.236,78
2026-09-23T12:58:10+10:00,1790132290.196,78
2026-09-23T12:58:11+10:00,1790132291.276,78
2026-09-23T12:58:12+10:00,1790132292.237,76
2026-09-23T12:58:13+10:00,1790132293.196,76
2026-09-23T12:58:14+10:00,1790132294.278,74
2026-09-23T12:58:15+10:00,1790132295.237,73
2026-09-23T12:58:16+10:00,1790132296.197,73
2026-09-23T12:58:17+10:00,1790132297.278,73
2026-09-23T12:58:18+10:00,1790132298.237,73
2026-09-23T12:58:19+10:00,1790132299.198,73
2026-09-23T12:58:20+10:00,1790132300.277,73
2026-09-23T12:58:21+10:00,1790132301.237,73
2026-09-23T12:58:22+10:00,1790132302.196,73
2026-09-23T12:58:23+10:00,1790132303.276,73
2026-09-23T12:58:24+10:00,1790132304.236,74
2026-09-23T12:58:25+10:00,1790132305.197,74
2026-09-23T12:58:26+10:00,1790132306.277,74
2026-09-23T12:58:27+10:00,1790132307.236,74
2026-09-23T12:58:28+10:00,1790132308.197,73
2026-09-23T12:58:29+10:00,1790132309.277,73
2026-09-23T12:58:30+10:00,1790132310.236,75
2026-09-23T12:58:31+10:00,1790132311.196,75
2026-09-23T12:58:32+10:00,1790132312.277,76
2026-09-23T12:58:33+10:00,1790132313.237,77
2026-09-23T12:58:34+10:00,1790132314.197,78
2026-09-23T12:58:35+10:00,1790132315.277,78
2026-09-23T12:58:36+10:00,1790132316.237,78
2026-09-23T12:58:37+10:00,1790132317.197,78
2026-09-23T12:58:38+10:00,1790132318.277,78
2026-09-23T12:58:39+10:00,1790132319.237,78
2026-09-23T12:58:40+10:00,1790132320.197,78
2026-09-23T12:58:41+10:00,1790132321.277,78
2026-09-23T12:58:42+10:00,1790132322.237,78
2026-09-23T12:58:43+10:00,1790132323.197,78
2026-09-23T12:58:44+10:00,1790132324.277,78
2026-09-23T12:58:45+10:00,1790132325.237,80
2026-09-23T12:58:46+10:00,1790132326.197,80
2026-09-23T12:58:47+10:00,1790132327.277,81
2026-09-23T12:58:48+10:00,1790132328.237,82
2026-09-23T12:58:49+10:00,1790132329.197,82
2026-09-23T12:58:50+10:00,1790132330.277,83
2026-09-23T12:58:51+10:00,1790132331.236,83
2026-09-23T12:58:52+10:00,1790132332.197,83
2026-09-23T12:58:53+10:00,1790132333.277,83
2026-09-23T12:58:54+10:00,1790132334.237,83
2026-09-23T12:58:55+10:00,1790132335.197,83
2026-09-23T12:58:56+10:00,1790132336.277,83
2026-09-23T12:58:57+10:00,1790132337.237,84
2026-09-23T12:58:58+10:00,1790132338.197,84
2026-09-23T12:58:59+10:00,1790132339.277,84
2026-09-23T12:59:00+10:00,1790132340.237,84
2026-09-23T12:59:01+10:00,1790132341.197,84
2026-09-23T12:59:02+10:00,1790132342.277,84
2026-09-23T12:59:03+10:00,1790132343.237,84
2026-09-23T12:59:04+10:00,1790132344.197,84
2026-09-23T12:59:05+10:00,1790132345.277,84
2026-09-23T12:59:06+10:00,1790132346.237,84
2026-09-23T12:59:07+10:00,1790132347.437,84
2026-09-23T12:59:08+10:00,1790132348.277,84
2026-09-23T12:59:09+10:00,1790132349.237,86
2026-09-23T12:59:10+10:00,1790132350.197,86
2026-09-23T12:59:11+10:00,1790132351.277,86
2026-09-23T12:59:12+10:00,1790132352.238,88
2026-09-23T12:59:13+10:00,1790132353.197,88
2026-09-23T12:59:14+10:00,1790132354.277,89
2026-09-23T12:59:15+10:00,1790132355.237,91
2026-09-23T12:59:16+10:00,1790132356.197,91
2026-09-23T12:59:17+10:00,1790132357.277,91
2026-09-23T12:59:18+10:00,1790132358.237,90
2026-09-23T12:59:19+10:00,1790132359.197,90
2026-09-23T12:59:20+10:00,1790132360.277,88
2026-09-23T12:59:21+10:00,1790132361.237,87
2026-09-23T12:59:22+10:00,1790132362.196,87
2026-09-23T12:59:23+10:00,1790132363.277,87
2026-09-23T12:59:24+10:00,1790132364.237,87
2026-09-23T12:59:25+10:00,1790132365.198,87
2026-09-23T12:59:26+10:00,1790132366.277,86
2026-09-23T12:59:27+10:00,1790132367.237,85
2026-09-23T12:59:28+10:00,1790132368.197,83
2026-09-23T12:59:29+10:00,1790132369.277,83
2026-09-23T12:59:30+10:00,1790132370.238,81
2026-09-23T12:59:31+10:00,1790132371.197,81
2026-09-23T12:59:32+10:00,1790132372.278,80
2026-09-23T12:59:33+10:00,1790132373.237,80
2026-09-23T12:59:34+10:00,1790132374.197,80
2026-09-23T12:59:35+10:00,1790132375.277,80
2026-09-23T12:59:36+10:00,1790132376.237,80
2026-09-23T12:59:37+10:00,1790132377.197,80
2026-09-23T12:59:38+10:00,1790132378.278,80
2026-09-23T12:59:39+10:00,1790132379.237,80
2026-09-23T12:59:40+10:00,1790132380.437,80
2026-09-23T12:59:41+10:00,1790132381.278,80
2026-09-23T12:59:42+10:00,1790132382.237,80
2026-09-23T12:59:43+10:00,1790132383.197,80
2026-09-23T12:59:44+10:00,1790132384.277,81
2026-09-23T12:59:45+10:00,1790132385.237,81
2026-09-23T12:59:46+10:00,1790132386.197,80
2026-09-23T12:59:47+10:00,1790132387.278,80
2026-09-23T12:59:48+10:00,1790132388.237,80
2026-09-23T12:59:49+10:00,1790132389.198,80
2026-09-23T12:59:50+10:00,1790132390.277,83
2026-09-23T12:59:51+10:00,1790132391.237,84
2026-09-23T12:59:52+10:00,1790132392.197,84
2026-09-23T12:59:53+10:00,1790132393.277,84
2026-09-23T12:59:54+10:00,1790132394.478,84
2026-09-23T12:59:55+10:00,1790132395.197,84
2026-09-23T12:59:56+10:00,1790132396.277,84
2026-09-23T12:59:57+10:00,1790132397.238,84
2026-09-23T12:59:58+10:00,1790132398.197,84
2026-09-23T12:59:59+10:00,1790132399.277,85
2026-09-23T13:00:00+10:00,1790132400.238,85
2026-09-23T13:00:01+10:00,1790132401.198,85
2026-09-23T13:00:02+10:00,1790132402.277,85
2026-09-23T13:00:03+10:00,1790132403.237,86
2026-09-23T13:00:04+10:00,1790132404.197,87
2026-09-23T13:00:05+10:00,1790132405.278,87
2026-09-23T13:00:06+10:00,1790132406.237,87
2026-09-23T13:00:07+10:00,1790132407.198,87
2026-09-23T13:00:08+10:00,1790132408.277,87
2026-09-23T13:00:09+10:00,1790132409.237,87
2026-09-23T13:00:10+10:00,1790132410.197,87
2026-09-23T13:00:11+10:00,1790132411.277,87
2026-09-23T13:00:12+10:00,1790132412.237,87
2026-09-23T13:00:13+10:00,1790132413.437,87
2026-09-23T13:00:14+10:00,1790132414.277,87
2026-09-23T13:00:15+10:00,1790132415.237,87
2026-09-23T13:00:16+10:00,1790132416.197,87
2026-09-23T13:00:17+10:00,1790132417.277,85
2026-09-23T13:00:18+10:00,1790132418.238,82
2026-09-23T13:00:19+10:00,1790132419.317,82
2026-09-23T13:00:20+10:00,1790132420.277,81
2026-09-23T13:00:21+10:00,1790132421.237,80
2026-09-23T13:00:22+10:00,1790132422.317,80
2026-09-23T13:00:23+10:00,1790132423.277,80
2026-09-23T13:00:24+10:00,1790132424.237,83
2026-09-23T13:00:25+10:00,1790132425.317,83
2026-09-23T13:00:26+10:00,1790132426.277,84
2026-09-23T13:00:27+10:00,1790132427.477,83
2026-09-23T13:00:28+10:00,1790132428.317,83
2026-09-23T13:00:29+10:00,1790132429.277,83
2026-09-23T13:00:30+10:00,1790132430.237,83
2026-09-23T13:00:31+10:00,1790132431.317,83
2026-09-23T13:00:32+10:00,1790132432.278,83
2026-09-23T13:00:33+10:00,1790132433.237,83
2026-09-23T13:00:34+10:00,1790132434.318,83
2026-09-23T13:00:35+10:00,1790132435.277,83
2026-09-23T13:00:36+10:00,1790132436.238,83
2026-09-23T13:00:37+10:00,1790132437.317,83
2026-09-23T13:00:38+10:00,1790132438.278,83
2026-09-23T13:00:39+10:00,1790132439.238,83
2026-09-23T13:00:40+10:00,1790132440.317,83
2026-09-23T13:00:41+10:00,1790132441.277,82
2026-09-23T13:00:42+10:00,1790132442.238,82
2026-09-23T13:00:43+10:00,1790132443.318,82
2026-09-23T13:00:44+10:00,1790132444.277,84
2026-09-23T13:00:45+10:00,1790132445.238,84
2026-09-23T13:00:46+10:00,1790132446.317,83
2026-09-23T13:00:47+10:00,1790132447.277,79
2026-09-23T13:00:48+10:00,1790132448.237,77
2026-09-23T13:00:49+10:00,1790132449.318,77
2026-09-23T13:00:50+10:00,1790132450.277,76
2026-09-23T13:00:51+10:00,1790132451.237,76
2026-09-23T13:00:52+10:00,1790132452.317,76
2026-09-23T13:00:53+10:00,1790132453.277,77
2026-09-23T13:00:54+10:00,1790132454.238,76
2026-09-23T13:00:55+10:00,1790132455.317,76
2026-09-23T13:00:56+10:00,1790132456.277,76
2026-09-23T13:00:57+10:00,1790132457.237,76
2026-09-23T13:00:58+10:00,1790132458.318,76
2026-09-23T13:00:59+10:00,1790132459.277,76
2026-09-23T13:01:00+10:00,1790132460.477,76
2026-09-23T13:01:01+10:00,1790132461.317,76
2026-09-23T13:01:02+10:00,1790132462.277,76
2026-09-23T13:01:03+10:00,1790132463.238,76
2026-09-23T13:01:04+10:00,1790132464.318,76
2026-09-23T13:01:05+10:00,1790132465.278,77
2026-09-23T13:01:06+10:00,1790132466.237,77
2026-09-23T13:01:07+10:00,1790132467.317,77
2026-09-23T13:01:08+10:00,1790132468.278,79
2026-09-23T13:01:09+10:00,1790132469.238,80
2026-09-23T13:01:10+10:00,1790132470.317,79
2026-09-23T13:01:11+10:00,1790132471.278,79
2026-09-23T13:01:12+10:00,1790132472.237,79
2026-09-23T13:01:13+10:00,1790132473.317,79
2026-09-23T13:01:14+10:00,1790132474.518,81
2026-09-23T13:01:15+10:00,1790132475.238,83
2026-09-23T13:01:16+10:00,1790132476.317,83
2026-09-23T13:01:17+10:00,1790132477.277,83
2026-09-23T13:01:18+10:00,1790132478.237,83
2026-09-23T13:01:19+10:00,1790132479.319,83
2026-09-23T13:01:20+10:00,1790132480.278,83
2026-09-23T13:01:21+10:00,1790132481.238,83
2026-09-23T13:01:22+10:00,1790132482.317,83
2026-09-23T13:01:23+10:00,1790132483.277,83
2026-09-23T13:01:24+10:00,1790132484.238,83
2026-09-23T13:01:25+10:00,1790132485.318,83
2026-09-23T13:01:26+10:00,1790132486.278,82
2026-09-23T13:01:27+10:00,1790132487.237,82
2026-09-23T13:01:28+10:00,1790132488.317,82
2026-09-23T13:01:29+10:00,1790132489.278,81
2026-09-23T13:01:30+10:00,1790132490.237,81
2026-09-23T13:01:31+10:00,1790132491.318,81
2026-09-23T13:01:32+10:00,1790132492.278,81
2026-09-23T13:01:33+10:00,1790132493.478,81
2026-09-23T13:01:34+10:00,1790132494.318,81
2026-09-23T13:01:35+10:00,1790132495.278,81
2026-09-23T13:01:36+10:00,1790132496.238,81
2026-09-23T13:01:37+10:00,1790132497.318,81
2026-09-23T13:01:38+10:00,1790132498.278,82
2026-09-23T13:01:39+10:00,1790132499.239,82
2026-09-23T13:01:40+10:00,1790132500.318,83
2026-09-23T13:01:41+10:00,1790132501.278,83
2026-09-23T13:01:42+10:00,1790132502.238,81
2026-09-23T13:01:43+10:00,1790132503.318,81
2026-09-23T13:01:44+10:00,1790132504.278,81
2026-09-23T13:01:45+10:00,1790132505.358,81
2026-09-23T13:01:46+10:00,1790132506.317,80
2026-09-23T13:01:47+10:00,1790132507.518,80
2026-09-23T13:01:48+10:00,1790132508.358,80
2026-09-23T13:01:49+10:00,1790132509.317,80
2026-09-23T13:01:50+10:00,1790132510.278,80
2026-09-23T13:01:51+10:00,1790132511.358,80
2026-09-23T13:01:52+10:00,1790132512.318,80
2026-09-23T13:01:53+10:00,1790132513.278,80
2026-09-23T13:01:54+10:00,1790132514.358,81
2026-09-23T13:01:55+10:00,1790132515.318,81
2026-09-23T13:01:56+10:00,1790132516.278,82
2026-09-23T13:01:57+10:00,1790132517.358,82
2026-09-23T13:01:58+10:00,1790132518.318,82
2026-09-23T13:01:59+10:00,1790132519.278,82
2026-09-23T13:02:00+10:00,1790132520.358,81
2026-09-23T13:02:01+10:00,1790132521.558,81
2026-09-23T13:02:02+10:00,1790132522.278,81
2026-09-23T13:02:03+10:00,1790132523.358,81
2026-09-23T13:02:04+10:00,1790132524.318,84
2026-09-23T13:02:05+10:00,1790132525.279,84
2026-09-23T13:02:06+10:00,1790132526.358,84
2026-09-23T13:02:07+10:00,1790132527.318,84
2026-09-23T13:02:08+10:00,1790132528.278,84
2026-09-23T13:02:09+10:00,1790132529.359,84
2026-09-23T13:02:10+10:00,1790132530.318,84
2026-09-23T13:02:11+10:00,1790132531.278,84
2026-09-23T13:02:12+10:00,1790132532.358,84
2026-09-23T13:02:13+10:00,1790132533.319,84
2026-09-23T13:02:14+10:00,1790132534.278,84
2026-09-23T13:02:15+10:00,1790132535.358,84
2026-09-23T13:02:16+10:00,1790132536.320,81
2026-09-23T13:02:17+10:00,1790132537.278,80
2026-09-23T13:02:18+10:00,1790132538.358,81
2026-09-23T13:02:19+10:00,1790132539.317,81
2026-09-23T13:02:20+10:00,1790132540.518,80
2026-09-23T13:02:21+10:00,1790132541.374,80
2026-09-23T13:02:22+10:00,1790132542.319,79
2026-09-23T13:02:23+10:00,1790132543.279,78
2026-09-23T13:02:24+10:00,1790132544.360,78
2026-09-23T13:02:25+10:00,1790132545.319,78
2026-09-23T13:02:26+10:00,1790132546.278,78
2026-09-23T13:02:27+10:00,1790132547.358,78
2026-09-23T13:02:28+10:00,1790132548.333,78
2026-09-23T13:02:29+10:00,1790132549.292,79
2026-09-23T13:02:30+10:00,1790132550.360,80
2026-09-23T13:02:31+10:00,1790132551.320,80
2026-09-23T13:02:32+10:00,1790132552.279,81
2026-09-23T13:02:33+10:00,1790132553.358,81
2026-09-23T13:02:34+10:00,1790132554.558,82
2026-09-23T13:02:35+10:00,1790132555.279,82
2026-09-23T13:02:36+10:00,1790132556.358,83
2026-09-23T13:02:37+10:00,1790132557.318,83
2026-09-23T13:02:38+10:00,1790132558.277,83
2026-09-23T13:02:39+10:00,1790132559.358,83
2026-09-23T13:02:40+10:00,1790132560.317,82
2026-09-23T13:02:41+10:00,1790132561.277,82
2026-09-23T13:02:42+10:00,1790132562.358,82
2026-09-23T13:02:43+10:00,1790132563.318,82
2026-09-23T13:02:44+10:00,1790132564.278,82
2026-09-23T13:02:45+10:00,1790132565.357,82
2026-09-23T13:02:46+10:00,1790132566.318,82
2026-09-23T13:02:47+10:00,1790132567.278,83
2026-09-23T13:02:48+10:00,1790132568.358,83
2026-09-23T13:02:49+10:00,1790132569.318,83
2026-09-23T13:02:50+10:00,1790132570.278,84
2026-09-23T13:02:51+10:00,1790132571.358,84
2026-09-23T13:02:52+10:00,1790132572.318,84
2026-09-23T13:02:53+10:00,1790132573.518,84
2026-09-23T13:02:54+10:00,1790132574.358,84
2026-09-23T13:02:55+10:00,1790132575.318,84
2026-09-23T13:02:56+10:00,1790132576.278,84
2026-09-23T13:02:57+10:00,1790132577.358,86
2026-09-23T13:02:58+10:00,1790132578.318,87
2026-09-23T13:02:59+10:00,1790132579.278,87
2026-09-23T13:03:00+10:00,1790132580.358,87
2026-09-23T13:03:01+10:00,1790132581.318,87
2026-09-23T13:03:02+10:00,1790132582.278,88
2026-09-23T13:03:03+10:00,1790132583.358,88
2026-09-23T13:03:04+10:00,1790132584.318,87
2026-09-23T13:03:05+10:00,1790132585.278,87
2026-09-23T13:03:06+10:00,1790132586.358,87
2026-09-23T13:03:07+10:00,1790132587.558,87
2026-09-23T13:03:08+10:00,1790132588.278,87
2026-09-23T13:03:09+10:00,1790132589.358,84
2026-09-23T13:03:10+10:00,1790132590.318,83
2026-09-23T13:03:11+10:00,1790132591.278,83
2026-09-23T13:03:12+10:00,1790132592.358,83
2026-09-23T13:03:13+10:00,1790132593.318,83
2026-09-23T13:03:14+10:00,1790132594.278,83
2026-09-23T13:03:15+10:00,1790132595.358,83
2026-09-23T13:03:16+10:00,1790132596.319,83
2026-09-23T13:03:17+10:00,1790132597.279,83
2026-09-23T13:03:18+10:00,1790132598.358,83
2026-09-23T13:03:19+10:00,1790132599.318,83
2026-09-23T13:03:20+10:00,1790132600.278,83
2026-09-23T13:03:21+10:00,1790132601.598,83
2026-09-23T13:03:22+10:00,1790132602.318,83
2026-09-23T13:03:23+10:00,1790132603.278,83
2026-09-23T13:03:24+10:00,1790132604.358,83
2026-09-23T13:03:25+10:00,1790132605.318,83
2026-09-23T13:03:26+10:00,1790132606.518,83
2026-09-23T13:03:27+10:00,1790132607.358,85
2026-09-23T13:03:28+10:00,1790132608.318,87
2026-09-23T13:03:29+10:00,1790132609.278,88
2026-09-23T13:03:30+10:00,1790132610.358,90
2026-09-23T13:03:31+10:00,1790132611.318,90
2026-09-23T13:03:32+10:00,1790132612.278,91
2026-09-23T13:03:33+10:00,1790132613.358,91
2026-09-23T13:03:34+10:00,1790132614.318,91
2026-09-23T13:03:35+10:00,1790132615.278,91
2026-09-23T13:03:36+10:00,1790132616.358,90
2026-09-23T13:03:37+10:00,1790132617.318,90
2026-09-23T13:03:38+10:00,1790132618.278,90
2026-09-23T13:03:39+10:00,1790132619.358,90
2026-09-23T13:03:40+10:00,1790132620.559,90
2026-09-23T13:03:41+10:00,1790132621.278,89
2026-09-23T13:03:42+10:00,1790132622.358,89
2026-09-23T13:03:43+10:00,1790132623.318,89
2026-09-23T13:03:44+10:00,1790132624.278,89
2026-09-23T13:03:45+10:00,1790132625.358,89
2026-09-23T13:03:46+10:00,1790132626.319,87
2026-09-23T13:03:47+10:00,1790132627.279,86
2026-09-23T13:03:48+10:00,1790132628.359,86
2026-09-23T13:03:49+10:00,1790132629.319,86
2026-09-23T13:03:50+10:00,1790132630.279,86
2026-09-23T13:03:51+10:00,1790132631.359,87
2026-09-23T13:03:52+10:00,1790132632.320,87
2026-09-23T13:03:53+10:00,1790132633.278,87
2026-09-23T13:03:54+10:00,1790132634.599,87
2026-09-23T13:03:55+10:00,1790132635.319,87
2026-09-23T13:03:56+10:00,1790132636.279,86
2026-09-23T13:03:57+10:00,1790132637.359,82
2026-09-23T13:03:58+10:00,1790132638.319,81
2026-09-23T13:03:59+10:00,1790132639.519,78
2026-09-23T13:04:00+10:00,1790132640.360,78
2026-09-23T13:04:01+10:00,1790132641.319,78
2026-09-23T13:04:02+10:00,1790132642.278,78
2026-09-23T13:04:03+10:00,1790132643.358,78
2026-09-23T13:04:04+10:00,1790132644.318,77
2026-09-23T13:04:05+10:00,1790132645.398,77
2026-09-23T13:04:06+10:00,1790132646.358,77
2026-09-23T13:04:07+10:00,1790132647.318,77
2026-09-23T13:04:08+10:00,1790132648.639,77
2026-09-23T13:04:09+10:00,1790132649.360,77
2026-09-23T13:04:10+10:00,1790132650.319,77
2026-09-23T13:04:11+10:00,1790132651.399,77
2026-09-23T13:04:12+10:00,1790132652.360,79
2026-09-23T13:04:13+10:00,1790132653.559,79
2026-09-23T13:04:14+10:00,1790132654.399,79
2026-09-23T13:04:15+10:00,1790132655.359,80
2026-09-23T13:04:16+10:00,1790132656.319,81
2026-09-23T13:04:17+10:00,1790132657.398,84
2026-09-23T13:04:18+10:00,1790132658.359,84
2026-09-23T13:04:19+10:00,1790132659.318,84
2026-09-23T13:04:20+10:00,1790132660.398,84
2026-09-23T13:04:21+10:00,1790132661.358,87
2026-09-23T13:04:22+10:00,1790132662.318,88
2026-09-23T13:04:23+10:00,1790132663.398,89
2026-09-23T13:04:24+10:00,1790132664.358,89
2026-09-23T13:04:25+10:00,1790132665.318,89
2026-09-23T13:04:26+10:00,1790132666.399,87
2026-09-23T13:04:27+10:00,1790132667.598,85
2026-09-23T13:04:28+10:00,1790132668.318,84
2026-09-23T13:04:29+10:00,1790132669.398,83
2026-09-23T13:04:30+10:00,1790132670.358,83
2026-09-23T13:04:31+10:00,1790132671.318,83
2026-09-23T13:04:32+10:00,1790132672.398,83
2026-09-23T13:04:33+10:00,1790132673.358,83
2026-09-23T13:04:34+10:00,1790132674.318,83
2026-09-23T13:04:35+10:00,1790132675.398,83
2026-09-23T13:04:36+10:00,1790132676.359,82
2026-09-23T13:04:37+10:00,1790132677.318,82
2026-09-23T13:04:38+10:00,1790132678.399,81
2026-09-23T13:04:39+10:00,1790132679.358,80
2026-09-23T13:04:40+10:00,1790132680.318,80
2026-09-23T13:04:41+10:00,1790132681.638,80
2026-09-23T13:04:42+10:00,1790132682.358,80
2026-09-23T13:04:43+10:00,1790132683.318,80
2026-09-23T13:04:44+10:00,1790132684.398,80
2026-09-23T13:04:45+10:00,1790132685.358,81
2026-09-23T13:04:46+10:00,1790132686.558,81
2026-09-23T13:04:47+10:00,1790132687.398,82
2026-09-23T13:04:48+10:00,1790132688.358,82
2026-09-23T13:04:49+10:00,1790132689.319,82
2026-09-23T13:04:50+10:00,1790132690.398,82
2026-09-23T13:04:51+10:00,1790132691.359,82
2026-09-23T13:04:52+10:00,1790132692.320,82
2026-09-23T13:04:53+10:00,1790132693.399,82
2026-09-23T13:04:54+10:00,1790132694.359,83
2026-09-23T13:04:55+10:00,1790132695.440,83
2026-09-23T13:04:56+10:00,1790132696.399,83
2026-09-23T13:04:57+10:00,1790132697.359,84
2026-09-23T13:04:58+10:00,1790132698.319,84
2026-09-23T13:04:59+10:00,1790132699.400,84
2026-09-23T13:05:00+10:00,1790132700.599,86
2026-09-23T13:05:01+10:00,1790132701.319,86
2026-09-23T13:05:02+10:00,1790132702.399,86
2026-09-23T13:05:03+10:00,1790132703.359,86
2026-09-23T13:05:04+10:00,1790132704.319,86
2026-09-23T13:05:05+10:00,1790132705.399,86
2026-09-23T13:05:06+10:00,1790132706.359,86
2026-09-23T13:05:07+10:00,1790132707.319,86
2026-09-23T13:05:08+10:00,1790132708.398,86
2026-09-23T13:05:09+10:00,1790132709.358,86
2026-09-23T13:05:10+10:00,1790132710.319,86
2026-09-23T13:05:11+10:00,1790132711.399,86
2026-09-23T13:05:12+10:00,1790132712.359,86
2026-09-23T13:05:13+10:00,1790132713.319,86
2026-09-23T13:05:14+10:00,1790132714.639,86
2026-09-23T13:05:15+10:00,1790132715.359,86
2026-09-23T13:05:16+10:00,1790132716.319,86
2026-09-23T13:05:17+10:00,1790132717.399,86
2026-09-23T13:05:18+10:00,1790132718.359,86
2026-09-23T13:05:19+10:00,1790132719.320,86
2026-09-23T13:05:20+10:00,1790132720.399,86
2026-09-23T13:05:21+10:00,1790132721.360,86
2026-09-23T13:05:22+10:00,1790132722.321,86
2026-09-23T13:05:23+10:00,1790132723.400,86
2026-09-23T13:05:24+10:00,1790132724.359,86
2026-09-23T13:05:25+10:00,1790132725.439,86
2026-09-23T13:05:26+10:00,1790132726.399,86
2026-09-23T13:05:27+10:00,1790132727.358,86
2026-09-23T13:05:28+10:00,1790132728.678,86
2026-09-23T13:05:29+10:00,1790132729.398,86
2026-09-23T13:05:30+10:00,1790132730.358,85
2026-09-23T13:05:31+10:00,1790132731.439,85
2026-09-23T13:05:32+10:00,1790132732.398,85
2026-09-23T13:05:33+10:00,1790132733.598,85
2026-09-23T13:05:34+10:00,1790132734.438,85
2026-09-23T13:05:35+10:00,1790132735.399,85
2026-09-23T13:05:36+10:00,1790132736.358,85
2026-09-23T13:05:37+10:00,1790132737.439,85
2026-09-23T13:05:38+10:00,1790132738.399,85
2026-09-23T13:05:39+10:00,1790132739.358,85
2026-09-23T13:05:40+10:00,1790132740.439,85
2026-09-23T13:05:41+10:00,1790132741.399,85
2026-09-23T13:05:42+10:00,1790132742.358,86
2026-09-23T13:05:43+10:00,1790132743.439,86
2026-09-23T13:05:44+10:00,1790132744.399,86
2026-09-23T13:05:45+10:00,1790132745.359,86
2026-09-23T13:05:46+10:00,1790132746.439,86
2026-09-23T13:05:47+10:00,1790132747.639,85
2026-09-23T13:05:48+10:00,1790132748.359,85
2026-09-23T13:05:49+10:00,1790132749.439,85
2026-09-23T13:05:50+10:00,1790132750.399,85
2026-09-23T13:05:51+10:00,1790132751.360,85
2026-09-23T13:05:52+10:00,1790132752.440,85
2026-09-23T13:05:53+10:00,1790132753.399,85
2026-09-23T13:05:54+10:00,1790132754.359,85
2026-09-23T13:05:55+10:00,1790132755.439,85
2026-09-23T13:05:56+10:00,1790132756.399,84
2026-09-23T13:05:57+10:00,1790132757.359,83
2026-09-23T13:05:58+10:00,1790132758.439,83
2026-09-23T13:05:59+10:00,1790132759.399,82
2026-09-23T13:06:00+10:00,1790132760.359,80
2026-09-23T13:06:01+10:00,1790132761.679,80
2026-09-23T13:06:02+10:00,1790132762.399,80
2026-09-23T13:06:03+10:00,1790132763.359,80
2026-09-23T13:06:04+10:00,1790132764.439,80
2026-09-23T13:06:05+10:00,1790132765.399,80
2026-09-23T13:06:06+10:00,1790132766.599,80
2026-09-23T13:06:07+10:00,1790132767.439,80
2026-09-23T13:06:08+10:00,1790132768.399,80
2026-09-23T13:06:09+10:00,1790132769.359,80
2026-09-23T13:06:10+10:00,1790132770.439,80
2026-09-23T13:06:11+10:00,1790132771.399,80
2026-09-23T13:06:12+10:00,1790132772.359,80
2026-09-23T13:06:13+10:00,1790132773.439,80
2026-09-23T13:06:14+10:00,1790132774.399,80
2026-09-23T13:06:15+10:00,1790132775.599,80
2026-09-23T13:06:16+10:00,1790132776.439,79
2026-09-23T13:06:17+10:00,1790132777.399,79
2026-09-23T13:06:18+10:00,1790132778.359,79
2026-09-23T13:06:19+10:00,1790132779.439,79
2026-09-23T13:06:20+10:00,1790132780.639,79
2026-09-23T13:06:21+10:00,1790132781.359,79
2026-09-23T13:06:22+10:00,1790132782.439,79
2026-09-23T13:06:23+10:00,1790132783.399,78
2026-09-23T13:06:24+10:00,1790132784.359,78
2026-09-23T13:06:25+10:00,1790132785.439,78
2026-09-23T13:06:26+10:00,1790132786.399,78
2026-09-23T13:06:27+10:00,1790132787.359,78
2026-09-23T13:06:28+10:00,1790132788.439,78
2026-09-23T13:06:29+10:00,1790132789.399,78
2026-09-23T13:06:30+10:00,1790132790.359,79
2026-09-23T13:06:31+10:00,1790132791.439,79
2026-09-23T13:06:32+10:00,1790132792.399,79
2026-09-23T13:06:33+10:00,1790132793.359,79
2026-09-23T13:06:34+10:00,1790132794.680,79
2026-09-23T13:06:35+10:00,1790132795.400,78
2026-09-23T13:06:36+10:00,1790132796.359,77
2026-09-23T13:06:37+10:00,1790132797.440,77
2026-09-23T13:06:38+10:00,1790132798.400,76
2026-09-23T13:06:39+10:00,1790132799.359,76
2026-09-23T13:06:40+10:00,1790132800.439,76
2026-09-23T13:06:41+10:00,1790132801.399,76
2026-09-23T13:06:42+10:00,1790132802.360,76
2026-09-23T13:06:43+10:00,1790132803.439,76
2026-09-23T13:06:44+10:00,1790132804.399,76
2026-09-23T13:06:45+10:00,1790132805.479,76
2026-09-23T13:06:46+10:00,1790132806.439,76
2026-09-23T13:06:47+10:00,1790132807.399,75
2026-09-23T13:06:48+10:00,1790132808.719,76
2026-09-23T13:06:49+10:00,1790132809.439,76
2026-09-23T13:06:50+10:00,1790132810.399,76
2026-09-23T13:06:51+10:00,1790132811.481,76
2026-09-23T13:06:52+10:00,1790132812.439,76
2026-09-23T13:06:53+10:00,1790132813.639,76
2026-09-23T13:06:54+10:00,1790132814.479,76
2026-09-23T13:06:55+10:00,1790132815.439,76
2026-09-23T13:06:56+10:00,1790132816.399,76
2026-09-23T13:06:57+10:00,1790132817.479,76
2026-09-23T13:06:58+10:00,1790132818.439,76
2026-09-23T13:06:59+10:00,1790132819.399,76
2026-09-23T13:07:00+10:00,1790132820.480,78
2026-09-23T13:07:01+10:00,1790132821.440,78
2026-09-23T13:07:02+10:00,1790132822.519,79
2026-09-23T13:07:03+10:00,1790132823.479,79
2026-09-23T13:07:04+10:00,1790132824.439,79
2026-09-23T13:07:05+10:00,1790132825.399,79
2026-09-23T13:07:06+10:00,1790132826.479,79
2026-09-23T13:07:07+10:00,1790132827.679,79
2026-09-23T13:07:08+10:00,1790132828.399,79
2026-09-23T13:07:09+10:00,1790132829.479,80
2026-09-23T13:07:10+10:00,1790132830.439,79
2026-09-23T13:07:11+10:00,1790132831.399,80
2026-09-23T13:07:12+10:00,1790132832.479,80
2026-09-23T13:07:13+10:00,1790132833.439,80
2026-09-23T13:07:14+10:00,1790132834.399,80
2026-09-23T13:07:15+10:00,1790132835.479,80
2026-09-23T13:07:16+10:00,1790132836.439,80
2026-09-23T13:07:17+10:00,1790132837.399,79
2026-09-23T13:07:18+10:00,1790132838.479,79
2026-09-23T13:07:19+10:00,1790132839.439,79
2026-09-23T13:07:20+10:00,1790132840.399,79
2026-09-23T13:07:21+10:00,1790132841.719,79
2026-09-23T13:07:22+10:00,1790132842.439,79
2026-09-23T13:07:23+10:00,1790132843.399,79
2026-09-23T13:07:24+10:00,1790132844.479,80
2026-09-23T13:07:25+10:00,1790132845.439,80
2026-09-23T13:07:26+10:00,1790132846.399,81
2026-09-23T13:07:27+10:00,1790132847.479,83
2026-09-23T13:07:28+10:00,1790132848.440,84
2026-09-23T13:07:29+10:00,1790132849.399,84
2026-09-23T13:07:30+10:00,1790132850.479,84
2026-09-23T13:07:31+10:00,1790132851.439,84
2026-09-23T13:07:32+10:00,1790132852.399,84
2026-09-23T13:07:33+10:00,1790132853.479,84
2026-09-23T13:07:34+10:00,1790132854.439,83
2026-09-23T13:07:35+10:00,1790132855.639,82
2026-09-23T13:07:36+10:00,1790132856.479,81
2026-09-23T13:07:37+10:00,1790132857.439,81
2026-09-23T13:07:38+10:00,1790132858.399,79
2026-09-23T13:07:39+10:00,1790132859.479,79
2026-09-23T13:07:40+10:00,1790132860.682,78
2026-09-23T13:07:41+10:00,1790132861.400,77
2026-09-23T13:07:42+10:00,1790132862.482,76
2026-09-23T13:07:43+10:00,1790132863.440,76
2026-09-23T13:07:44+10:00,1790132864.400,75
2026-09-23T13:07:45+10:00,1790132865.480,74
2026-09-23T13:07:46+10:00,1790132866.440,73
2026-09-23T13:07:47+10:00,1790132867.399,72
2026-09-23T13:07:48+10:00,1790132868.479,70
2026-09-23T13:07:49+10:00,1790132869.439,70
2026-09-23T13:07:50+10:00,1790132870.400,70
2026-09-23T13:07:51+10:00,1790132871.479,70
2026-09-23T13:07:52+10:00,1790132872.439,70
2026-09-23T13:07:53+10:00,1790132873.519,74
2026-09-23T13:07:54+10:00,1790132874.719,78
2026-09-23T13:07:55+10:00,1790132875.439,78
2026-09-23T13:07:56+10:00,1790132876.519,80
2026-09-23T13:07:57+10:00,1790132877.479,80
2026-09-23T13:07:58+10:00,1790132878.439,80
2026-09-23T13:07:59+10:00,1790132879.519,80
2026-09-23T13:08:00+10:00,1790132880.479,80
2026-09-23T13:08:01+10:00,1790132881.439,80
2026-09-23T13:08:02+10:00,1790132882.519,80
2026-09-23T13:08:03+10:00,1790132883.479,80
2026-09-23T13:08:04+10:00,1790132884.439,80
2026-09-23T13:08:05+10:00,1790132885.519,80
2026-09-23T13:08:06+10:00,1790132886.479,80
2026-09-23T13:08:07+10:00,1790132887.439,80
2026-09-23T13:08:08+10:00,1790132888.759,80
2026-09-23T13:08:09+10:00,1790132889.479,80
2026-09-23T13:08:10+10:00,1790132890.439,80
2026-09-23T13:08:11+10:00,1790132891.519,80
2026-09-23T13:08:12+10:00,1790132892.479,81
2026-09-23T13:08:13+10:00,1790132893.679,81
2026-09-23T13:08:14+10:00,1790132894.519,81
2026-09-23T13:08:15+10:00,1790132895.479,81
2026-09-23T13:08:16+10:00,1790132896.439,81
2026-09-23T13:08:17+10:00,1790132897.520,80
2026-09-23T13:08:18+10:00,1790132898.479,80
2026-09-23T13:08:19+10:00,1790132899.439,80
2026-09-23T13:08:20+10:00,1790132900.520,82
2026-09-23T13:08:21+10:00,1790132901.479,83
2026-09-23T13:08:22+10:00,1790132902.679,83
2026-09-23T13:08:23+10:00,1790132903.519,82
2026-09-23T13:08:24+10:00,1790132904.480,82
2026-09-23T13:08:25+10:00,1790132905.439,82
2026-09-23T13:08:26+10:00,1790132906.519,82
2026-09-23T13:08:27+10:00,1790132907.720,82
2026-09-23T13:08:28+10:00,1790132908.440,82
2026-09-23T13:08:29+10:00,1790132909.519,83
2026-09-23T13:08:30+10:00,1790132910.480,84
2026-09-23T13:08:31+10:00,1790132911.439,84
2026-09-23T13:08:32+10:00,1790132912.519,86
2026-09-23T13:08:33+10:00,1790132913.479,86
2026-09-23T13:08:34+10:00,1790132914.439,86
2026-09-23T13:08:35+10:00,1790132915.520,87
2026-09-23T13:08:36+10:00,1790132916.479,90
2026-09-23T13:08:37+10:00,1790132917.439,90
2026-09-23T13:08:38+10:00,1790132918.519,91
2026-09-23T13:08:39+10:00,1790132919.479,91
2026-09-23T13:08:40+10:00,1790132920.439,91
2026-09-23T13:08:41+10:00,1790132921.759,92
2026-09-23T13:08:42+10:00,1790132922.479,91
2026-09-23T13:08:43+10:00,1790132923.439,91
2026-09-23T13:08:44+10:00,1790132924.519,93
2026-09-23T13:08:45+10:00,1790132925.479,93
2026-09-23T13:08:46+10:00,1790132926.439,93
2026-09-23T13:08:47+10:00,1790132927.519,93
2026-09-23T13:08:48+10:00,1790132928.479,93
2026-09-23T13:08:49+10:00,1790132929.440,93
2026-09-23T13:08:50+10:00,1790132930.520,93
2026-09-23T13:08:51+10:00,1790132931.479,93
2026-09-23T13:08:52+10:00,1790132932.439,93
2026-09-23T13:08:53+10:00,1790132933.519,93
2026-09-23T13:08:54+10:00,1790132934.479,93
2026-09-23T13:08:55+10:00,1790132935.679,93
2026-09-23T13:08:56+10:00,1790132936.519,90
2026-09-23T13:08:57+10:00,1790132937.480,90
2026-09-23T13:08:58+10:00,1790132938.439,85
2026-09-23T13:08:59+10:00,1790132939.519,82
2026-09-23T13:09:00+10:00,1790132940.720,82
2026-09-23T13:09:01+10:00,1790132941.439,82
2026-09-23T13:09:02+10:00,1790132942.519,82
2026-09-23T13:09:03+10:00,1790132943.479,84
2026-09-23T13:09:04+10:00,1790132944.439,84
2026-09-23T13:09:05+10:00,1790132945.520,84
2026-09-23T13:09:06+10:00,1790132946.479,84
2026-09-23T13:09:07+10:00,1790132947.439,84
2026-09-23T13:09:08+10:00,1790132948.519,84
2026-09-23T13:09:09+10:00,1790132949.599,84
2026-09-23T13:09:10+10:00,1790132950.440,84
2026-09-23T13:09:11+10:00,1790132951.519,84
2026-09-23T13:09:12+10:00,1790132952.480,86
2026-09-23T13:09:13+10:00,1790132953.440,86
2026-09-23T13:09:14+10:00,1790132954.759,86
2026-09-23T13:09:15+10:00,1790132955.480,89
2026-09-23T13:09:16+10:00,1790132956.440,89
2026-09-23T13:09:17+10:00,1790132957.520,92
2026-09-23T13:09:18+10:00,1790132958.480,95
2026-09-23T13:09:19+10:00,1790132959.440,95
2026-09-23T13:09:20+10:00,1790132960.520,97
2026-09-23T13:09:21+10:00,1790132961.480,98
2026-09-23T13:09:22+10:00,1790132962.560,98
2026-09-23T13:09:23+10:00,1790132963.519,98
2026-09-23T13:09:24+10:00,1790132964.481,98
2026-09-23T13:09:25+10:00,1790132965.560,98
2026-09-23T13:09:26+10:00,1790132966.519,98
2026-09-23T13:09:27+10:00,1790132967.480,98
2026-09-23T13:09:28+10:00,1790132968.800,98
2026-09-23T13:09:29+10:00,1790132969.520,98
2026-09-23T13:09:30+10:00,1790132970.480,98
2026-09-23T13:09:31+10:00,1790132971.560,98
2026-09-23T13:09:32+10:00,1790132972.520,98
2026-09-23T13:09:33+10:00,1790132973.480,90
2026-09-23T13:09:34+10:00,1790132974.560,84
2026-09-23T13:09:35+10:00,1790132975.520,82
2026-09-23T13:09:36+10:00,1790132976.480,82
2026-09-23T13:09:37+10:00,1790132977.560,82
2026-09-23T13:09:38+10:00,1790132978.520,82
2026-09-23T13:09:39+10:00,1790132979.480,82
2026-09-23T13:09:40+10:00,1790132980.560,81
2026-09-23T13:09:41+10:00,1790132981.520,80
2026-09-23T13:09:42+10:00,1790132982.720,80
2026-09-23T13:09:43+10:00,1790132983.560,80
2026-09-23T13:09:44+10:00,1790132984.520,80
2026-09-23T13:09:45+10:00,1790132985.480,80
2026-09-23T13:09:46+10:00,1790132986.560,80
2026-09-23T13:09:47+10:00,1790132987.760,83
2026-09-23T13:09:48+10:00,1790132988.480,83
2026-09-23T13:09:49+10:00,1790132989.560,83
2026-09-23T13:09:50+10:00,1790132990.520,85
2026-09-23T13:09:51+10:00,1790132991.480,85
2026-09-23T13:09:52+10:00,1790132992.560,86
2026-09-23T13:09:53+10:00,1790132993.520,86
2026-09-23T13:09:54+10:00,1790132994.480,86
2026-09-23T13:09:55+10:00,1790132995.560,86
2026-09-23T13:09:56+10:00,1790132996.520,84
2026-09-23T13:09:57+10:00,1790132997.480,83
2026-09-23T13:09:58+10:00,1790132998.560,83
2026-09-23T13:09:59+10:00,1790132999.520,83
2026-09-23T13:10:00+10:00,1790133000.480,83
2026-09-23T13:10:01+10:00,1790133001.800,83
2026-09-23T13:10:02+10:00,1790133002.520,83
2026-09-23T13:10:03+10:00,1790133003.480,84
2026-09-23T13:10:04+10:00,1790133004.560,85
2026-09-23T13:10:05+10:00,1790133005.520,86
2026-09-23T13:10:06+10:00,1790133006.480,86
2026-09-23T13:10:07+10:00,1790133007.560,86
2026-09-23T13:10:08+10:00,1790133008.520,86
2026-09-23T13:10:09+10:00,1790133009.480,86
2026-09-23T13:10:10+10:00,1790133010.560,86
2026-09-23T13:10:11+10:00,1790133011.520,85
2026-09-23T13:10:12+10:00,1790133012.480,85
2026-09-23T13:10:13+10:00,1790133013.560,85
2026-09-23T13:10:14+10:00,1790133014.520,85
2026-09-23T13:10:15+10:00,1790133015.720,85
2026-09-23T13:10:16+10:00,1790133016.560,85
2026-09-23T13:10:17+10:00,1790133017.520,85
2026-09-23T13:10:18+10:00,1790133018.480,85
2026-09-23T13:10:19+10:00,1790133019.560,85
2026-09-23T13:10:20+10:00,1790133020.760,85
2026-09-23T13:10:21+10:00,1790133021.480,85
2026-09-23T13:10:22+10:00,1790133022.560,85
2026-09-23T13:10:23+10:00,1790133023.520,85
2026-09-23T13:10:24+10:00,1790133024.480,84
2026-09-23T13:10:25+10:00,1790133025.560,84
2026-09-23T13:10:26+10:00,1790133026.520,84
2026-09-23T13:10:27+10:00,1790133027.480,83
2026-09-23T13:10:28+10:00,1790133028.560,83
2026-09-23T13:10:29+10:00,1790133029.760,83
2026-09-23T13:10:30+10:00,1790133030.480,83
2026-09-23T13:10:31+10:00,1790133031.560,83
2026-09-23T13:10:32+10:00,1790133032.520,83
2026-09-23T13:10:33+10:00,1790133033.480,83
2026-09-23T13:10:34+10:00,1790133034.800,83
2026-09-23T13:10:35+10:00,1790133035.520,85
2026-09-23T13:10:36+10:00,1790133036.480,85
2026-09-23T13:10:37+10:00,1790133037.560,85
2026-09-23T13:10:38+10:00,1790133038.520,85
2026-09-23T13:10:39+10:00,1790133039.480,85
2026-09-23T13:10:40+10:00,1790133040.560,85
2026-09-23T13:10:41+10:00,1790133041.520,85
2026-09-23T13:10:42+10:00,1790133042.600,85
2026-09-23T13:10:43+10:00,1790133043.560,85
2026-09-23T13:10:44+10:00,1790133044.520,85
2026-09-23T13:10:45+10:00,1790133045.600,85
2026-09-23T13:10:46+10:00,1790133046.560,82
2026-09-23T13:10:47+10:00,1790133047.520,81
2026-09-23T13:10:48+10:00,1790133048.840,81
2026-09-23T13:10:49+10:00,1790133049.560,81
2026-09-23T13:10:50+10:00,1790133050.520,81
2026-09-23T13:10:51+10:00,1790133051.600,82
2026-09-23T13:10:52+10:00,1790133052.560,84
2026-09-23T13:10:53+10:00,1790133053.520,85
2026-09-23T13:10:54+10:00,1790133054.600,85
2026-09-23T13:10:55+10:00,1790133055.560,85
2026-09-23T13:10:56+10:00,1790133056.520,86
2026-09-23T13:10:57+10:00,1790133057.600,85
2026-09-23T13:10:58+10:00,1790133058.560,85
2026-09-23T13:10:59+10:00,1790133059.520,85
2026-09-23T13:11:00+10:00,1790133060.600,85
2026-09-23T13:11:01+10:00,1790133061.560,85
2026-09-23T13:11:02+10:00,1790133062.760,81
2026-09-23T13:11:03+10:00,1790133063.600,81
2026-09-23T13:11:04+10:00,1790133064.560,81
2026-09-23T13:11:05+10:00,1790133065.520,82
2026-09-23T13:11:06+10:00,1790133066.601,82
2026-09-23T13:11:07+10:00,1790133067.800,82
2026-09-23T13:11:08+10:00,1790133068.520,83
2026-09-23T13:11:09+10:00,1790133069.600,83
2026-09-23T13:11:10+10:00,1790133070.560,83
2026-09-23T13:11:11+10:00,1790133071.520,83
2026-09-23T13:11:12+10:00,1790133072.600,83
2026-09-23T13:11:13+10:00,1790133073.560,83
2026-09-23T13:11:14+10:00,1790133074.520,83
2026-09-23T13:11:15+10:00,1790133075.600,84
2026-09-23T13:11:16+10:00,1790133076.680,85
2026-09-23T13:11:17+10:00,1790133077.520,85
2026-09-23T13:11:18+10:00,1790133078.600,85
2026-09-23T13:11:19+10:00,1790133079.560,85
2026-09-23T13:11:20+10:00,1790133080.520,84
2026-09-23T13:11:21+10:00,1790133081.840,84
2026-09-23T13:11:22+10:00,1790133082.560,83
2026-09-23T13:11:23+10:00,1790133083.640,83
2026-09-23T13:11:24+10:00,1790133084.600,82
2026-09-23T13:11:25+10:00,1790133085.560,82
2026-09-23T13:11:26+10:00,1790133086.640,82
2026-09-23T13:11:27+10:00,1790133087.601,80
2026-09-23T13:11:28+10:00,1790133088.560,80
2026-09-23T13:11:29+10:00,1790133089.640,79
2026-09-23T13:11:30+10:00,1790133090.600,79
2026-09-23T13:11:31+10:00,1790133091.560,79
2026-09-23T13:11:32+10:00,1790133092.640,79
2026-09-23T13:11:33+10:00,1790133093.600,78
2026-09-23T13:11:34+10:00,1790133094.560,78
2026-09-23T13:11:35+10:00,1790133095.881,78
2026-09-23T13:11:36+10:00,1790133096.601,78
2026-09-23T13:11:37+10:00,1790133097.560,78
2026-09-23T13:11:38+10:00,1790133098.641,78
2026-09-23T13:11:39+10:00,1790133099.600,78
2026-09-23T13:11:40+10:00,1790133100.560,78
2026-09-23T13:11:41+10:00,1790133101.640,79
2026-09-23T13:11:42+10:00,1790133102.601,79
2026-09-23T13:11:43+10:00,1790133103.560,79
2026-09-23T13:11:44+10:00,1790133104.641,79
2026-09-23T13:11:45+10:00,1790133105.600,79
2026-09-23T13:11:46+10:00,1790133106.560,79
2026-09-23T13:11:47+10:00,1790133107.640,79
2026-09-23T13:11:48+10:00,1790133108.600,79
2026-09-23T13:11:49+10:00,1790133109.800,79
2026-09-23T13:11:50+10:00,1790133110.640,79
2026-09-23T13:11:51+10:00,1790133111.601,78
2026-09-23T13:11:52+10:00,1790133112.560,77
2026-09-23T13:11:53+10:00,1790133113.641,76
2026-09-23T13:11:54+10:00,1790133114.841,75
2026-09-23T13:11:55+10:00,1790133115.561,75
2026-09-23T13:11:56+10:00,1790133116.640,75
2026-09-23T13:11:57+10:00,1790133117.600,75
2026-09-23T13:11:58+10:00,1790133118.560,75
2026-09-23T13:11:59+10:00,1790133119.641,75
2026-09-23T13:12:00+10:00,1790133120.601,74
2026-09-23T13:12:01+10:00,1790133121.560,74
2026-09-23T13:12:02+10:00,1790133122.641,73
2026-09-23T13:12:03+10:00,1790133123.600,72
2026-09-23T13:12:04+10:00,1790133124.560,72
2026-09-23T13:12:05+10:00,1790133125.641,72
2026-09-23T13:12:06+10:00,1790133126.601,74
2026-09-23T13:12:07+10:00,1790133127.561,74
2026-09-23T13:12:08+10:00,1790133128.880,77
2026-09-23T13:12:09+10:00,1790133129.600,77
2026-09-23T13:12:10+10:00,1790133130.560,77
2026-09-23T13:12:11+10:00,1790133131.640,77
2026-09-23T13:12:12+10:00,1790133132.601,78
2026-09-23T13:12:13+10:00,1790133133.561,78
2026-09-23T13:12:14+10:00,1790133134.641,78
2026-09-23T13:12:15+10:00,1790133135.601,78
2026-09-23T13:12:16+10:00,1790133136.560,78
2026-09-23T13:12:17+10:00,1790133137.640,78
2026-09-23T13:12:18+10:00,1790133138.601,78
2026-09-23T13:12:19+10:00,1790133139.561,78
2026-09-23T13:12:20+10:00,1790133140.641,78
2026-09-23T13:12:21+10:00,1790133141.601,78
2026-09-23T13:12:22+10:00,1790133142.801,78
2026-09-23T13:12:23+10:00,1790133143.641,78
2026-09-23T13:12:24+10:00,1790133144.600,78
2026-09-23T13:12:25+10:00,1790133145.561,78
2026-09-23T13:12:26+10:00,1790133146.641,78
2026-09-23T13:12:27+10:00,1790133147.841,78
2026-09-23T13:12:28+10:00,1790133148.561,78
2026-09-23T13:12:29+10:00,1790133149.640,78
2026-09-23T13:12:30+10:00,1790133150.601,79
2026-09-23T13:12:31+10:00,1790133151.561,79
2026-09-23T13:12:32+10:00,1790133152.641,79
2026-09-23T13:12:33+10:00,1790133153.601,78
2026-09-23T13:12:34+10:00,1790133154.560,78
2026-09-23T13:12:35+10:00,1790133155.641,79
2026-09-23T13:12:36+10:00,1790133156.841,79
2026-09-23T13:12:37+10:00,1790133157.561,79
2026-09-23T13:12:38+10:00,1790133158.641,79
2026-09-23T13:12:39+10:00,1790133159.601,80
2026-09-23T13:12:40+10:00,1790133160.561,81
2026-09-23T13:12:41+10:00,1790133161.881,81
2026-09-23T13:12:42+10:00,1790133162.601,80
2026-09-23T13:12:43+10:00,1790133163.560,80
2026-09-23T13:12:44+10:00,1790133164.641,79
2026-09-23T13:12:45+10:00,1790133165.601,79
2026-09-23T13:12:46+10:00,1790133166.681,79
2026-09-23T13:12:47+10:00,1790133167.641,80
2026-09-23T13:12:48+10:00,1790133168.601,81
2026-09-23T13:12:49+10:00,1790133169.681,81
2026-09-23T13:12:50+10:00,1790133170.641,81
2026-09-23T13:12:51+10:00,1790133171.601,82
2026-09-23T13:12:52+10:00,1790133172.681,82
2026-09-23T13:12:53+10:00,1790133173.641,82
2026-09-23T13:12:54+10:00,1790133174.601,84
2026-09-23T13:12:55+10:00,1790133175.921,84
2026-09-23T13:12:56+10:00,1790133176.641,85
2026-09-23T13:12:57+10:00,1790133177.601,85
2026-09-23T13:12:58+10:00,1790133178.681,86
2026-09-23T13:12:59+10:00,1790133179.641,87
2026-09-23T13:13:00+10:00,1790133180.601,87
2026-09-23T13:13:01+10:00,1790133181.681,87
2026-09-23T13:13:02+10:00,1790133182.641,87
2026-09-23T13:13:03+10:00,1790133183.601,87
2026-09-23T13:13:04+10:00,1790133184.681,87
2026-09-23T13:13:05+10:00,1790133185.641,87
2026-09-23T13:13:06+10:00,1790133186.601,84
2026-09-23T13:13:07+10:00,1790133187.681,84
2026-09-23T13:13:08+10:00,1790133188.641,84
2026-09-23T13:13:09+10:00,1790133189.841,85
2026-09-23T13:13:10+10:00,1790133190.681,85
2026-09-23T13:13:11+10:00,1790133191.641,85
2026-09-23T13:13:12+10:00,1790133192.601,85
2026-09-23T13:13:13+10:00,1790133193.681,85
2026-09-23T13:13:14+10:00,1790133194.881,84
2026-09-23T13:13:15+10:00,1790133195.601,81
2026-09-23T13:13:16+10:00,1790133196.681,80
2026-09-23T13:13:17+10:00,1790133197.641,80
2026-09-23T13:13:18+10:00,1790133198.601,80
2026-09-23T13:13:19+10:00,1790133199.681,80
2026-09-23T13:13:20+10:00,1790133200.641,81
2026-09-23T13:13:21+10:00,1790133201.601,82
2026-09-23T13:13:22+10:00,1790133202.681,83
2026-09-23T13:13:23+10:00,1790133203.761,83
2026-09-23T13:13:24+10:00,1790133204.601,83
2026-09-23T13:13:25+10:00,1790133205.681,83
2026-09-23T13:13:26+10:00,1790133206.641,83
2026-09-23T13:13:27+10:00,1790133207.601,83
2026-09-23T13:13:28+10:00,1790133208.921,83
2026-09-23T13:13:29+10:00,1790133209.641,85
2026-09-23T13:13:30+10:00,1790133210.601,87
2026-09-23T13:13:31+10:00,1790133211.681,87
2026-09-23T13:13:32+10:00,1790133212.641,89
2026-09-23T13:13:33+10:00,1790133213.601,91
2026-09-23T13:13:34+10:00,1790133214.681,92
2026-09-23T13:13:35+10:00,1790133215.641,94
2026-09-23T13:13:36+10:00,1790133216.601,95
2026-09-23T13:13:37+10:00,1790133217.681,95
2026-09-23T13:13:38+10:00,1790133218.641,97
2026-09-23T13:13:39+10:00,1790133219.601,97
2026-09-23T13:13:40+10:00,1790133220.681,97
2026-09-23T13:13:41+10:00,1790133221.641,97
2026-09-23T13:13:42+10:00,1790133222.841,94
2026-09-23T13:13:43+10:00,1790133223.681,94
2026-09-23T13:13:44+10:00,1790133224.641,89
2026-09-23T13:13:45+10:00,1790133225.601,88
2026-09-23T13:13:46+10:00,1790133226.681,86
2026-09-23T13:13:47+10:00,1790133227.641,85
2026-09-23T13:13:48+10:00,1790133228.601,85
2026-09-23T13:13:49+10:00,1790133229.681,85
2026-09-23T13:13:50+10:00,1790133230.641,82
2026-09-23T13:13:51+10:00,1790133231.601,81
2026-09-23T13:13:52+10:00,1790133232.681,80
2026-09-23T13:13:53+10:00,1790133233.641,80
2026-09-23T13:13:54+10:00,1790133234.601,80
2026-09-23T13:13:55+10:00,1790133235.681,80
2026-09-23T13:13:56+10:00,1790133236.881,82
2026-09-23T13:13:57+10:00,1790133237.601,82
2026-09-23T13:13:58+10:00,1790133238.681,82
2026-09-23T13:13:59+10:00,1790133239.642,82
2026-09-23T13:14:00+10:00,1790133240.721,82
2026-09-23T13:14:01+10:00,1790133241.921,82
2026-09-23T13:14:02+10:00,1790133242.641,82
2026-09-23T13:14:03+10:00,1790133243.721,85
2026-09-23T13:14:04+10:00,1790133244.681,87
2026-09-23T13:14:05+10:00,1790133245.641,89
2026-09-23T13:14:06+10:00,1790133246.722,90
2026-09-23T13:14:07+10:00,1790133247.681,90
2026-09-23T13:14:08+10:00,1790133248.641,90
2026-09-23T13:14:09+10:00,1790133249.721,90
2026-09-23T13:14:10+10:00,1790133250.681,90
2026-09-23T13:14:11+10:00,1790133251.642,92
2026-09-23T13:14:12+10:00,1790133252.722,94
2026-09-23T13:14:13+10:00,1790133253.681,94
2026-09-23T13:14:14+10:00,1790133254.641,95
2026-09-23T13:14:15+10:00,1790133255.961,96
2026-09-23T13:14:16+10:00,1790133256.682,96
2026-09-23T13:14:17+10:00,1790133257.641,96
2026-09-23T13:14:18+10:00,1790133258.721,96
2026-09-23T13:14:19+10:00,1790133259.681,96
2026-09-23T13:14:20+10:00,1790133260.641,96
2026-09-23T13:14:21+10:00,1790133261.721,96
2026-09-23T13:14:22+10:00,1790133262.681,96
2026-09-23T13:14:23+10:00,1790133263.641,96
2026-09-23T13:14:24+10:00,1790133264.721,93
2026-09-23T13:14:25+10:00,1790133265.681,93
2026-09-23T13:14:26+10:00,1790133266.641,89
2026-09-23T13:14:27+10:00,1790133267.721,85
2026-09-23T13:14:28+10:00,1790133268.682,83
2026-09-23T13:14:29+10:00,1790133269.882,82
2026-09-23T13:14:30+10:00,1790133270.722,82
2026-09-23T13:14:31+10:00,1790133271.682,82
2026-09-23T13:14:32+10:00,1790133272.641,81
2026-09-23T13:14:33+10:00,1790133273.722,81
2026-09-23T13:14:34+10:00,1790133274.921,81
2026-09-23T13:14:35+10:00,1790133275.642,83
2026-09-23T13:14:36+10:00,1790133276.721,83
2026-09-23T13:14:37+10:00,1790133277.681,83
2026-09-23T13:14:38+10:00,1790133278.641,83
2026-09-23T13:14:39+10:00,1790133279.722,83
2026-09-23T13:14:40+10:00,1790133280.681,80
2026-09-23T13:14:41+10:00,1790133281.641,79
2026-09-23T13:14:42+10:00,1790133282.721,79
2026-09-23T13:14:43+10:00,1790133283.922,79
2026-09-23T13:14:44+10:00,1790133284.641,79
2026-09-23T13:14:45+10:00,1790133285.721,79
2026-09-23T13:14:46+10:00,1790133286.682,80
2026-09-23T13:14:47+10:00,1790133287.641,80
2026-09-23T13:14:48+10:00,1790133288.961,81
2026-09-23T13:14:49+10:00,1790133289.681,81
2026-09-23T13:14:50+10:00,1790133290.641,82
2026-09-23T13:14:51+10:00,1790133291.722,82
2026-09-23T13:14:52+10:00,1790133292.682,82
2026-09-23T13:14:53+10:00,1790133293.642,82
2026-09-23T13:14:54+10:00,1790133294.722,83
2026-09-23T13:14:55+10:00,1790133295.681,83
2026-09-23T13:14:56+10:00,1790133296.641,85
2026-09-23T13:14:57+10:00,1790133297.721,84
2026-09-23T13:14:58+10:00,1790133298.682,81
2026-09-23T13:14:59+10:00,1790133299.642,78
2026-09-23T13:15:00+10:00,1790133300.721,78
2026-09-23T13:15:01+10:00,1790133301.683,78
2026-09-23T13:15:02+10:00,1790133302.882,78
2026-09-23T13:15:03+10:00,1790133303.722,78
2026-09-23T13:15:04+10:00,1790133304.682,78
2026-09-23T13:15:05+10:00,1790133305.641,78
2026-09-23T13:15:06+10:00,1790133306.722,78
2026-09-23T13:15:07+10:00,1790133307.681,78
2026-09-23T13:15:08+10:00,1790133308.641,78
2026-09-23T13:15:09+10:00,1790133309.721,78
2026-09-23T13:15:10+10:00,1790133310.682,78
2026-09-23T13:15:11+10:00,1790133311.641,76
2026-09-23T13:15:12+10:00,1790133312.722,76
2026-09-23T13:15:13+10:00,1790133313.682,76
2026-09-23T13:15:14+10:00,1790133314.641,76
2026-09-23T13:15:15+10:00,1790133315.721,76
2026-09-23T13:15:16+10:00,1790133316.921,76
2026-09-23T13:15:17+10:00,1790133317.641,74
2026-09-23T13:15:18+10:00,1790133318.722,74
2026-09-23T13:15:19+10:00,1790133319.681,74
2026-09-23T13:15:20+10:00,1790133320.641,74
2026-09-23T13:15:21+10:00,1790133321.962,74
2026-09-23T13:15:22+10:00,1790133322.682,74
2026-09-23T13:15:23+10:00,1790133323.642,74
2026-09-23T13:15:24+10:00,1790133324.722,74
2026-09-23T13:15:25+10:00,1790133325.682,74
2026-09-23T13:15:26+10:00,1790133326.642,73
2026-09-23T13:15:27+10:00,1790133327.722,74
2026-09-23T13:15:28+10:00,1790133328.682,75
2026-09-23T13:15:29+10:00,1790133329.642,76
2026-09-23T13:15:30+10:00,1790133330.722,76
2026-09-23T13:15:31+10:00,1790133331.682,76
2026-09-23T13:15:32+10:00,1790133332.642,76
2026-09-23T13:15:33+10:00,1790133333.722,73
2026-09-23T13:15:34+10:00,1790133334.682,72
2026-09-23T13:15:35+10:00,1790133335.882,72
2026-09-23T13:15:36+10:00,1790133336.722,72
2026-09-23T13:15:37+10:00,1790133337.682,72
2026-09-23T13:15:38+10:00,1790133338.642,72
2026-09-23T13:15:39+10:00,1790133339.722,72
2026-09-23T13:15:40+10:00,1790133340.682,72
2026-09-23T13:15:41+10:00,1790133341.642,72
2026-09-23T13:15:42+10:00,1790133342.722,72
2026-09-23T13:15:43+10:00,1790133343.682,72
2026-09-23T13:15:44+10:00,1790133344.642,74
2026-09-23T13:15:45+10:00,1790133345.722,75
2026-09-23T13:15:46+10:00,1790133346.682,75
2026-09-23T13:15:47+10:00,1790133347.642,77
2026-09-23T13:15:48+10:00,1790133348.722,78
2026-09-23T13:15:49+10:00,1790133349.922,78
2026-09-23T13:15:50+10:00,1790133350.642,79
2026-09-23T13:15:51+10:00,1790133351.722,79
2026-09-23T13:15:52+10:00,1790133352.682,79
2026-09-23T13:15:53+10:00,1790133353.642,79
2026-09-23T13:15:54+10:00,1790133354.722,79
2026-09-23T13:15:55+10:00,1790133355.682,79
2026-09-23T13:15:56+10:00,1790133356.642,79
2026-09-23T13:15:57+10:00,1790133357.722,79
2026-09-23T13:15:58+10:00,1790133358.682,79
2026-09-23T13:15:59+10:00,1790133359.642,80
2026-09-23T13:16:00+10:00,1790133360.727,80
2026-09-23T13:16:01+10:00,1790133361.682,80
2026-09-23T13:16:02+10:00,1790133362.642,80
2026-09-23T13:16:03+10:00,1790133363.722,80
2026-09-23T13:16:04+10:00,1790133364.682,80
2026-09-23T13:16:05+10:00,1790133365.642,80
2026-09-23T13:16:06+10:00,1790133366.722,80
2026-09-23T13:16:07+10:00,1790133367.682,80
2026-09-23T13:16:08+10:00,1790133368.642,80
2026-09-23T13:16:09+10:00,1790133369.722,81
2026-09-23T13:16:10+10:00,1790133370.682,83
2026-09-23T13:16:11+10:00,1790133371.642,83
2026-09-23T13:16:12+10:00,1790133372.722,83
2026-09-23T13:16:13+10:00,1790133373.682,83
2026-09-23T13:16:14+10:00,1790133374.642,83
2026-09-23T13:16:15+10:00,1790133375.722,84
2026-09-23T13:16:16+10:00,1790133376.682,83
2026-09-23T13:16:17+10:00,1790133377.642,83
2026-09-23T13:16:18+10:00,1790133378.722,85
2026-09-23T13:16:19+10:00,1790133379.682,85
2026-09-23T13:16:20+10:00,1790133380.762,85
2026-09-23T13:16:21+10:00,1790133381.722,85
2026-09-23T13:16:22+10:00,1790133382.922,85
2026-09-23T13:16:23+10:00,1790133383.762,85
2026-09-23T13:16:24+10:00,1790133384.722,85
2026-09-23T13:16:25+10:00,1790133385.682,85
2026-09-23T13:16:26+10:00,1790133386.762,85
2026-09-23T13:16:27+10:00,1790133387.722,85
2026-09-23T13:16:28+10:00,1790133388.682,85
2026-09-23T13:16:29+10:00,1790133389.762,85
2026-09-23T13:16:30+10:00,1790133390.722,84
2026-09-23T13:16:31+10:00,1790133391.682,84
2026-09-23T13:16:32+10:00,1790133392.762,84
2026-09-23T13:16:33+10:00,1790133393.722,84
2026-09-23T13:16:34+10:00,1790133394.682,84
2026-09-23T13:16:35+10:00,1790133395.762,84
2026-09-23T13:16:36+10:00,1790133396.962,84
2026-09-23T13:16:37+10:00,1790133397.682,84
2026-09-23T13:16:38+10:00,1790133398.762,85
2026-09-23T13:16:39+10:00,1790133399.722,86
2026-09-23T13:16:40+10:00,1790133400.682,86
2026-09-23T13:16:42+10:00,1790133402.002,86
2026-09-23T13:16:42+10:00,1790133402.722,85
2026-09-23T13:16:43+10:00,1790133403.682,85
2026-09-23T13:16:44+10:00,1790133404.762,84
2026-09-23T13:16:45+10:00,1790133405.722,84
2026-09-23T13:16:46+10:00,1790133406.682,84
2026-09-23T13:16:47+10:00,1790133407.762,85
2026-09-23T13:16:48+10:00,1790133408.722,85
2026-09-23T13:16:49+10:00,1790133409.682,85
2026-09-23T13:16:50+10:00,1790133410.762,85
2026-09-23T13:16:51+10:00,1790133411.722,85
2026-09-23T13:16:52+10:00,1790133412.682,85
2026-09-23T13:16:53+10:00,1790133413.762,86
2026-09-23T13:16:54+10:00,1790133414.722,86
2026-09-23T13:16:55+10:00,1790133415.682,86
2026-09-23T13:16:56+10:00,1790133416.762,86
2026-09-23T13:16:57+10:00,1790133417.722,86
2026-09-23T13:16:58+10:00,1790133418.682,86
2026-09-23T13:16:59+10:00,1790133419.762,83
2026-09-23T13:17:00+10:00,1790133420.723,83
2026-09-23T13:17:01+10:00,1790133421.682,83
2026-09-23T13:17:02+10:00,1790133422.762,83
2026-09-23T13:17:03+10:00,1790133423.722,83
2026-09-23T13:17:04+10:00,1790133424.682,83
2026-09-23T13:17:05+10:00,1790133425.762,83
2026-09-23T13:17:06+10:00,1790133426.722,85
2026-09-23T13:17:07+10:00,1790133427.682,85
2026-09-23T13:17:08+10:00,1790133428.762,87
2026-09-23T13:17:09+10:00,1790133429.962,88
2026-09-23T13:17:10+10:00,1790133430.683,88
2026-09-23T13:17:11+10:00,1790133431.762,88
2026-09-23T13:17:12+10:00,1790133432.722,88
2026-09-23T13:17:13+10:00,1790133433.682,88
2026-09-23T13:17:14+10:00,1790133434.762,88
2026-09-23T13:17:15+10:00,1790133435.722,88
2026-09-23T13:17:16+10:00,1790133436.682,88
2026-09-23T13:17:17+10:00,1790133437.762,89
2026-09-23T13:17:18+10:00,1790133438.722,93
2026-09-23T13:17:19+10:00,1790133439.683,93
2026-09-23T13:17:20+10:00,1790133440.763,96
2026-09-23T13:17:21+10:00,1790133441.722,98
2026-09-23T13:17:22+10:00,1790133442.802,98
2026-09-23T13:17:24+10:00,1790133444.002,98
2026-09-23T13:17:24+10:00,1790133444.722,98
2026-09-23T13:17:25+10:00,1790133445.802,98
2026-09-23T13:17:26+10:00,1790133446.762,98
2026-09-23T13:17:27+10:00,1790133447.722,98
2026-09-23T13:17:29+10:00,1790133449.042,97
2026-09-23T13:17:29+10:00,1790133449.762,97
2026-09-23T13:17:30+10:00,1790133450.722,96
2026-09-23T13:17:31+10:00,1790133451.802,96
2026-09-23T13:17:32+10:00,1790133452.762,95
2026-09-23T13:17:33+10:00,1790133453.722,94
2026-09-23T13:17:34+10:00,1790133454.802,93
2026-09-23T13:17:35+10:00,1790133455.762,90
2026-09-23T13:17:36+10:00,1790133456.723,87
2026-09-23T13:17:37+10:00,1790133457.802,87
2026-09-23T13:17:38+10:00,1790133458.762,85
2026-09-23T13:17:39+10:00,1790133459.722,85
2026-09-23T13:17:40+10:00,1790133460.802,85
2026-09-23T13:17:41+10:00,1790133461.762,85
2026-09-23T13:17:42+10:00,1790133462.962,83
2026-09-23T13:17:43+10:00,1790133463.802,83
2026-09-23T13:17:44+10:00,1790133464.762,81
2026-09-23T13:17:45+10:00,1790133465.722,81
2026-09-23T13:17:46+10:00,1790133466.802,80
2026-09-23T13:17:47+10:00,1790133467.762,80
2026-09-23T13:17:48+10:00,1790133468.722,80
2026-09-23T13:17:49+10:00,1790133469.802,80
2026-09-23T13:17:50+10:00,1790133470.762,81
2026-09-23T13:17:51+10:00,1790133471.722,81
2026-09-23T13:17:52+10:00,1790133472.802,82
2026-09-23T13:17:53+10:00,1790133473.762,83
2026-09-23T13:17:54+10:00,1790133474.723,83
2026-09-23T13:17:55+10:00,1790133475.803,83
2026-09-23T13:17:57+10:00,1790133477.002,83
2026-09-23T13:17:57+10:00,1790133477.722,83
2026-09-23T13:17:58+10:00,1790133478.802,82
2026-09-23T13:17:59+10:00,1790133479.762,82
2026-09-23T13:18:00+10:00,1790133480.722,80
2026-09-23T13:18:01+10:00,1790133481.803,80
2026-09-23T13:18:02+10:00,1790133482.763,80
2026-09-23T13:18:03+10:00,1790133483.723,80
2026-09-23T13:18:04+10:00,1790133484.803,80
2026-09-23T13:18:05+10:00,1790133485.762,80
2026-09-23T13:18:06+10:00,1790133486.722,80
2026-09-23T13:18:07+10:00,1790133487.802,80
2026-09-23T13:18:08+10:00,1790133488.763,80
2026-09-23T13:18:09+10:00,1790133489.843,80
2026-09-23T13:18:11+10:00,1790133491.043,80
2026-09-23T13:18:11+10:00,1790133491.762,80
2026-09-23T13:18:12+10:00,1790133492.842,79
2026-09-23T13:18:13+10:00,1790133493.802,79
2026-09-23T13:18:14+10:00,1790133494.763,79
2026-09-23T13:18:15+10:00,1790133495.723,79
2026-09-23T13:18:16+10:00,1790133496.803,79
2026-09-23T13:18:17+10:00,1790133497.763,79
2026-09-23T13:18:18+10:00,1790133498.843,79
2026-09-23T13:18:19+10:00,1790133499.802,79
2026-09-23T13:18:20+10:00,1790133500.762,79
2026-09-23T13:18:21+10:00,1790133501.843,80
2026-09-23T13:18:22+10:00,1790133502.803,80
2026-09-23T13:18:23+10:00,1790133503.763,82
2026-09-23T13:18:24+10:00,1790133504.723,83
2026-09-23T13:18:25+10:00,1790133505.803,83
2026-09-23T13:18:26+10:00,1790133506.762,85
2026-09-23T13:18:27+10:00,1790133507.843,85
2026-09-23T13:18:28+10:00,1790133508.803,86
2026-09-23T13:18:30+10:00,1790133510.002,86
2026-09-23T13:18:30+10:00,1790133510.963,86
2026-09-23T13:18:31+10:00,1790133511.803,86
2026-09-23T13:18:32+10:00,1790133512.763,85
2026-09-23T13:18:33+10:00,1790133513.843,85
2026-09-23T13:18:34+10:00,1790133514.803,84
2026-09-23T13:18:35+10:00,1790133515.763,82
2026-09-23T13:18:36+10:00,1790133516.843,82
2026-09-23T13:18:37+10:00,1790133517.803,82
2026-09-23T13:18:38+10:00,1790133518.763,82
2026-09-23T13:18:39+10:00,1790133519.843,82
2026-09-23T13:18:40+10:00,1790133520.803,82
2026-09-23T13:18:41+10:00,1790133521.763,81
2026-09-23T13:18:42+10:00,1790133522.843,81
2026-09-23T13:18:44+10:00,1790133524.043,81
2026-09-23T13:18:44+10:00,1790133524.763,81
2026-09-23T13:18:45+10:00,1790133525.843,81
2026-09-23T13:18:46+10:00,1790133526.803,81
2026-09-23T13:18:47+10:00,1790133527.763,81
2026-09-23T13:18:49+10:00,1790133529.083,82
2026-09-23T13:18:49+10:00,1790133529.803,82
2026-09-23T13:18:50+10:00,1790133530.763,82
2026-09-23T13:18:51+10:00,1790133531.843,82
2026-09-23T13:18:52+10:00,1790133532.803,82
2026-09-23T13:18:53+10:00,1790133533.763,81
2026-09-23T13:18:54+10:00,1790133534.843,79
2026-09-23T13:18:55+10:00,1790133535.803,79
2026-09-23T13:18:56+10:00,1790133536.763,78
2026-09-23T13:18:57+10:00,1790133537.843,78
2026-09-23T13:18:58+10:00,1790133538.803,78
2026-09-23T13:18:59+10:00,1790133539.763,78
2026-09-23T13:19:00+10:00,1790133540.843,79
2026-09-23T13:19:01+10:00,1790133541.803,79
2026-09-23T13:19:02+10:00,1790133542.763,79
2026-09-23T13:19:03+10:00,1790133543.843,79
2026-09-23T13:19:04+10:00,1790133544.803,79
2026-09-23T13:19:05+10:00,1790133545.763,79
2026-09-23T13:19:06+10:00,1790133546.843,79
2026-09-23T13:19:07+10:00,1790133547.803,79
2026-09-23T13:19:08+10:00,1790133548.763,79
2026-09-23T13:19:09+10:00,1790133549.843,79
2026-09-23T13:19:10+10:00,1790133550.803,79
2026-09-23T13:19:11+10:00,1790133551.763,79
2026-09-23T13:19:12+10:00,1790133552.843,79
2026-09-23T13:19:13+10:00,1790133553.803,79
2026-09-23T13:19:14+10:00,1790133554.763,79
2026-09-23T13:19:15+10:00,1790133555.843,79
2026-09-23T13:19:17+10:00,1790133557.043,79
2026-09-23T13:19:17+10:00,1790133557.763,79
2026-09-23T13:19:18+10:00,1790133558.843,79
2026-09-23T13:19:19+10:00,1790133559.803,79
2026-09-23T13:19:20+10:00,1790133560.763,80
2026-09-23T13:19:21+10:00,1790133561.843,80
2026-09-23T13:19:22+10:00,1790133562.803,80
2026-09-23T13:19:23+10:00,1790133563.763,80
2026-09-23T13:19:24+10:00,1790133564.843,79
2026-09-23T13:19:25+10:00,1790133565.803,79
2026-09-23T13:19:26+10:00,1790133566.763,78
2026-09-23T13:19:27+10:00,1790133567.843,77
2026-09-23T13:19:28+10:00,1790133568.803,77
2026-09-23T13:19:29+10:00,1790133569.763,76
2026-09-23T13:19:30+10:00,1790133570.843,76
2026-09-23T13:19:31+10:00,1790133571.803,76
2026-09-23T13:19:32+10:00,1790133572.763,76
2026-09-23T13:19:33+10:00,1790133573.843,76
2026-09-23T13:19:34+10:00,1790133574.803,76
2026-09-23T13:19:35+10:00,1790133575.763,76
2026-09-23T13:19:36+10:00,1790133576.843,76
2026-09-23T13:19:37+10:00,1790133577.803,76
2026-09-23T13:19:38+10:00,1790133578.763,76
2026-09-23T13:19:39+10:00,1790133579.843,77
2026-09-23T13:19:40+10:00,1790133580.803,77
2026-09-23T13:19:41+10:00,1790133581.883,77
2026-09-23T13:19:42+10:00,1790133582.843,78
2026-09-23T13:19:43+10:00,1790133583.803,78
2026-09-23T13:19:44+10:00,1790133584.883,79
2026-09-23T13:19:45+10:00,1790133585.843,79
2026-09-23T13:19:46+10:00,1790133586.803,80
2026-09-23T13:19:47+10:00,1790133587.883,79
2026-09-23T13:19:48+10:00,1790133588.843,83
2026-09-23T13:19:50+10:00,1790133590.043,83
2026-09-23T13:19:50+10:00,1790133590.883,85
2026-09-23T13:19:51+10:00,1790133591.843,85
2026-09-23T13:19:52+10:00,1790133592.803,85
2026-09-23T13:19:53+10:00,1790133593.883,85
2026-09-23T13:19:54+10:00,1790133594.843,86
2026-09-23T13:19:55+10:00,1790133595.803,86
2026-09-23T13:19:56+10:00,1790133596.883,86
2026-09-23T13:19:57+10:00,1790133597.843,86
2026-09-23T13:19:58+10:00,1790133598.803,86
2026-09-23T13:19:59+10:00,1790133599.883,86
2026-09-23T13:20:00+10:00,1790133600.843,85
2026-09-23T13:20:01+10:00,1790133601.803,85
2026-09-23T13:20:02+10:00,1790133602.883,84
2026-09-23T13:20:04+10:00,1790133604.083,84
2026-09-23T13:20:04+10:00,1790133604.803,84
2026-09-23T13:20:05+10:00,1790133605.883,84
2026-09-23T13:20:06+10:00,1790133606.843,84
2026-09-23T13:20:07+10:00,1790133607.803,84
2026-09-23T13:20:08+10:00,1790133608.883,84
2026-09-23T13:20:09+10:00,1790133609.843,84
2026-09-23T13:20:10+10:00,1790133610.804,84
2026-09-23T13:20:11+10:00,1790133611.884,84
2026-09-23T13:20:12+10:00,1790133612.843,84
2026-09-23T13:20:13+10:00,1790133613.803,84
2026-09-23T13:20:14+10:00,1790133614.883,84
2026-09-23T13:20:15+10:00,1790133615.843,82
2026-09-23T13:20:16+10:00,1790133616.803,78
2026-09-23T13:20:17+10:00,1790133617.884,78
2026-09-23T13:20:18+10:00,1790133618.843,78
2026-09-23T13:20:19+10:00,1790133619.803,78
2026-09-23T13:20:20+10:00,1790133620.883,78
2026-09-23T13:20:21+10:00,1790133621.843,81
2026-09-23T13:20:22+10:00,1790133622.803,82
2026-09-23T13:20:23+10:00,1790133623.883,82
2026-09-23T13:20:24+10:00,1790133624.843,81
2026-09-23T13:20:25+10:00,1790133625.804,81
2026-09-23T13:20:26+10:00,1790133626.883,79
2026-09-23T13:20:27+10:00,1790133627.843,79
2026-09-23T13:20:28+10:00,1790133628.803,78
2026-09-23T13:20:29+10:00,1790133629.883,78
2026-09-23T13:20:30+10:00,1790133630.843,77
2026-09-23T13:20:31+10:00,1790133631.803,77
2026-09-23T13:20:32+10:00,1790133632.883,77
2026-09-23T13:20:33+10:00,1790133633.843,77
2026-09-23T13:20:34+10:00,1790133634.803,77
2026-09-23T13:20:35+10:00,1790133635.883,76
2026-09-23T13:20:37+10:00,1790133637.083,77
2026-09-23T13:20:37+10:00,1790133637.804,77
2026-09-23T13:20:38+10:00,1790133638.883,78
2026-09-23T13:20:39+10:00,1790133639.843,77
2026-09-23T13:20:40+10:00,1790133640.804,77
2026-09-23T13:20:41+10:00,1790133641.884,77
2026-09-23T13:20:42+10:00,1790133642.843,80
2026-09-23T13:20:43+10:00,1790133643.924,80
2026-09-23T13:20:44+10:00,1790133644.883,81
2026-09-23T13:20:45+10:00,1790133645.843,82
2026-09-23T13:20:46+10:00,1790133646.923,82
2026-09-23T13:20:47+10:00,1790133647.884,81
2026-09-23T13:20:48+10:00,1790133648.844,80
2026-09-23T13:20:49+10:00,1790133649.924,80
2026-09-23T13:20:50+10:00,1790133650.883,80
2026-09-23T13:20:51+10:00,1790133651.843,80
2026-09-23T13:20:52+10:00,1790133652.923,80
2026-09-23T13:20:53+10:00,1790133653.883,80
2026-09-23T13:20:54+10:00,1790133654.844,80
2026-09-23T13:20:56+10:00,1790133656.164,80
2026-09-23T13:20:56+10:00,1790133656.884,80
2026-09-23T13:20:57+10:00,1790133657.843,81
2026-09-23T13:20:58+10:00,1790133658.923,82
2026-09-23T13:20:59+10:00,1790133659.883,82
2026-09-23T13:21:00+10:00,1790133660.843,82
2026-09-23T13:21:01+10:00,1790133661.923,82
2026-09-23T13:21:02+10:00,1790133662.884,81
2026-09-23T13:21:03+10:00,1790133663.844,80
2026-09-23T13:21:04+10:00,1790133664.923,80
2026-09-23T13:21:05+10:00,1790133665.884,80
2026-09-23T13:21:06+10:00,1790133666.843,80
2026-09-23T13:21:07+10:00,1790133667.923,80
2026-09-23T13:21:08+10:00,1790133668.883,80
2026-09-23T13:21:09+10:00,1790133669.843,80
2026-09-23T13:21:10+10:00,1790133670.924,80
2026-09-23T13:21:11+10:00,1790133671.884,80
2026-09-23T13:21:12+10:00,1790133672.843,80
2026-09-23T13:21:13+10:00,1790133673.923,80
2026-09-23T13:21:14+10:00,1790133674.883,80
2026-09-23T13:21:15+10:00,1790133675.844,80
2026-09-23T13:21:16+10:00,1790133676.924,80
2026-09-23T13:21:17+10:00,1790133677.884,80
2026-09-23T13:21:18+10:00,1790133678.844,80
2026-09-23T13:21:19+10:00,1790133679.924,80
2026-09-23T13:21:20+10:00,1790133680.883,85
2026-09-23T13:21:21+10:00,1790133681.844,85
2026-09-23T13:21:22+10:00,1790133682.924,85
2026-09-23T13:21:24+10:00,1790133684.124,85
2026-09-23T13:21:24+10:00,1790133684.843,86
2026-09-23T13:21:25+10:00,1790133685.923,86
2026-09-23T13:21:26+10:00,1790133686.884,86
2026-09-23T13:21:27+10:00,1790133687.844,86
2026-09-23T13:21:28+10:00,1790133688.924,86
2026-09-23T13:21:29+10:00,1790133689.883,86
2026-09-23T13:21:30+10:00,1790133690.843,86
2026-09-23T13:21:31+10:00,1790133691.924,86
2026-09-23T13:21:32+10:00,1790133692.884,86
2026-09-23T13:21:33+10:00,1790133693.844,86
2026-09-23T13:21:34+10:00,1790133694.924,86
2026-09-23T13:21:35+10:00,1790133695.884,86
2026-09-23T13:21:36+10:00,1790133696.844,86
2026-09-23T13:21:37+10:00,1790133697.924,86
2026-09-23T13:21:38+10:00,1790133698.884,86
2026-09-23T13:21:39+10:00,1790133699.844,86
2026-09-23T13:21:40+10:00,1790133700.924,86
2026-09-23T13:21:41+10:00,1790133701.884,85
2026-09-23T13:21:42+10:00,1790133702.844,85
2026-09-23T13:21:43+10:00,1790133703.924,85
2026-09-23T13:21:44+10:00,1790133704.884,86
2026-09-23T13:21:45+10:00,1790133705.844,87
2026-09-23T13:21:46+10:00,1790133706.924,87
2026-09-23T13:21:47+10:00,1790133707.884,86
2026-09-23T13:21:48+10:00,1790133708.844,84
2026-09-23T13:21:49+10:00,1790133709.924,84
2026-09-23T13:21:50+10:00,1790133710.884,82
2026-09-23T13:21:51+10:00,1790133711.844,81
2026-09-23T13:21:52+10:00,1790133712.924,80
2026-09-23T13:21:53+10:00,1790133713.884,80
2026-09-23T13:21:54+10:00,1790133714.844,80
2026-09-23T13:21:55+10:00,1790133715.924,80
2026-09-23T13:21:57+10:00,1790133717.124,80
2026-09-23T13:21:57+10:00,1790133717.964,80
2026-09-23T13:21:58+10:00,1790133718.924,80
2026-09-23T13:21:59+10:00,1790133719.884,80
2026-09-23T13:22:00+10:00,1790133720.964,80
2026-09-23T13:22:01+10:00,1790133721.924,80
2026-09-23T13:22:02+10:00,1790133722.884,81
2026-09-23T13:22:03+10:00,1790133723.964,82
2026-09-23T13:22:04+10:00,1790133724.924,83
2026-09-23T13:22:05+10:00,1790133725.884,84
2026-09-23T13:22:06+10:00,1790133726.964,84
2026-09-23T13:22:07+10:00,1790133727.924,84
2026-09-23T13:22:08+10:00,1790133728.884,85
2026-09-23T13:22:09+10:00,1790133729.964,85
2026-09-23T13:22:11+10:00,1790133731.164,85
2026-09-23T13:22:11+10:00,1790133731.884,85
2026-09-23T13:22:12+10:00,1790133732.964,85
2026-09-23T13:22:13+10:00,1790133733.924,85
2026-09-23T13:22:14+10:00,1790133734.884,85
2026-09-23T13:22:15+10:00,1790133735.964,85
2026-09-23T13:22:16+10:00,1790133736.924,85
2026-09-23T13:22:17+10:00,1790133737.884,85
2026-09-23T13:22:18+10:00,1790133738.964,85
2026-09-23T13:22:19+10:00,1790133739.924,85
2026-09-23T13:22:20+10:00,1790133740.884,85
2026-09-23T13:22:21+10:00,1790133741.964,85
2026-09-23T13:22:22+10:00,1790133742.924,85
2026-09-23T13:22:23+10:00,1790133743.884,85
2026-09-23T13:22:24+10:00,1790133744.964,85
2026-09-23T13:22:25+10:00,1790133745.924,85
2026-09-23T13:22:26+10:00,1790133746.884,85
2026-09-23T13:22:27+10:00,1790133747.964,85
2026-09-23T13:22:28+10:00,1790133748.924,85
2026-09-23T13:22:29+10:00,1790133749.884,85
2026-09-23T13:22:30+10:00,1790133750.964,84
2026-09-23T13:22:31+10:00,1790133751.924,84
2026-09-23T13:22:32+10:00,1790133752.884,84
2026-09-23T13:22:33+10:00,1790133753.964,84
2026-09-23T13:22:34+10:00,1790133754.924,84
2026-09-23T13:22:35+10:00,1790133755.884,84
2026-09-23T13:22:36+10:00,1790133756.964,84
2026-09-23T13:22:37+10:00,1790133757.924,84
2026-09-23T13:22:38+10:00,1790133758.885,85
2026-09-23T13:22:39+10:00,1790133759.965,85
2026-09-23T13:22:40+10:00,1790133760.927,85
2026-09-23T13:22:41+10:00,1790133761.885,85
2026-09-23T13:22:42+10:00,1790133762.964,86
2026-09-23T13:22:44+10:00,1790133764.164,86
2026-09-23T13:22:44+10:00,1790133764.884,86
2026-09-23T13:22:45+10:00,1790133765.964,85
2026-09-23T13:22:46+10:00,1790133766.924,85
2026-09-23T13:22:47+10:00,1790133767.884,85
2026-09-23T13:22:48+10:00,1790133768.964,85
2026-09-23T13:22:49+10:00,1790133769.924,85
2026-09-23T13:22:50+10:00,1790133770.884,85
2026-09-23T13:22:51+10:00,1790133771.964,85
2026-09-23T13:22:52+10:00,1790133772.924,85
2026-09-23T13:22:53+10:00,1790133773.884,86
2026-09-23T13:22:54+10:00,1790133774.964,86
2026-09-23T13:22:55+10:00,1790133775.924,86
2026-09-23T13:22:56+10:00,1790133776.884,86
2026-09-23T13:22:57+10:00,1790133777.964,86
2026-09-23T13:22:58+10:00,1790133778.924,86
2026-09-23T13:22:59+10:00,1790133779.884,86
2026-09-23T13:23:00+10:00,1790133780.964,86
2026-09-23T13:23:01+10:00,1790133781.924,86
2026-09-23T13:23:02+10:00,1790133782.884,85
2026-09-23T13:23:03+10:00,1790133783.964,85
2026-09-23T13:23:04+10:00,1790133784.924,85
2026-09-23T13:23:05+10:00,1790133785.884,85
2026-09-23T13:23:06+10:00,1790133786.964,85
2026-09-23T13:23:07+10:00,1790133787.924,85
2026-09-23T13:23:08+10:00,1790133788.884,85
2026-09-23T13:23:09+10:00,1790133789.964,85
2026-09-23T13:23:10+10:00,1790133790.924,85
2026-09-23T13:23:11+10:00,1790133791.885,85
2026-09-23T13:23:12+10:00,1790133792.965,85
2026-09-23T13:23:13+10:00,1790133793.924,85
2026-09-23T13:23:15+10:00,1790133795.005,85
2026-09-23T13:23:15+10:00,1790133795.964,83
2026-09-23T13:23:16+10:00,1790133796.924,83
2026-09-23T13:23:18+10:00,1790133798.004,83
2026-09-23T13:23:18+10:00,1790133798.964,83
2026-09-23T13:23:19+10:00,1790133799.924,83
2026-09-23T13:23:21+10:00,1790133801.004,83
2026-09-23T13:23:21+10:00,1790133801.964,83
2026-09-23T13:23:22+10:00,1790133802.924,83
2026-09-23T13:23:24+10:00,1790133804.004,83
2026-09-23T13:23:24+10:00,1790133804.964,82
2026-09-23T13:23:25+10:00,1790133805.924,82
2026-09-23T13:23:27+10:00,1790133807.004,82
2026-09-23T13:23:27+10:00,1790133807.964,81
2026-09-23T13:23:28+10:00,1790133808.924,81
2026-09-23T13:23:30+10:00,1790133810.004,82
2026-09-23T13:23:31+10:00,1790133811.204,82
2026-09-23T13:23:31+10:00,1790133811.924,82
2026-09-23T13:23:33+10:00,1790133813.004,82
2026-09-23T13:23:33+10:00,1790133813.964,82
2026-09-23T13:23:34+10:00,1790133814.924,82
2026-09-23T13:23:36+10:00,1790133816.005,82
2026-09-23T13:23:36+10:00,1790133816.964,83
2026-09-23T13:23:37+10:00,1790133817.924,83
2026-09-23T13:23:39+10:00,1790133819.005,82
2026-09-23T13:23:39+10:00,1790133819.965,82
2026-09-23T13:23:40+10:00,1790133820.924,82
2026-09-23T13:23:42+10:00,1790133822.004,82
2026-09-23T13:23:42+10:00,1790133822.965,80
2026-09-23T13:23:43+10:00,1790133823.924,80
2026-09-23T13:23:45+10:00,1790133825.004,80
2026-09-23T13:23:45+10:00,1790133825.964,80
2026-09-23T13:23:46+10:00,1790133826.924,79
2026-09-23T13:23:48+10:00,1790133828.005,79
2026-09-23T13:23:48+10:00,1790133828.965,79
2026-09-23T13:23:49+10:00,1790133829.924,79
2026-09-23T13:23:51+10:00,1790133831.004,81
2026-09-23T13:23:51+10:00,1790133831.964,82
2026-09-23T13:23:52+10:00,1790133832.924,82
2026-09-23T13:23:54+10:00,1790133834.004,82
2026-09-23T13:23:54+10:00,1790133834.965,82
2026-09-23T13:23:55+10:00,1790133835.925,82
2026-09-23T13:23:57+10:00,1790133837.005,82
2026-09-23T13:23:57+10:00,1790133837.965,82
2026-09-23T13:23:58+10:00,1790133838.925,84
2026-09-23T13:24:00+10:00,1790133840.005,84
2026-09-23T13:24:00+10:00,1790133840.964,85
2026-09-23T13:24:01+10:00,1790133841.925,85
2026-09-23T13:24:03+10:00,1790133843.005,84
2026-09-23T13:24:03+10:00,1790133843.964,85
2026-09-23T13:24:04+10:00,1790133844.925,85
2026-09-23T13:24:06+10:00,1790133846.005,85
2026-09-23T13:24:06+10:00,1790133846.965,83
2026-09-23T13:24:07+10:00,1790133847.924,83
2026-09-23T13:24:09+10:00,1790133849.005,81
2026-09-23T13:24:09+10:00,1790133849.965,81
2026-09-23T13:24:10+10:00,1790133850.925,79
2026-09-23T13:24:12+10:00,1790133852.005,79
2026-09-23T13:24:12+10:00,1790133852.965,79
2026-09-23T13:24:13+10:00,1790133853.925,79
2026-09-23T13:24:15+10:00,1790133855.004,79
2026-09-23T13:24:15+10:00,1790133855.965,79
2026-09-23T13:24:16+10:00,1790133856.925,79
2026-09-23T13:24:18+10:00,1790133858.005,79
2026-09-23T13:24:18+10:00,1790133858.965,79
2026-09-23T13:24:19+10:00,1790133859.925,79
2026-09-23T13:24:21+10:00,1790133861.005,79
2026-09-23T13:24:21+10:00,1790133861.965,80
2026-09-23T13:24:23+10:00,1790133863.165,81
2026-09-23T13:24:24+10:00,1790133864.125,79
2026-09-23T13:24:24+10:00,1790133864.965,79
2026-09-23T13:24:26+10:00,1790133866.165,80
2026-09-23T13:24:27+10:00,1790133867.126,79
2026-09-23T13:24:28+10:00,1790133868.085,79
2026-09-23T13:24:29+10:00,1790133869.165,76
2026-09-23T13:24:30+10:00,1790133870.125,76
2026-09-23T13:24:31+10:00,1790133871.085,76
2026-09-23T13:24:32+10:00,1790133872.406,76
2026-09-23T13:24:33+10:00,1790133873.125,76
2026-09-23T13:24:34+10:00,1790133874.205,76
2026-09-23T13:24:35+10:00,1790133875.165,76
2026-09-23T13:24:36+10:00,1790133876.125,77
2026-09-23T13:24:37+10:00,1790133877.205,77
2026-09-23T13:24:38+10:00,1790133878.165,77
2026-09-23T13:24:39+10:00,1790133879.125,77
2026-09-23T13:24:40+10:00,1790133880.205,77
2026-09-23T13:24:41+10:00,1790133881.166,75
2026-09-23T13:24:42+10:00,1790133882.126,74
2026-09-23T13:24:43+10:00,1790133883.205,74
2026-09-23T13:24:44+10:00,1790133884.165,74
2026-09-23T13:24:45+10:00,1790133885.126,75
2026-09-23T13:24:46+10:00,1790133886.205,75
2026-09-23T13:24:47+10:00,1790133887.165,75
2026-09-23T13:24:48+10:00,1790133888.125,77
2026-09-23T13:24:49+10:00,1790133889.206,77
2026-09-23T13:24:50+10:00,1790133890.165,77
2026-09-23T13:24:51+10:00,1790133891.365,78
2026-09-23T13:24:52+10:00,1790133892.205,78
2026-09-23T13:24:53+10:00,1790133893.165,78
2026-09-23T13:24:54+10:00,1790133894.125,78
2026-09-23T13:24:55+10:00,1790133895.205,78
2026-09-23T13:24:56+10:00,1790133896.165,79
2026-09-23T13:24:57+10:00,1790133897.125,79
2026-09-23T13:24:58+10:00,1790133898.205,80
2026-09-23T13:24:59+10:00,1790133899.165,81
2026-09-23T13:25:00+10:00,1790133900.125,84
2026-09-23T13:25:01+10:00,1790133901.205,84
2026-09-23T13:25:02+10:00,1790133902.165,84
2026-09-23T13:25:03+10:00,1790133903.125,84
2026-09-23T13:25:04+10:00,1790133904.206,84
2026-09-23T13:25:05+10:00,1790133905.405,84
2026-09-23T13:25:06+10:00,1790133906.125,85
2026-09-23T13:25:07+10:00,1790133907.206,85
2026-09-23T13:25:08+10:00,1790133908.165,85
2026-09-23T13:25:09+10:00,1790133909.126,85
2026-09-23T13:25:10+10:00,1790133910.205,85
2026-09-23T13:25:11+10:00,1790133911.165,86
2026-09-23T13:25:12+10:00,1790133912.125,86
2026-09-23T13:25:13+10:00,1790133913.206,86
2026-09-23T13:25:14+10:00,1790133914.166,86
2026-09-23T13:25:15+10:00,1790133915.125,86
2026-09-23T13:25:16+10:00,1790133916.205,85
2026-09-23T13:25:17+10:00,1790133917.165,84
2026-09-23T13:25:18+10:00,1790133918.125,84
2026-09-23T13:25:19+10:00,1790133919.445,84
2026-09-23T13:25:20+10:00,1790133920.166,84
2026-09-23T13:25:21+10:00,1790133921.126,84
2026-09-23T13:25:22+10:00,1790133922.206,85
2026-09-23T13:25:23+10:00,1790133923.166,85
2026-09-23T13:25:24+10:00,1790133924.365,87
2026-09-23T13:25:25+10:00,1790133925.205,87
2026-09-23T13:25:26+10:00,1790133926.166,87
2026-09-23T13:25:27+10:00,1790133927.126,86
2026-09-23T13:25:28+10:00,1790133928.206,86
2026-09-23T13:25:29+10:00,1790133929.166,86
2026-09-23T13:25:30+10:00,1790133930.125,86
2026-09-23T13:25:31+10:00,1790133931.205,86
2026-09-23T13:25:32+10:00,1790133932.165,86
2026-09-23T13:25:33+10:00,1790133933.125,86
2026-09-23T13:25:34+10:00,1790133934.206,84
2026-09-23T13:25:35+10:00,1790133935.166,84
2026-09-23T13:25:36+10:00,1790133936.125,84
2026-09-23T13:25:37+10:00,1790133937.205,84
2026-09-23T13:25:38+10:00,1790133938.405,84
2026-09-23T13:25:39+10:00,1790133939.125,82
2026-09-23T13:25:40+10:00,1790133940.206,82
2026-09-23T13:25:41+10:00,1790133941.165,82
2026-09-23T13:25:42+10:00,1790133942.245,82
2026-09-23T13:25:43+10:00,1790133943.206,82
2026-09-23T13:25:44+10:00,1790133944.165,82
2026-09-23T13:25:45+10:00,1790133945.245,82
2026-09-23T13:25:46+10:00,1790133946.205,82
2026-09-23T13:25:47+10:00,1790133947.165,82
2026-09-23T13:25:48+10:00,1790133948.245,83
2026-09-23T13:25:49+10:00,1790133949.205,83
2026-09-23T13:25:50+10:00,1790133950.165,84
2026-09-23T13:25:51+10:00,1790133951.245,84
2026-09-23T13:25:52+10:00,1790133952.445,84
2026-09-23T13:25:53+10:00,1790133953.165,86
2026-09-23T13:25:54+10:00,1790133954.245,87
2026-09-23T13:25:55+10:00,1790133955.205,87
2026-09-23T13:25:56+10:00,1790133956.165,87
2026-09-23T13:25:57+10:00,1790133957.245,87
2026-09-23T13:25:58+10:00,1790133958.205,87
2026-09-23T13:25:59+10:00,1790133959.165,87
2026-09-23T13:26:00+10:00,1790133960.245,87
2026-09-23T13:26:01+10:00,1790133961.205,87
2026-09-23T13:26:02+10:00,1790133962.165,87
2026-09-23T13:26:03+10:00,1790133963.245,87
2026-09-23T13:26:04+10:00,1790133964.205,87
2026-09-23T13:26:05+10:00,1790133965.165,86
2026-09-23T13:26:06+10:00,1790133966.245,86
2026-09-23T13:26:07+10:00,1790133967.205,86
2026-09-23T13:26:08+10:00,1790133968.165,83
2026-09-23T13:26:09+10:00,1790133969.245,83
2026-09-23T13:26:10+10:00,1790133970.205,83
2026-09-23T13:26:11+10:00,1790133971.405,83
2026-09-23T13:26:12+10:00,1790133972.245,83
2026-09-23T13:26:13+10:00,1790133973.205,83
2026-09-23T13:26:14+10:00,1790133974.165,83
2026-09-23T13:26:15+10:00,1790133975.245,83
2026-09-23T13:26:16+10:00,1790133976.205,83
2026-09-23T13:26:17+10:00,1790133977.165,83
2026-09-23T13:26:18+10:00,1790133978.245,82
2026-09-23T13:26:19+10:00,1790133979.205,82
2026-09-23T13:26:20+10:00,1790133980.165,81
2026-09-23T13:26:21+10:00,1790133981.245,79
2026-09-23T13:26:22+10:00,1790133982.205,79
2026-09-23T13:26:23+10:00,1790133983.165,79
2026-09-23T13:26:24+10:00,1790133984.245,79
2026-09-23T13:26:25+10:00,1790133985.445,79
2026-09-23T13:26:26+10:00,1790133986.165,79
2026-09-23T13:26:27+10:00,1790133987.245,80
2026-09-23T13:26:28+10:00,1790133988.205,80
2026-09-23T13:26:29+10:00,1790133989.165,82
2026-09-23T13:26:30+10:00,1790133990.245,83
2026-09-23T13:26:31+10:00,1790133991.205,83
2026-09-23T13:26:32+10:00,1790133992.165,83
2026-09-23T13:26:33+10:00,1790133993.245,83
2026-09-23T13:26:34+10:00,1790133994.205,83
2026-09-23T13:26:35+10:00,1790133995.166,84
2026-09-23T13:26:36+10:00,1790133996.245,85
2026-09-23T13:26:37+10:00,1790133997.206,85
2026-09-23T13:26:38+10:00,1790133998.165,86
2026-09-23T13:26:39+10:00,1790133999.485,88
2026-09-23T13:26:40+10:00,1790134000.205,90
2026-09-23T13:26:41+10:00,1790134001.165,90
2026-09-23T13:26:42+10:00,1790134002.245,92
2026-09-23T13:26:43+10:00,1790134003.205,92
2026-09-23T13:26:44+10:00,1790134004.405,93
2026-09-23T13:26:45+10:00,1790134005.245,92
2026-09-23T13:26:46+10:00,1790134006.205,92
2026-09-23T13:26:47+10:00,1790134007.165,92
2026-09-23T13:26:48+10:00,1790134008.245,92
2026-09-23T13:26:49+10:00,1790134009.205,92
2026-09-23T13:26:50+10:00,1790134010.165,92
2026-09-23T13:26:51+10:00,1790134011.246,90
2026-09-23T13:26:52+10:00,1790134012.205,88
2026-09-23T13:26:53+10:00,1790134013.165,86
2026-09-23T13:26:54+10:00,1790134014.245,86
2026-09-23T13:26:55+10:00,1790134015.205,86
2026-09-23T13:26:56+10:00,1790134016.165,86
2026-09-23T13:26:57+10:00,1790134017.245,86
2026-09-23T13:26:58+10:00,1790134018.445,85
2026-09-23T13:26:59+10:00,1790134019.165,84
2026-09-23T13:27:00+10:00,1790134020.246,84
2026-09-23T13:27:01+10:00,1790134021.205,84
2026-09-23T13:27:02+10:00,1790134022.165,84
2026-09-23T13:27:03+10:00,1790134023.245,84
2026-09-23T13:27:04+10:00,1790134024.205,84
2026-09-23T13:27:05+10:00,1790134025.165,84
2026-09-23T13:27:06+10:00,1790134026.245,84
2026-09-23T13:27:07+10:00,1790134027.205,84
2026-09-23T13:27:08+10:00,1790134028.165,84
2026-09-23T13:27:09+10:00,1790134029.245,83
2026-09-23T13:27:10+10:00,1790134030.205,83
2026-09-23T13:27:11+10:00,1790134031.285,83
2026-09-23T13:27:12+10:00,1790134032.485,83
2026-09-23T13:27:13+10:00,1790134033.205,83
2026-09-23T13:27:14+10:00,1790134034.286,83
2026-09-23T13:27:15+10:00,1790134035.245,83
2026-09-23T13:27:16+10:00,1790134036.205,84
2026-09-23T13:27:17+10:00,1790134037.285,85
2026-09-23T13:27:18+10:00,1790134038.245,84
2026-09-23T13:27:19+10:00,1790134039.205,84
2026-09-23T13:27:20+10:00,1790134040.285,84
2026-09-23T13:27:21+10:00,1790134041.245,84
2026-09-23T13:27:22+10:00,1790134042.206,84
2026-09-23T13:27:23+10:00,1790134043.285,85
2026-09-23T13:27:24+10:00,1790134044.245,85
2026-09-23T13:27:25+10:00,1790134045.206,85
2026-09-23T13:27:26+10:00,1790134046.526,84
2026-09-23T13:27:27+10:00,1790134047.245,84
2026-09-23T13:27:28+10:00,1790134048.205,84
2026-09-23T13:27:29+10:00,1790134049.285,84
2026-09-23T13:27:30+10:00,1790134050.245,84
2026-09-23T13:27:31+10:00,1790134051.445,84
2026-09-23T13:27:32+10:00,1790134052.285,80
2026-09-23T13:27:33+10:00,1790134053.245,79
2026-09-23T13:27:34+10:00,1790134054.205,79
2026-09-23T13:27:35+10:00,1790134055.285,79
2026-09-23T13:27:36+10:00,1790134056.245,79
2026-09-23T13:27:37+10:00,1790134057.205,79
2026-09-23T13:27:38+10:00,1790134058.285,79
2026-09-23T13:27:39+10:00,1790134059.245,79
2026-09-23T13:27:40+10:00,1790134060.205,79
2026-09-23T13:27:41+10:00,1790134061.285,79
2026-09-23T13:27:42+10:00,1790134062.246,79
2026-09-23T13:27:43+10:00,1790134063.205,79
2026-09-23T13:27:44+10:00,1790134064.285,79
2026-09-23T13:27:45+10:00,1790134065.485,80
2026-09-23T13:27:46+10:00,1790134066.205,80
2026-09-23T13:27:47+10:00,1790134067.285,80
2026-09-23T13:27:48+10:00,1790134068.246,83
2026-09-23T13:27:49+10:00,1790134069.205,83
2026-09-23T13:27:50+10:00,1790134070.286,83
2026-09-23T13:27:51+10:00,1790134071.245,83
2026-09-23T13:27:52+10:00,1790134072.206,84
2026-09-23T13:27:53+10:00,1790134073.286,84
2026-09-23T13:27:54+10:00,1790134074.245,85
2026-09-23T13:27:55+10:00,1790134075.205,85
2026-09-23T13:27:56+10:00,1790134076.286,85
2026-09-23T13:27:57+10:00,1790134077.245,86
2026-09-23T13:27:58+10:00,1790134078.205,86
2026-09-23T13:27:59+10:00,1790134079.525,86
2026-09-23T13:28:00+10:00,1790134080.246,86
2026-09-23T13:28:01+10:00,1790134081.205,86
2026-09-23T13:28:02+10:00,1790134082.285,85
2026-09-23T13:28:03+10:00,1790134083.245,83
2026-09-23T13:28:04+10:00,1790134084.446,82
2026-09-23T13:28:05+10:00,1790134085.286,82
2026-09-23T13:28:06+10:00,1790134086.246,82
2026-09-23T13:28:07+10:00,1790134087.205,82
2026-09-23T13:28:08+10:00,1790134088.285,82
2026-09-23T13:28:09+10:00,1790134089.245,82
2026-09-23T13:28:10+10:00,1790134090.205,82
2026-09-23T13:28:11+10:00,1790134091.285,82
2026-09-23T13:28:12+10:00,1790134092.246,82
2026-09-23T13:28:13+10:00,1790134093.325,82
2026-09-23T13:28:14+10:00,1790134094.286,82
2026-09-23T13:28:15+10:00,1790134095.245,82
2026-09-23T13:28:16+10:00,1790134096.206,82
2026-09-23T13:28:17+10:00,1790134097.286,82
2026-09-23T13:28:18+10:00,1790134098.485,82
2026-09-23T13:28:19+10:00,1790134099.326,82
2026-09-23T13:28:20+10:00,1790134100.286,82
2026-09-23T13:28:21+10:00,1790134101.246,82
2026-09-23T13:28:22+10:00,1790134102.326,82
2026-09-23T13:28:23+10:00,1790134103.286,82
2026-09-23T13:28:24+10:00,1790134104.245,82
2026-09-23T13:28:25+10:00,1790134105.325,82
2026-09-23T13:28:26+10:00,1790134106.286,82
2026-09-23T13:28:27+10:00,1790134107.246,81
2026-09-23T13:28:28+10:00,1790134108.326,81
2026-09-23T13:28:29+10:00,1790134109.286,82
2026-09-23T13:28:30+10:00,1790134110.246,82
2026-09-23T13:28:31+10:00,1790134111.325,82
2026-09-23T13:28:32+10:00,1790134112.525,82
2026-09-23T13:28:33+10:00,1790134113.245,81
2026-09-23T13:28:34+10:00,1790134114.326,81
2026-09-23T13:28:35+10:00,1790134115.285,84
2026-09-23T13:28:36+10:00,1790134116.246,84
2026-09-23T13:28:37+10:00,1790134117.326,84
2026-09-23T13:28:38+10:00,1790134118.286,84
2026-09-23T13:28:39+10:00,1790134119.245,84
2026-09-23T13:28:40+10:00,1790134120.326,84
2026-09-23T13:28:41+10:00,1790134121.285,84
2026-09-23T13:28:42+10:00,1790134122.246,84
2026-09-23T13:28:43+10:00,1790134123.326,84
2026-09-23T13:28:44+10:00,1790134124.286,84
2026-09-23T13:28:45+10:00,1790134125.246,84
2026-09-23T13:28:46+10:00,1790134126.566,84
2026-09-23T13:28:47+10:00,1790134127.286,84
2026-09-23T13:28:48+10:00,1790134128.245,84
2026-09-23T13:28:49+10:00,1790134129.325,84
2026-09-23T13:28:50+10:00,1790134130.285,84
2026-09-23T13:28:51+10:00,1790134131.486,84
2026-09-23T13:28:52+10:00,1790134132.326,84
2026-09-23T13:28:53+10:00,1790134133.286,84
2026-09-23T13:28:54+10:00,1790134134.246,85
2026-09-23T13:28:55+10:00,1790134135.326,85
2026-09-23T13:28:56+10:00,1790134136.286,87
2026-09-23T13:28:57+10:00,1790134137.246,87
2026-09-23T13:28:58+10:00,1790134138.326,87
2026-09-23T13:28:59+10:00,1790134139.286,87
2026-09-23T13:29:00+10:00,1790134140.246,87
2026-09-23T13:29:01+10:00,1790134141.326,87
2026-09-23T13:29:02+10:00,1790134142.286,87
2026-09-23T13:29:03+10:00,1790134143.246,86
2026-09-23T13:29:04+10:00,1790134144.326,85
2026-09-23T13:29:05+10:00,1790134145.526,84
2026-09-23T13:29:06+10:00,1790134146.246,84
2026-09-23T13:29:07+10:00,1790134147.326,84
2026-09-23T13:29:08+10:00,1790134148.286,84
2026-09-23T13:29:09+10:00,1790134149.246,84
2026-09-23T13:29:10+10:00,1790134150.326,84
2026-09-23T13:29:11+10:00,1790134151.286,84
2026-09-23T13:29:12+10:00,1790134152.246,84
2026-09-23T13:29:13+10:00,1790134153.326,84
2026-09-23T13:29:14+10:00,1790134154.286,84
2026-09-23T13:29:15+10:00,1790134155.246,82
2026-09-23T13:29:16+10:00,1790134156.326,81
2026-09-23T13:29:17+10:00,1790134157.286,79
2026-09-23T13:29:18+10:00,1790134158.246,78
2026-09-23T13:29:19+10:00,1790134159.566,78
2026-09-23T13:29:20+10:00,1790134160.286,78
2026-09-23T13:29:21+10:00,1790134161.246,78
2026-09-23T13:29:22+10:00,1790134162.326,78
2026-09-23T13:29:23+10:00,1790134163.286,78
2026-09-23T13:29:24+10:00,1790134164.486,78
2026-09-23T13:29:25+10:00,1790134165.326,78
2026-09-23T13:29:26+10:00,1790134166.286,78
2026-09-23T13:29:27+10:00,1790134167.246,78
2026-09-23T13:29:28+10:00,1790134168.326,78
2026-09-23T13:29:29+10:00,1790134169.286,78
2026-09-23T13:29:30+10:00,1790134170.246,78
2026-09-23T13:29:31+10:00,1790134171.326,78
2026-09-23T13:29:32+10:00,1790134172.286,78
2026-09-23T13:29:33+10:00,1790134173.486,78
2026-09-23T13:29:34+10:00,1790134174.326,78
2026-09-23T13:29:35+10:00,1790134175.286,78
2026-09-23T13:29:36+10:00,1790134176.246,78
2026-09-23T13:29:37+10:00,1790134177.326,78
2026-09-23T13:29:38+10:00,1790134178.526,78
2026-09-23T13:29:39+10:00,1790134179.246,78
2026-09-23T13:29:40+10:00,1790134180.326,78
2026-09-23T13:29:41+10:00,1790134181.286,78
2026-09-23T13:29:42+10:00,1790134182.366,78
2026-09-23T13:29:43+10:00,1790134183.326,78
2026-09-23T13:29:44+10:00,1790134184.286,78
2026-09-23T13:29:45+10:00,1790134185.366,80
2026-09-23T13:29:46+10:00,1790134186.326,83
2026-09-23T13:29:47+10:00,1790134187.286,83
2026-09-23T13:29:48+10:00,1790134188.366,84
2026-09-23T13:29:49+10:00,1790134189.326,84
2026-09-23T13:29:50+10:00,1790134190.286,84
2026-09-23T13:29:51+10:00,1790134191.366,86
2026-09-23T13:29:52+10:00,1790134192.566,86
2026-09-23T13:29:53+10:00,1790134193.286,87
2026-09-23T13:29:54+10:00,1790134194.367,87
2026-09-23T13:29:55+10:00,1790134195.326,87
2026-09-23T13:29:56+10:00,1790134196.286,87
2026-09-23T13:29:57+10:00,1790134197.366,87
2026-09-23T13:29:58+10:00,1790134198.326,86
2026-09-23T13:29:59+10:00,1790134199.286,86
2026-09-23T13:30:00+10:00,1790134200.366,85
2026-09-23T13:30:01+10:00,1790134201.326,85
2026-09-23T13:30:02+10:00,1790134202.286,84
2026-09-23T13:30:03+10:00,1790134203.366,84
2026-09-23T13:30:04+10:00,1790134204.326,83
2026-09-23T13:30:05+10:00,1790134205.286,83
2026-09-23T13:30:06+10:00,1790134206.606,82
2026-09-23T13:30:07+10:00,1790134207.326,82
2026-09-23T13:30:08+10:00,1790134208.286,82
2026-09-23T13:30:09+10:00,1790134209.366,83
2026-09-23T13:30:10+10:00,1790134210.326,83
2026-09-23T13:30:11+10:00,1790134211.526,82
2026-09-23T13:30:12+10:00,1790134212.366,81
2026-09-23T13:30:13+10:00,1790134213.326,81
2026-09-23T13:30:14+10:00,1790134214.286,81
2026-09-23T13:30:15+10:00,1790134215.366,80
2026-09-23T13:30:16+10:00,1790134216.326,80
2026-09-23T13:30:17+10:00,1790134217.286,81
2026-09-23T13:30:18+10:00,1790134218.366,82
2026-09-23T13:30:19+10:00,1790134219.326,82
2026-09-23T13:30:20+10:00,1790134220.406,82
2026-09-23T13:30:21+10:00,1790134221.366,82
2026-09-23T13:30:22+10:00,1790134222.326,84
2026-09-23T13:30:23+10:00,1790134223.286,85
2026-09-23T13:30:24+10:00,1790134224.366,85
2026-09-23T13:30:25+10:00,1790134225.566,85
2026-09-23T13:30:26+10:00,1790134226.286,85
2026-09-23T13:30:27+10:00,1790134227.366,85
2026-09-23T13:30:28+10:00,1790134228.326,85
2026-09-23T13:30:29+10:00,1790134229.286,85
2026-09-23T13:30:30+10:00,1790134230.367,84
2026-09-23T13:30:31+10:00,1790134231.326,84
2026-09-23T13:30:32+10:00,1790134232.286,83
2026-09-23T13:30:33+10:00,1790134233.366,83
2026-09-23T13:30:34+10:00,1790134234.326,83
2026-09-23T13:30:35+10:00,1790134235.286,83
2026-09-23T13:30:36+10:00,1790134236.367,83
2026-09-23T13:30:37+10:00,1790134237.326,83
2026-09-23T13:30:38+10:00,1790134238.286,82
2026-09-23T13:30:39+10:00,1790134239.606,83
2026-09-23T13:30:40+10:00,1790134240.326,82
2026-09-23T13:30:41+10:00,1790134241.286,82
2026-09-23T13:30:42+10:00,1790134242.366,83
2026-09-23T13:30:43+10:00,1790134243.326,83
2026-09-23T13:30:44+10:00,1790134244.286,83
2026-09-23T13:30:45+10:00,1790134245.366,83
2026-09-23T13:30:46+10:00,1790134246.326,82
2026-09-23T13:30:47+10:00,1790134247.286,82
2026-09-23T13:30:48+10:00,1790134248.366,82
2026-09-23T13:30:49+10:00,1790134249.326,82
2026-09-23T13:30:50+10:00,1790134250.286,82
2026-09-23T13:30:51+10:00,1790134251.366,82
2026-09-23T13:30:52+10:00,1790134252.326,82
2026-09-23T13:30:53+10:00,1790134253.526,82
2026-09-23T13:30:54+10:00,1790134254.367,82
2026-09-23T13:30:55+10:00,1790134255.326,82
2026-09-23T13:30:56+10:00,1790134256.286,82
2026-09-23T13:30:57+10:00,1790134257.366,82
2026-09-23T13:30:58+10:00,1790134258.566,82
2026-09-23T13:30:59+10:00,1790134259.406,85
2026-09-23T13:31:00+10:00,1790134260.366,85
2026-09-23T13:31:01+10:00,1790134261.327,85
2026-09-23T13:31:02+10:00,1790134262.406,85
2026-09-23T13:31:03+10:00,1790134263.366,86
2026-09-23T13:31:04+10:00,1790134264.326,85
2026-09-23T13:31:05+10:00,1790134265.406,85
2026-09-23T13:31:06+10:00,1790134266.367,83
2026-09-23T13:31:07+10:00,1790134267.326,83
2026-09-23T13:31:08+10:00,1790134268.407,82
2026-09-23T13:31:09+10:00,1790134269.367,82
2026-09-23T13:31:10+10:00,1790134270.326,82
2026-09-23T13:31:11+10:00,1790134271.406,82
2026-09-23T13:31:12+10:00,1790134272.606,82
2026-09-23T13:31:13+10:00,1790134273.326,82
2026-09-23T13:31:14+10:00,1790134274.406,82
2026-09-23T13:31:15+10:00,1790134275.366,82
2026-09-23T13:31:16+10:00,1790134276.326,83
2026-09-23T13:31:17+10:00,1790134277.406,83
2026-09-23T13:31:18+10:00,1790134278.366,84
2026-09-23T13:31:19+10:00,1790134279.326,84
2026-09-23T13:31:20+10:00,1790134280.406,84
2026-09-23T13:31:21+10:00,1790134281.366,84
2026-09-23T13:31:22+10:00,1790134282.326,83
2026-09-23T13:31:23+10:00,1790134283.407,81
2026-09-23T13:31:24+10:00,1790134284.367,80
2026-09-23T13:31:25+10:00,1790134285.326,80
2026-09-23T13:31:26+10:00,1790134286.646,80
2026-09-23T13:31:27+10:00,1790134287.366,80
2026-09-23T13:31:28+10:00,1790134288.326,80
2026-09-23T13:31:29+10:00,1790134289.406,80
2026-09-23T13:31:30+10:00,1790134290.366,79
2026-09-23T13:31:31+10:00,1790134291.567,79
2026-09-23T13:31:32+10:00,1790134292.406,79
2026-09-23T13:31:33+10:00,1790134293.366,78
2026-09-23T13:31:34+10:00,1790134294.326,78
2026-09-23T13:31:35+10:00,1790134295.406,78
2026-09-23T13:31:36+10:00,1790134296.367,78
2026-09-23T13:31:37+10:00,1790134297.326,78
2026-09-23T13:31:38+10:00,1790134298.406,78
2026-09-23T13:31:39+10:00,1790134299.366,78
2026-09-23T13:31:40+10:00,1790134300.566,78
2026-09-23T13:31:41+10:00,1790134301.406,78
2026-09-23T13:31:42+10:00,1790134302.366,78
2026-09-23T13:31:43+10:00,1790134303.327,78
2026-09-23T13:31:44+10:00,1790134304.406,78
2026-09-23T13:31:45+10:00,1790134305.606,78
2026-09-23T13:31:46+10:00,1790134306.326,79
2026-09-23T13:31:47+10:00,1790134307.407,79
2026-09-23T13:31:48+10:00,1790134308.366,79
2026-09-23T13:31:49+10:00,1790134309.327,79
2026-09-23T13:31:50+10:00,1790134310.406,79
2026-09-23T13:31:51+10:00,1790134311.367,79
2026-09-23T13:31:52+10:00,1790134312.327,78
2026-09-23T13:31:53+10:00,1790134313.407,77
2026-09-23T13:31:54+10:00,1790134314.367,77
2026-09-23T13:31:55+10:00,1790134315.326,77
2026-09-23T13:31:56+10:00,1790134316.406,77
2026-09-23T13:31:57+10:00,1790134317.366,80
2026-09-23T13:31:58+10:00,1790134318.326,80
2026-09-23T13:31:59+10:00,1790134319.647,80
2026-09-23T13:32:00+10:00,1790134320.367,80
2026-09-23T13:32:01+10:00,1790134321.327,80
2026-09-23T13:32:02+10:00,1790134322.407,80
2026-09-23T13:32:03+10:00,1790134323.366,81
2026-09-23T13:32:04+10:00,1790134324.326,82
2026-09-23T13:32:05+10:00,1790134325.406,82
2026-09-23T13:32:06+10:00,1790134326.367,82
2026-09-23T13:32:07+10:00,1790134327.327,82
2026-09-23T13:32:08+10:00,1790134328.407,82
2026-09-23T13:32:09+10:00,1790134329.367,82
2026-09-23T13:32:10+10:00,1790134330.327,82
2026-09-23T13:32:11+10:00,1790134331.527,82
2026-09-23T13:32:12+10:00,1790134332.367,82
2026-09-23T13:32:13+10:00,1790134333.566,82
2026-09-23T13:32:14+10:00,1790134334.406,82
2026-09-23T13:32:15+10:00,1790134335.367,82
2026-09-23T13:32:16+10:00,1790134336.327,82
2026-09-23T13:32:17+10:00,1790134337.407,82
2026-09-23T13:32:18+10:00,1790134338.607,82
2026-09-23T13:32:19+10:00,1790134339.327,82
2026-09-23T13:32:20+10:00,1790134340.407,82
2026-09-23T13:32:21+10:00,1790134341.367,82
2026-09-23T13:32:22+10:00,1790134342.327,82
2026-09-23T13:32:23+10:00,1790134343.407,81
2026-09-23T13:32:24+10:00,1790134344.367,80
2026-09-23T13:32:25+10:00,1790134345.327,80
2026-09-23T13:32:26+10:00,1790134346.407,80
2026-09-23T13:32:27+10:00,1790134347.487,80
2026-09-23T13:32:28+10:00,1790134348.327,80
2026-09-23T13:32:29+10:00,1790134349.407,81
2026-09-23T13:32:30+10:00,1790134350.367,82
2026-09-23T13:32:31+10:00,1790134351.327,82
2026-09-23T13:32:32+10:00,1790134352.647,82
2026-09-23T13:32:33+10:00,1790134353.367,83
2026-09-23T13:32:34+10:00,1790134354.327,83
2026-09-23T13:32:35+10:00,1790134355.407,84
2026-09-23T13:32:36+10:00,1790134356.367,84
2026-09-23T13:32:37+10:00,1790134357.327,84
2026-09-23T13:32:38+10:00,1790134358.407,86
2026-09-23T13:32:39+10:00,1790134359.367,87
2026-09-23T13:32:40+10:00,1790134360.327,87
2026-09-23T13:32:41+10:00,1790134361.407,88
2026-09-23T13:32:42+10:00,1790134362.367,87
2026-09-23T13:32:43+10:00,1790134363.327,87
2026-09-23T13:32:44+10:00,1790134364.408,87
2026-09-23T13:32:45+10:00,1790134365.367,86
2026-09-23T13:32:46+10:00,1790134366.568,86
2026-09-23T13:32:47+10:00,1790134367.407,86
2026-09-23T13:32:48+10:00,1790134368.367,86
2026-09-23T13:32:49+10:00,1790134369.327,86
2026-09-23T13:32:50+10:00,1790134370.407,86
2026-09-23T13:32:51+10:00,1790134371.367,86
2026-09-23T13:32:52+10:00,1790134372.327,86
2026-09-23T13:32:53+10:00,1790134373.407,86
2026-09-23T13:32:54+10:00,1790134374.367,86
2026-09-23T13:32:55+10:00,1790134375.327,86
2026-09-23T13:32:56+10:00,1790134376.407,86
2026-09-23T13:32:57+10:00,1790134377.367,86
2026-09-23T13:32:58+10:00,1790134378.447,86
2026-09-23T13:32:59+10:00,1790134379.407,86
2026-09-23T13:33:00+10:00,1790134380.608,86
2026-09-23T13:33:01+10:00,1790134381.447,86
2026-09-23T13:33:02+10:00,1790134382.407,86
2026-09-23T13:33:03+10:00,1790134383.367,85
2026-09-23T13:33:04+10:00,1790134384.447,85
2026-09-23T13:33:05+10:00,1790134385.647,85
2026-09-23T13:33:06+10:00,1790134386.367,85
2026-09-23T13:33:07+10:00,1790134387.447,85
2026-09-23T13:33:08+10:00,1790134388.407,87
2026-09-23T13:33:09+10:00,1790134389.367,87
2026-09-23T13:33:10+10:00,1790134390.447,87
2026-09-23T13:33:11+10:00,1790134391.407,86
2026-09-23T13:33:12+10:00,1790134392.367,85
2026-09-23T13:33:13+10:00,1790134393.447,85
2026-09-23T13:33:14+10:00,1790134394.407,84
2026-09-23T13:33:15+10:00,1790134395.367,83
2026-09-23T13:33:16+10:00,1790134396.447,83
2026-09-23T13:33:17+10:00,1790134397.407,83
2026-09-23T13:33:18+10:00,1790134398.367,82
2026-09-23T13:33:19+10:00,1790134399.687,82
2026-09-23T13:33:20+10:00,1790134400.407,82
2026-09-23T13:33:21+10:00,1790134401.367,82
2026-09-23T13:33:22+10:00,1790134402.447,82
2026-09-23T13:33:23+10:00,1790134403.407,82
2026-09-23T13:33:24+10:00,1790134404.367,82
2026-09-23T13:33:25+10:00,1790134405.447,82
2026-09-23T13:33:26+10:00,1790134406.407,83
2026-09-23T13:33:27+10:00,1790134407.367,82
2026-09-23T13:33:28+10:00,1790134408.447,82
2026-09-23T13:33:29+10:00,1790134409.407,82
2026-09-23T13:33:30+10:00,1790134410.367,80
2026-09-23T13:33:31+10:00,1790134411.447,80
2026-09-23T13:33:32+10:00,1790134412.407,80
2026-09-23T13:33:33+10:00,1790134413.607,80
2026-09-23T13:33:34+10:00,1790134414.447,80
2026-09-23T13:33:35+10:00,1790134415.407,79
2026-09-23T13:33:36+10:00,1790134416.367,79
2026-09-23T13:33:37+10:00,1790134417.447,79
2026-09-23T13:33:38+10:00,1790134418.647,79
2026-09-23T13:33:39+10:00,1790134419.367,79
2026-09-23T13:33:40+10:00,1790134420.447,81
2026-09-23T13:33:41+10:00,1790134421.407,82
2026-09-23T13:33:42+10:00,1790134422.367,82
2026-09-23T13:33:43+10:00,1790134423.447,82
2026-09-23T13:33:44+10:00,1790134424.408,82
2026-09-23T13:33:45+10:00,1790134425.367,82
2026-09-23T13:33:46+10:00,1790134426.448,83
2026-09-23T13:33:47+10:00,1790134427.647,84
2026-09-23T13:33:48+10:00,1790134428.367,84
2026-09-23T13:33:49+10:00,1790134429.447,84
2026-09-23T13:33:50+10:00,1790134430.407,84
2026-09-23T13:33:51+10:00,1790134431.367,84
2026-09-23T13:33:52+10:00,1790134432.687,84
2026-09-23T13:33:53+10:00,1790134433.407,85
2026-09-23T13:33:54+10:00,1790134434.367,84
2026-09-23T13:33:55+10:00,1790134435.447,84
2026-09-23T13:33:56+10:00,1790134436.407,83
2026-09-23T13:33:57+10:00,1790134437.368,83
2026-09-23T13:33:58+10:00,1790134438.447,83
2026-09-23T13:33:59+10:00,1790134439.407,83
2026-09-23T13:34:00+10:00,1790134440.487,83
2026-09-23T13:34:01+10:00,1790134441.447,83
2026-09-23T13:34:02+10:00,1790134442.407,85
2026-09-23T13:34:03+10:00,1790134443.487,85
2026-09-23T13:34:04+10:00,1790134444.447,85
2026-09-23T13:34:05+10:00,1790134445.407,85
2026-09-23T13:34:06+10:00,1790134446.727,86
2026-09-23T13:34:07+10:00,1790134447.447,86
2026-09-23T13:34:08+10:00,1790134448.407,86
2026-09-23T13:34:09+10:00,1790134449.487,86
2026-09-23T13:34:10+10:00,1790134450.447,85
2026-09-23T13:34:11+10:00,1790134451.407,85
2026-09-23T13:34:12+10:00,1790134452.487,85
2026-09-23T13:34:13+10:00,1790134453.447,85
2026-09-23T13:34:14+10:00,1790134454.407,85
2026-09-23T13:34:15+10:00,1790134455.488,85
2026-09-23T13:34:16+10:00,1790134456.447,85
2026-09-23T13:34:17+10:00,1790134457.407,85
2026-09-23T13:34:18+10:00,1790134458.487,85
2026-09-23T13:34:19+10:00,1790134459.447,85
2026-09-23T13:34:20+10:00,1790134460.647,85
2026-09-23T13:34:21+10:00,1790134461.487,85
2026-09-23T13:34:22+10:00,1790134462.447,85
2026-09-23T13:34:23+10:00,1790134463.407,87
2026-09-23T13:34:24+10:00,1790134464.488,87
2026-09-23T13:34:25+10:00,1790134465.687,87
2026-09-23T13:34:26+10:00,1790134466.407,87
2026-09-23T13:34:27+10:00,1790134467.487,87
2026-09-23T13:34:28+10:00,1790134468.447,87
2026-09-23T13:34:29+10:00,1790134469.408,87
2026-09-23T13:34:30+10:00,1790134470.487,87
2026-09-23T13:34:31+10:00,1790134471.447,87
2026-09-23T13:34:32+10:00,1790134472.407,87
2026-09-23T13:34:33+10:00,1790134473.487,87
2026-09-23T13:34:34+10:00,1790134474.687,87
2026-09-23T13:34:35+10:00,1790134475.407,87
2026-09-23T13:34:36+10:00,1790134476.488,87
2026-09-23T13:34:37+10:00,1790134477.447,87
2026-09-23T13:34:38+10:00,1790134478.407,87
2026-09-23T13:34:39+10:00,1790134479.727,87
2026-09-23T13:34:40+10:00,1790134480.447,87
2026-09-23T13:34:41+10:00,1790134481.408,87
2026-09-23T13:34:42+10:00,1790134482.487,87
2026-09-23T13:34:43+10:00,1790134483.447,87
2026-09-23T13:34:44+10:00,1790134484.527,88
2026-09-23T13:34:45+10:00,1790134485.487,88
2026-09-23T13:34:46+10:00,1790134486.447,88
2026-09-23T13:34:47+10:00,1790134487.528,88
2026-09-23T13:34:48+10:00,1790134488.487,88
2026-09-23T13:34:49+10:00,1790134489.567,88
2026-09-23T13:34:50+10:00,1790134490.407,87
2026-09-23T13:34:51+10:00,1790134491.487,86
2026-09-23T13:34:52+10:00,1790134492.447,86
2026-09-23T13:34:53+10:00,1790134493.408,86
2026-09-23T13:34:54+10:00,1790134494.488,86
2026-09-23T13:34:55+10:00,1790134495.447,86
2026-09-23T13:34:56+10:00,1790134496.528,86
2026-09-23T13:34:57+10:00,1790134497.487,86
2026-09-23T13:34:58+10:00,1790134498.448,86
2026-09-23T13:34:59+10:00,1790134499.527,86
2026-09-23T13:35:00+10:00,1790134500.487,86
2026-09-23T13:35:01+10:00,1790134501.448,86
2026-09-23T13:35:02+10:00,1790134502.527,87
2026-09-23T13:35:03+10:00,1790134503.488,87
2026-09-23T13:35:04+10:00,1790134504.448,87
2026-09-23T13:35:05+10:00,1790134505.647,86
2026-09-23T13:35:06+10:00,1790134506.487,86
2026-09-23T13:35:07+10:00,1790134507.688,86
2026-09-23T13:35:08+10:00,1790134508.407,86
2026-09-23T13:35:09+10:00,1790134509.488,86
2026-09-23T13:35:10+10:00,1790134510.447,86
2026-09-23T13:35:11+10:00,1790134511.648,86
2026-09-23T13:35:12+10:00,1790134512.727,86
2026-09-23T13:35:13+10:00,1790134513.448,86
2026-09-23T13:35:14+10:00,1790134514.528,86
2026-09-23T13:35:15+10:00,1790134515.487,86
2026-09-23T13:35:16+10:00,1790134516.448,87
2026-09-23T13:35:17+10:00,1790134517.528,87
2026-09-23T13:35:18+10:00,1790134518.487,87
2026-09-23T13:35:19+10:00,1790134519.447,87
2026-09-23T13:35:20+10:00,1790134520.527,87
2026-09-23T13:35:21+10:00,1790134521.487,87
2026-09-23T13:35:22+10:00,1790134522.447,87
2026-09-23T13:35:23+10:00,1790134523.528,87
2026-09-23T13:35:24+10:00,1790134524.488,87
2026-09-23T13:35:25+10:00,1790134525.447,87
2026-09-23T13:35:26+10:00,1790134526.768,87
2026-09-23T13:35:27+10:00,1790134527.488,87
2026-09-23T13:35:28+10:00,1790134528.447,87
2026-09-23T13:35:29+10:00,1790134529.528,87
2026-09-23T13:35:30+10:00,1790134530.487,86
2026-09-23T13:35:31+10:00,1790134531.448,86
2026-09-23T13:35:32+10:00,1790134532.528,85
2026-09-23T13:35:33+10:00,1790134533.488,85
2026-09-23T13:35:34+10:00,1790134534.448,85
2026-09-23T13:35:35+10:00,1790134535.528,84
2026-09-23T13:35:36+10:00,1790134536.488,84
2026-09-23T13:35:37+10:00,1790134537.448,84
2026-09-23T13:35:38+10:00,1790134538.528,84
2026-09-23T13:35:39+10:00,1790134539.488,84
2026-09-23T13:35:40+10:00,1790134540.688,84
2026-09-23T13:35:41+10:00,1790134541.528,84
2026-09-23T13:35:42+10:00,1790134542.488,84
2026-09-23T13:35:43+10:00,1790134543.448,84
2026-09-23T13:35:44+10:00,1790134544.527,84
2026-09-23T13:35:45+10:00,1790134545.728,83
2026-09-23T13:35:46+10:00,1790134546.448,82
2026-09-23T13:35:47+10:00,1790134547.528,82
2026-09-23T13:35:48+10:00,1790134548.488,81
2026-09-23T13:35:49+10:00,1790134549.448,81
2026-09-23T13:35:50+10:00,1790134550.528,82
2026-09-23T13:35:51+10:00,1790134551.488,82
2026-09-23T13:35:52+10:00,1790134552.448,82
2026-09-23T13:35:53+10:00,1790134553.528,82
2026-09-23T13:35:54+10:00,1790134554.728,82
2026-09-23T13:35:55+10:00,1790134555.448,82
2026-09-23T13:35:56+10:00,1790134556.528,81
2026-09-23T13:35:57+10:00,1790134557.488,81
2026-09-23T13:35:58+10:00,1790134558.448,81
2026-09-23T13:35:59+10:00,1790134559.768,81
2026-09-23T13:36:00+10:00,1790134560.488,81
2026-09-23T13:36:01+10:00,1790134561.448,81
2026-09-23T13:36:02+10:00,1790134562.528,81
2026-09-23T13:36:03+10:00,1790134563.488,81
2026-09-23T13:36:04+10:00,1790134564.448,80
2026-09-23T13:36:05+10:00,1790134565.528,79
2026-09-23T13:36:06+10:00,1790134566.488,78
2026-09-23T13:36:07+10:00,1790134567.448,78
2026-09-23T13:36:08+10:00,1790134568.528,78
2026-09-23T13:36:09+10:00,1790134569.488,78
2026-09-23T13:36:10+10:00,1790134570.448,78
2026-09-23T13:36:11+10:00,1790134571.528,78
2026-09-23T13:36:12+10:00,1790134572.488,78
2026-09-23T13:36:13+10:00,1790134573.688,78
2026-09-23T13:36:14+10:00,1790134574.528,78
2026-09-23T13:36:15+10:00,1790134575.488,78
2026-09-23T13:36:16+10:00,1790134576.448,78
2026-09-23T13:36:17+10:00,1790134577.528,78
2026-09-23T13:36:18+10:00,1790134578.488,78
2026-09-23T13:36:19+10:00,1790134579.448,78
2026-09-23T13:36:20+10:00,1790134580.528,78
2026-09-23T13:36:21+10:00,1790134581.488,78
2026-09-23T13:36:22+10:00,1790134582.448,78
2026-09-23T13:36:23+10:00,1790134583.528,78
2026-09-23T13:36:24+10:00,1790134584.488,79
2026-09-23T13:36:25+10:00,1790134585.448,79
2026-09-23T13:36:26+10:00,1790134586.528,79
2026-09-23T13:36:27+10:00,1790134587.728,80
2026-09-23T13:36:28+10:00,1790134588.448,80
2026-09-23T13:36:29+10:00,1790134589.528,80
2026-09-23T13:36:30+10:00,1790134590.488,81
2026-09-23T13:36:31+10:00,1790134591.448,81
2026-09-23T13:36:32+10:00,1790134592.768,81
2026-09-23T13:36:33+10:00,1790134593.488,81
2026-09-23T13:36:34+10:00,1790134594.448,84
2026-09-23T13:36:35+10:00,1790134595.528,86
2026-09-23T13:36:36+10:00,1790134596.488,86
2026-09-23T13:36:37+10:00,1790134597.448,86
2026-09-23T13:36:38+10:00,1790134598.528,86
2026-09-23T13:36:39+10:00,1790134599.488,86
2026-09-23T13:36:40+10:00,1790134600.448,86
2026-09-23T13:36:41+10:00,1790134601.528,86
2026-09-23T13:36:42+10:00,1790134602.488,86
2026-09-23T13:36:43+10:00,1790134603.448,86
2026-09-23T13:36:44+10:00,1790134604.528,88
2026-09-23T13:36:45+10:00,1790134605.488,88
2026-09-23T13:36:46+10:00,1790134606.688,88
2026-09-23T13:36:47+10:00,1790134607.528,88
2026-09-23T13:36:48+10:00,1790134608.488,82
2026-09-23T13:36:49+10:00,1790134609.448,82
2026-09-23T13:36:50+10:00,1790134610.528,82
2026-09-23T13:36:51+10:00,1790134611.488,82
2026-09-23T13:36:52+10:00,1790134612.448,82
2026-09-23T13:36:53+10:00,1790134613.528,81
2026-09-23T13:36:54+10:00,1790134614.488,79
2026-09-23T13:36:55+10:00,1790134615.568,79
2026-09-23T13:36:56+10:00,1790134616.528,79
2026-09-23T13:36:57+10:00,1790134617.488,78
2026-09-23T13:36:58+10:00,1790134618.568,78
2026-09-23T13:36:59+10:00,1790134619.528,78
2026-09-23T13:37:00+10:00,1790134620.728,78
2026-09-23T13:37:01+10:00,1790134621.568,78
2026-09-23T13:37:02+10:00,1790134622.528,78
2026-09-23T13:37:03+10:00,1790134623.488,79
2026-09-23T13:37:04+10:00,1790134624.568,79
2026-09-23T13:37:05+10:00,1790134625.528,79
2026-09-23T13:37:06+10:00,1790134626.488,79
2026-09-23T13:37:07+10:00,1790134627.568,79
2026-09-23T13:37:08+10:00,1790134628.528,79
2026-09-23T13:37:09+10:00,1790134629.488,81
2026-09-23T13:37:10+10:00,1790134630.568,82
2026-09-23T13:37:11+10:00,1790134631.528,82
2026-09-23T13:37:12+10:00,1790134632.488,82
2026-09-23T13:37:13+10:00,1790134633.568,82
2026-09-23T13:37:14+10:00,1790134634.768,82
2026-09-23T13:37:15+10:00,1790134635.488,82
2026-09-23T13:37:16+10:00,1790134636.568,82
2026-09-23T13:37:17+10:00,1790134637.528,81
2026-09-23T13:37:18+10:00,1790134638.488,81
2026-09-23T13:37:19+10:00,1790134639.808,81
2026-09-23T13:37:20+10:00,1790134640.528,81
2026-09-23T13:37:21+10:00,1790134641.488,81
2026-09-23T13:37:22+10:00,1790134642.568,79
2026-09-23T13:37:23+10:00,1790134643.528,79
2026-09-23T13:37:24+10:00,1790134644.488,79
2026-09-23T13:37:25+10:00,1790134645.568,79
2026-09-23T13:37:26+10:00,1790134646.528,79
2026-09-23T13:37:27+10:00,1790134647.488,78
2026-09-23T13:37:28+10:00,1790134648.568,78
2026-09-23T13:37:29+10:00,1790134649.528,78
2026-09-23T13:37:30+10:00,1790134650.489,78
2026-09-23T13:37:31+10:00,1790134651.568,78
2026-09-23T13:37:32+10:00,1790134652.528,80
2026-09-23T13:37:33+10:00,1790134653.728,82
2026-09-23T13:37:34+10:00,1790134654.568,83
2026-09-23T13:37:35+10:00,1790134655.528,84
2026-09-23T13:37:36+10:00,1790134656.488,84
2026-09-23T13:37:37+10:00,1790134657.568,84
2026-09-23T13:37:38+10:00,1790134658.529,84
2026-09-23T13:37:39+10:00,1790134659.489,84
2026-09-23T13:37:40+10:00,1790134660.568,84
2026-09-23T13:37:41+10:00,1790134661.529,84
2026-09-23T13:37:42+10:00,1790134662.488,84
2026-09-23T13:37:43+10:00,1790134663.568,84
2026-09-23T13:37:44+10:00,1790134664.528,84
2026-09-23T13:37:45+10:00,1790134665.488,84
2026-09-23T13:37:46+10:00,1790134666.568,84
2026-09-23T13:37:47+10:00,1790134667.768,86
2026-09-23T13:37:48+10:00,1790134668.488,86
2026-09-23T13:37:49+10:00,1790134669.568,86
2026-09-23T13:37:50+10:00,1790134670.528,86
2026-09-23T13:37:51+10:00,1790134671.488,86
2026-09-23T13:37:52+10:00,1790134672.808,86
2026-09-23T13:37:53+10:00,1790134673.528,86
2026-09-23T13:37:54+10:00,1790134674.609,86
2026-09-23T13:37:55+10:00,1790134675.568,86
2026-09-23T13:37:56+10:00,1790134676.528,86
2026-09-23T13:37:57+10:00,1790134677.609,86
2026-09-23T13:37:58+10:00,1790134678.569,85
2026-09-23T13:37:59+10:00,1790134679.528,85
2026-09-23T13:38:00+10:00,1790134680.609,85
2026-09-23T13:38:01+10:00,1790134681.809,85
2026-09-23T13:38:02+10:00,1790134682.529,85
2026-09-23T13:38:03+10:00,1790134683.609,85
2026-09-23T13:38:04+10:00,1790134684.569,85
2026-09-23T13:38:05+10:00,1790134685.529,85
2026-09-23T13:38:06+10:00,1790134686.848,85
2026-09-23T13:38:07+10:00,1790134687.569,85
2026-09-23T13:38:08+10:00,1790134688.528,85
2026-09-23T13:38:09+10:00,1790134689.609,85
2026-09-23T13:38:10+10:00,1790134690.568,85
2026-09-23T13:38:11+10:00,1790134691.529,82
2026-09-23T13:38:12+10:00,1790134692.609,80
2026-09-23T13:38:13+10:00,1790134693.569,80
2026-09-23T13:38:14+10:00,1790134694.528,80
2026-09-23T13:38:15+10:00,1790134695.608,80
2026-09-23T13:38:16+10:00,1790134696.568,80
2026-09-23T13:38:17+10:00,1790134697.529,80
2026-09-23T13:38:18+10:00,1790134698.609,80
2026-09-23T13:38:19+10:00,1790134699.569,80
2026-09-23T13:38:20+10:00,1790134700.769,80
2026-09-23T13:38:21+10:00,1790134701.609,80
2026-09-23T13:38:22+10:00,1790134702.569,80
2026-09-23T13:38:23+10:00,1790134703.529,80
2026-09-23T13:38:24+10:00,1790134704.609,80
2026-09-23T13:38:25+10:00,1790134705.569,80
2026-09-23T13:38:26+10:00,1790134706.529,80
2026-09-23T13:38:27+10:00,1790134707.609,80
2026-09-23T13:38:28+10:00,1790134708.569,80
2026-09-23T13:38:29+10:00,1790134709.529,80
2026-09-23T13:38:30+10:00,1790134710.609,79
2026-09-23T13:38:31+10:00,1790134711.569,79
2026-09-23T13:38:32+10:00,1790134712.529,79
2026-09-23T13:38:33+10:00,1790134713.609,78
2026-09-23T13:38:34+10:00,1790134714.569,78
2026-09-23T13:38:35+10:00,1790134715.529,78
2026-09-23T13:38:36+10:00,1790134716.609,79
2026-09-23T13:38:37+10:00,1790134717.569,79
2026-09-23T13:38:38+10:00,1790134718.529,79
2026-09-23T13:38:39+10:00,1790134719.849,80
2026-09-23T13:38:40+10:00,1790134720.569,80
2026-09-23T13:38:41+10:00,1790134721.529,80
2026-09-23T13:38:42+10:00,1790134722.609,80
2026-09-23T13:38:43+10:00,1790134723.569,80
2026-09-23T13:38:44+10:00,1790134724.529,80
2026-09-23T13:38:45+10:00,1790134725.609,80
2026-09-23T13:38:46+10:00,1790134726.569,80
2026-09-23T13:38:47+10:00,1790134727.529,80
2026-09-23T13:38:48+10:00,1790134728.609,80
2026-09-23T13:38:49+10:00,1790134729.569,80
2026-09-23T13:38:50+10:00,1790134730.649,80
2026-09-23T13:38:51+10:00,1790134731.609,80
2026-09-23T13:38:52+10:00,1790134732.569,81
2026-09-23T13:38:53+10:00,1790134733.528,80
2026-09-23T13:38:54+10:00,1790134734.609,80
2026-09-23T13:38:55+10:00,1790134735.569,77
2026-09-23T13:38:56+10:00,1790134736.649,77
2026-09-23T13:38:57+10:00,1790134737.609,77
2026-09-23T13:38:58+10:00,1790134738.569,76
2026-09-23T13:38:59+10:00,1790134739.649,76
2026-09-23T13:39:00+10:00,1790134740.609,76
2026-09-23T13:39:01+10:00,1790134741.569,76
2026-09-23T13:39:02+10:00,1790134742.649,76
2026-09-23T13:39:03+10:00,1790134743.609,77
2026-09-23T13:39:04+10:00,1790134744.569,77
2026-09-23T13:39:05+10:00,1790134745.649,77
2026-09-23T13:39:06+10:00,1790134746.609,77
2026-09-23T13:39:07+10:00,1790134747.809,77
2026-09-23T13:39:08+10:00,1790134748.649,77
2026-09-23T13:39:09+10:00,1790134749.609,77
2026-09-23T13:39:10+10:00,1790134750.569,77
2026-09-23T13:39:11+10:00,1790134751.649,77
2026-09-23T13:39:12+10:00,1790134752.609,77
2026-09-23T13:39:13+10:00,1790134753.569,77
2026-09-23T13:39:14+10:00,1790134754.649,77
2026-09-23T13:39:15+10:00,1790134755.609,78
2026-09-23T13:39:16+10:00,1790134756.569,78
2026-09-23T13:39:17+10:00,1790134757.649,78
2026-09-23T13:39:18+10:00,1790134758.609,78
2026-09-23T13:39:19+10:00,1790134759.569,78
2026-09-23T13:39:20+10:00,1790134760.649,78
2026-09-23T13:39:21+10:00,1790134761.849,78
2026-09-23T13:39:22+10:00,1790134762.569,78
2026-09-23T13:39:23+10:00,1790134763.649,78
2026-09-23T13:39:24+10:00,1790134764.609,78
2026-09-23T13:39:25+10:00,1790134765.569,78
2026-09-23T13:39:26+10:00,1790134766.889,78
2026-09-23T13:39:27+10:00,1790134767.609,78
2026-09-23T13:39:28+10:00,1790134768.569,78
2026-09-23T13:39:29+10:00,1790134769.649,78
2026-09-23T13:39:30+10:00,1790134770.609,78
2026-09-23T13:39:31+10:00,1790134771.569,78
2026-09-23T13:39:32+10:00,1790134772.649,78
2026-09-23T13:39:33+10:00,1790134773.609,78
2026-09-23T13:39:34+10:00,1790134774.569,78
2026-09-23T13:39:35+10:00,1790134775.649,78
2026-09-23T13:39:36+10:00,1790134776.609,78
2026-09-23T13:39:37+10:00,1790134777.569,78
2026-09-23T13:39:38+10:00,1790134778.649,78
2026-09-23T13:39:39+10:00,1790134779.609,78
2026-09-23T13:39:40+10:00,1790134780.809,77
2026-09-23T13:39:41+10:00,1790134781.649,76
2026-09-23T13:39:42+10:00,1790134782.609,76
2026-09-23T13:39:43+10:00,1790134783.569,76
2026-09-23T13:39:44+10:00,1790134784.649,76
2026-09-23T13:39:45+10:00,1790134785.609,76
2026-09-23T13:39:46+10:00,1790134786.569,76
2026-09-23T13:39:47+10:00,1790134787.649,76
2026-09-23T13:39:48+10:00,1790134788.609,76
2026-09-23T13:39:49+10:00,1790134789.569,76
2026-09-23T13:39:50+10:00,1790134790.649,76
2026-09-23T13:39:51+10:00,1790134791.609,76
2026-09-23T13:39:52+10:00,1790134792.569,77
2026-09-23T13:39:53+10:00,1790134793.649,76
2026-09-23T13:39:54+10:00,1790134794.849,76
2026-09-23T13:39:55+10:00,1790134795.569,76
2026-09-23T13:39:56+10:00,1790134796.649,76
2026-09-23T13:39:57+10:00,1790134797.609,76
2026-09-23T13:39:58+10:00,1790134798.569,77
2026-09-23T13:39:59+10:00,1790134799.889,77
2026-09-23T13:40:00+10:00,1790134800.609,77
2026-09-23T13:40:01+10:00,1790134801.569,77
2026-09-23T13:40:02+10:00,1790134802.649,77
2026-09-23T13:40:03+10:00,1790134803.609,80
2026-09-23T13:40:04+10:00,1790134804.570,81
2026-09-23T13:40:05+10:00,1790134805.649,82
2026-09-23T13:40:06+10:00,1790134806.610,82
2026-09-23T13:40:07+10:00,1790134807.569,81
2026-09-23T13:40:08+10:00,1790134808.649,81
2026-09-23T13:40:09+10:00,1790134809.609,79
2026-09-23T13:40:10+10:00,1790134810.569,78
2026-09-23T13:40:11+10:00,1790134811.650,78
2026-09-23T13:40:12+10:00,1790134812.610,78
2026-09-23T13:40:13+10:00,1790134813.570,79
2026-09-23T13:40:14+10:00,1790134814.650,79
2026-09-23T13:40:15+10:00,1790134815.609,81
2026-09-23T13:40:16+10:00,1790134816.569,84
2026-09-23T13:40:17+10:00,1790134817.649,85
2026-09-23T13:40:18+10:00,1790134818.609,86
2026-09-23T13:40:19+10:00,1790134819.569,87
2026-09-23T13:40:20+10:00,1790134820.649,87
2026-09-23T13:40:21+10:00,1790134821.609,87
2026-09-23T13:40:22+10:00,1790134822.569,87
2026-09-23T13:40:23+10:00,1790134823.649,87
2026-09-23T13:40:24+10:00,1790134824.609,87
2026-09-23T13:40:25+10:00,1790134825.569,87
2026-09-23T13:40:26+10:00,1790134826.649,87
2026-09-23T13:40:27+10:00,1790134827.849,88
2026-09-23T13:40:28+10:00,1790134828.569,89
2026-09-23T13:40:29+10:00,1790134829.649,89
2026-09-23T13:40:30+10:00,1790134830.609,89
2026-09-23T13:40:31+10:00,1790134831.569,89
2026-09-23T13:40:32+10:00,1790134832.649,89
2026-09-23T13:40:33+10:00,1790134833.609,89
2026-09-23T13:40:34+10:00,1790134834.569,89
2026-09-23T13:40:35+10:00,1790134835.650,89
2026-09-23T13:40:36+10:00,1790134836.610,85
2026-09-23T13:40:37+10:00,1790134837.689,85
2026-09-23T13:40:38+10:00,1790134838.649,85
2026-09-23T13:40:39+10:00,1790134839.609,85
2026-09-23T13:40:40+10:00,1790134840.689,85
2026-09-23T13:40:41+10:00,1790134841.889,85
2026-09-23T13:40:42+10:00,1790134842.609,86
2026-09-23T13:40:43+10:00,1790134843.689,86
2026-09-23T13:40:44+10:00,1790134844.649,86
2026-09-23T13:40:45+10:00,1790134845.610,88
2026-09-23T13:40:46+10:00,1790134846.930,90
2026-09-23T13:40:47+10:00,1790134847.649,90
2026-09-23T13:40:48+10:00,1790134848.609,90
2026-09-23T13:40:49+10:00,1790134849.689,90
2026-09-23T13:40:50+10:00,1790134850.650,90
2026-09-23T13:40:51+10:00,1790134851.609,88
2026-09-23T13:40:52+10:00,1790134852.689,86
2026-09-23T13:40:53+10:00,1790134853.649,85
2026-09-23T13:40:54+10:00,1790134854.609,85
2026-09-23T13:40:55+10:00,1790134855.689,85
2026-09-23T13:40:56+10:00,1790134856.649,85
2026-09-23T13:40:57+10:00,1790134857.610,85
2026-09-23T13:40:58+10:00,1790134858.689,87
2026-09-23T13:40:59+10:00,1790134859.649,87
2026-09-23T13:41:00+10:00,1790134860.849,88
2026-09-23T13:41:01+10:00,1790134861.689,88
2026-09-23T13:41:02+10:00,1790134862.649,88
2026-09-23T13:41:03+10:00,1790134863.609,88
2026-09-23T13:41:04+10:00,1790134864.689,90
2026-09-23T13:41:05+10:00,1790134865.649,92
2026-09-23T13:41:06+10:00,1790134866.610,92
2026-09-23T13:41:07+10:00,1790134867.689,92
2026-09-23T13:41:08+10:00,1790134868.650,92
2026-09-23T13:41:09+10:00,1790134869.609,92
2026-09-23T13:41:10+10:00,1790134870.690,91
2026-09-23T13:41:11+10:00,1790134871.649,91
2026-09-23T13:41:12+10:00,1790134872.609,91
2026-09-23T13:41:13+10:00,1790134873.690,91
2026-09-23T13:41:14+10:00,1790134874.890,91
2026-09-23T13:41:15+10:00,1790134875.610,91
2026-09-23T13:41:16+10:00,1790134876.689,91
2026-09-23T13:41:17+10:00,1790134877.649,91
2026-09-23T13:41:18+10:00,1790134878.610,91
2026-09-23T13:41:19+10:00,1790134879.690,91
2026-09-23T13:41:20+10:00,1790134880.650,91
2026-09-23T13:41:21+10:00,1790134881.609,89
2026-09-23T13:41:22+10:00,1790134882.689,86
2026-09-23T13:41:23+10:00,1790134883.650,84
2026-09-23T13:41:24+10:00,1790134884.610,84
2026-09-23T13:41:25+10:00,1790134885.690,84
2026-09-23T13:41:26+10:00,1790134886.649,84
2026-09-23T13:41:27+10:00,1790134887.610,85
2026-09-23T13:41:28+10:00,1790134888.690,87
2026-09-23T13:41:29+10:00,1790134889.650,88
2026-09-23T13:41:30+10:00,1790134890.610,89
2026-09-23T13:41:31+10:00,1790134891.690,89
2026-09-23T13:41:32+10:00,1790134892.650,89
2026-09-23T13:41:33+10:00,1790134893.609,89
2026-09-23T13:41:34+10:00,1790134894.690,89
2026-09-23T13:41:35+10:00,1790134895.650,87
2026-09-23T13:41:36+10:00,1790134896.610,85
2026-09-23T13:41:37+10:00,1790134897.689,85
2026-09-23T13:41:38+10:00,1790134898.650,85
2026-09-23T13:41:39+10:00,1790134899.609,85
2026-09-23T13:41:40+10:00,1790134900.689,85
2026-09-23T13:41:41+10:00,1790134901.649,85
2026-09-23T13:41:42+10:00,1790134902.610,85
2026-09-23T13:41:43+10:00,1790134903.690,85
2026-09-23T13:41:44+10:00,1790134904.649,85
2026-09-23T13:41:45+10:00,1790134905.610,85
2026-09-23T13:41:46+10:00,1790134906.690,86
2026-09-23T13:41:47+10:00,1790134907.889,85
2026-09-23T13:41:48+10:00,1790134908.610,85
2026-09-23T13:41:49+10:00,1790134909.689,79
2026-09-23T13:41:50+10:00,1790134910.650,79
2026-09-23T13:41:51+10:00,1790134911.610,78
2026-09-23T13:41:52+10:00,1790134912.690,78
2026-09-23T13:41:53+10:00,1790134913.650,78
2026-09-23T13:41:54+10:00,1790134914.610,79
2026-09-23T13:41:55+10:00,1790134915.689,80
2026-09-23T13:41:56+10:00,1790134916.650,80
2026-09-23T13:41:57+10:00,1790134917.610,82
2026-09-23T13:41:58+10:00,1790134918.690,83
2026-09-23T13:41:59+10:00,1790134919.650,83
2026-09-23T13:42:00+10:00,1790134920.609,83
2026-09-23T13:42:01+10:00,1790134921.690,83
2026-09-23T13:42:02+10:00,1790134922.650,83
2026-09-23T13:42:03+10:00,1790134923.610,83
2026-09-23T13:42:04+10:00,1790134924.690,83
2026-09-23T13:42:05+10:00,1790134925.650,83
2026-09-23T13:42:06+10:00,1790134926.610,83
2026-09-23T13:42:07+10:00,1790134927.689,83
2026-09-23T13:42:08+10:00,1790134928.650,83
2026-09-23T13:42:09+10:00,1790134929.610,83
2026-09-23T13:42:10+10:00,1790134930.690,83
2026-09-23T13:42:11+10:00,1790134931.650,80
2026-09-23T13:42:12+10:00,1790134932.610,77
2026-09-23T13:42:13+10:00,1790134933.690,76
2026-09-23T13:42:14+10:00,1790134934.650,76
2026-09-23T13:42:15+10:00,1790134935.610,76
2026-09-23T13:42:16+10:00,1790134936.690,76
2026-09-23T13:42:17+10:00,1790134937.649,76
2026-09-23T13:42:18+10:00,1790134938.610,76
2026-09-23T13:42:19+10:00,1790134939.690,76
2026-09-23T13:42:20+10:00,1790134940.650,76
2026-09-23T13:42:21+10:00,1790134941.610,76
2026-09-23T13:42:22+10:00,1790134942.690,76
2026-09-23T13:42:23+10:00,1790134943.650,76
2026-09-23T13:42:24+10:00,1790134944.730,78
2026-09-23T13:42:25+10:00,1790134945.690,80
2026-09-23T13:42:26+10:00,1790134946.649,80
2026-09-23T13:42:27+10:00,1790134947.730,80
2026-09-23T13:42:28+10:00,1790134948.690,80
2026-09-23T13:42:29+10:00,1790134949.650,81
2026-09-23T13:42:30+10:00,1790134950.730,82
2026-09-23T13:42:31+10:00,1790134951.690,83
2026-09-23T13:42:32+10:00,1790134952.650,83
2026-09-23T13:42:33+10:00,1790134953.730,83
2026-09-23T13:42:34+10:00,1790134954.930,83
2026-09-23T13:42:35+10:00,1790134955.650,83
2026-09-23T13:42:36+10:00,1790134956.730,83
2026-09-23T13:42:37+10:00,1790134957.690,83
2026-09-23T13:42:38+10:00,1790134958.649,83
2026-09-23T13:42:39+10:00,1790134959.730,83
2026-09-23T13:42:40+10:00,1790134960.689,83
2026-09-23T13:42:41+10:00,1790134961.650,83
2026-09-23T13:42:42+10:00,1790134962.730,83
2026-09-23T13:42:43+10:00,1790134963.690,82
2026-09-23T13:42:44+10:00,1790134964.650,82
2026-09-23T13:42:45+10:00,1790134965.730,82
2026-09-23T13:42:46+10:00,1790134966.690,81
2026-09-23T13:42:47+10:00,1790134967.650,81
2026-09-23T13:42:48+10:00,1790134968.730,80
2026-09-23T13:42:49+10:00,1790134969.690,80
2026-09-23T13:42:50+10:00,1790134970.650,80
2026-09-23T13:42:51+10:00,1790134971.730,80
2026-09-23T13:42:52+10:00,1790134972.690,79
2026-09-23T13:42:53+10:00,1790134973.649,79
2026-09-23T13:42:54+10:00,1790134974.730,79
2026-09-23T13:42:55+10:00,1790134975.690,79
2026-09-23T13:42:56+10:00,1790134976.650,79
2026-09-23T13:42:57+10:00,1790134977.730,79
2026-09-23T13:42:58+10:00,1790134978.691,79
2026-09-23T13:42:59+10:00,1790134979.651,79
2026-09-23T13:43:00+10:00,1790134980.731,79
2026-09-23T13:43:01+10:00,1790134981.690,79
2026-09-23T13:43:02+10:00,1790134982.650,79
2026-09-23T13:43:03+10:00,1790134983.730,79
2026-09-23T13:43:04+10:00,1790134984.690,79
2026-09-23T13:43:05+10:00,1790134985.650,79
2026-09-23T13:43:06+10:00,1790134986.730,79
2026-09-23T13:43:07+10:00,1790134987.930,80
2026-09-23T13:43:08+10:00,1790134988.650,80
2026-09-23T13:43:09+10:00,1790134989.730,80
2026-09-23T13:43:10+10:00,1790134990.690,80
2026-09-23T13:43:11+10:00,1790134991.650,80
2026-09-23T13:43:12+10:00,1790134992.730,80
2026-09-23T13:43:13+10:00,1790134993.690,80
2026-09-23T13:43:14+10:00,1790134994.650,80
2026-09-23T13:43:15+10:00,1790134995.730,80
2026-09-23T13:43:16+10:00,1790134996.690,80
2026-09-23T13:43:17+10:00,1790134997.650,80
2026-09-23T13:43:18+10:00,1790134998.730,81
2026-09-23T13:43:19+10:00,1790134999.690,81
2026-09-23T13:43:20+10:00,1790135000.650,81
2026-09-23T13:43:21+10:00,1790135001.730,82
2026-09-23T13:43:22+10:00,1790135002.690,82
2026-09-23T13:43:23+10:00,1790135003.770,82
2026-09-23T13:43:24+10:00,1790135004.730,84
2026-09-23T13:43:25+10:00,1790135005.690,84
2026-09-23T13:43:26+10:00,1790135006.770,84
2026-09-23T13:43:27+10:00,1790135007.730,84
2026-09-23T13:43:28+10:00,1790135008.690,84
2026-09-23T13:43:29+10:00,1790135009.770,84
2026-09-23T13:43:30+10:00,1790135010.730,84
2026-09-23T13:43:31+10:00,1790135011.690,84
2026-09-23T13:43:32+10:00,1790135012.770,84
2026-09-23T13:43:33+10:00,1790135013.730,84
2026-09-23T13:43:34+10:00,1790135014.690,85
2026-09-23T13:43:35+10:00,1790135015.770,86
2026-09-23T13:43:36+10:00,1790135016.730,87
2026-09-23T13:43:37+10:00,1790135017.690,87
2026-09-23T13:43:38+10:00,1790135018.770,87
2026-09-23T13:43:39+10:00,1790135019.731,87
2026-09-23T13:43:40+10:00,1790135020.690,86
2026-09-23T13:43:41+10:00,1790135021.770,86
2026-09-23T13:43:42+10:00,1790135022.730,86
2026-09-23T13:43:43+10:00,1790135023.690,86
2026-09-23T13:43:44+10:00,1790135024.770,86
2026-09-23T13:43:45+10:00,1790135025.731,86
2026-09-23T13:43:46+10:00,1790135026.690,86
2026-09-23T13:43:47+10:00,1790135027.770,86
2026-09-23T13:43:48+10:00,1790135028.730,85
2026-09-23T13:43:49+10:00,1790135029.690,83
2026-09-23T13:43:50+10:00,1790135030.770,83
2026-09-23T13:43:51+10:00,1790135031.731,83
2026-09-23T13:43:52+10:00,1790135032.690,83
2026-09-23T13:43:53+10:00,1790135033.770,83
2026-09-23T13:43:54+10:00,1790135034.970,83
2026-09-23T13:43:55+10:00,1790135035.690,83
2026-09-23T13:43:56+10:00,1790135036.770,83
2026-09-23T13:43:57+10:00,1790135037.730,83
2026-09-23T13:43:58+10:00,1790135038.690,83
2026-09-23T13:43:59+10:00,1790135039.770,83
2026-09-23T13:44:00+10:00,1790135040.731,83
2026-09-23T13:44:01+10:00,1790135041.690,83
2026-09-23T13:44:02+10:00,1790135042.770,83
2026-09-23T13:44:03+10:00,1790135043.730,83
2026-09-23T13:44:04+10:00,1790135044.690,83
2026-09-23T13:44:05+10:00,1790135045.770,84
2026-09-23T13:44:06+10:00,1790135046.730,84
2026-09-23T13:44:07+10:00,1790135047.690,85
2026-09-23T13:44:09+10:00,1790135049.010,85
2026-09-23T13:44:09+10:00,1790135049.730,85
2026-09-23T13:44:10+10:00,1790135050.690,86
2026-09-23T13:44:11+10:00,1790135051.770,86
2026-09-23T13:44:12+10:00,1790135052.730,86
2026-09-23T13:44:13+10:00,1790135053.690,86
2026-09-23T13:44:14+10:00,1790135054.770,86
2026-09-23T13:44:15+10:00,1790135055.731,86
2026-09-23T13:44:16+10:00,1790135056.690,83
2026-09-23T13:44:17+10:00,1790135057.770,83
2026-09-23T13:44:18+10:00,1790135058.730,83
2026-09-23T13:44:19+10:00,1790135059.690,83
2026-09-23T13:44:20+10:00,1790135060.770,83
2026-09-23T13:44:21+10:00,1790135061.730,83
2026-09-23T13:44:22+10:00,1790135062.690,83
2026-09-23T13:44:23+10:00,1790135063.770,83
2026-09-23T13:44:24+10:00,1790135064.730,83
2026-09-23T13:44:25+10:00,1790135065.690,81
2026-09-23T13:44:26+10:00,1790135066.770,81
2026-09-23T13:44:27+10:00,1790135067.730,80
2026-09-23T13:44:28+10:00,1790135068.690,80
2026-09-23T13:44:29+10:00,1790135069.771,81
2026-09-23T13:44:30+10:00,1790135070.730,81
2026-09-23T13:44:31+10:00,1790135071.690,81
2026-09-23T13:44:32+10:00,1790135072.770,81
2026-09-23T13:44:33+10:00,1790135073.730,81
2026-09-23T13:44:34+10:00,1790135074.690,82
2026-09-23T13:44:35+10:00,1790135075.770,82
2026-09-23T13:44:36+10:00,1790135076.730,82
2026-09-23T13:44:37+10:00,1790135077.690,82
2026-09-23T13:44:38+10:00,1790135078.771,82
2026-09-23T13:44:39+10:00,1790135079.731,82
2026-09-23T13:44:40+10:00,1790135080.690,88
2026-09-23T13:44:41+10:00,1790135081.770,90
2026-09-23T13:44:42+10:00,1790135082.730,91
2026-09-23T13:44:43+10:00,1790135083.690,91
2026-09-23T13:44:44+10:00,1790135084.770,91
2026-09-23T13:44:45+10:00,1790135085.730,91
2026-09-23T13:44:46+10:00,1790135086.690,91
2026-09-23T13:44:47+10:00,1790135087.771,90
2026-09-23T13:44:48+10:00,1790135088.731,88
2026-09-23T13:44:49+10:00,1790135089.810,86
2026-09-23T13:44:50+10:00,1790135090.770,86
2026-09-23T13:44:51+10:00,1790135091.730,85
2026-09-23T13:44:52+10:00,1790135092.810,85
2026-09-23T13:44:53+10:00,1790135093.770,85
2026-09-23T13:44:54+10:00,1790135094.730,85
2026-09-23T13:44:55+10:00,1790135095.810,85
2026-09-23T13:44:56+10:00,1790135096.770,85
2026-09-23T13:44:57+10:00,1790135097.731,86
2026-09-23T13:44:58+10:00,1790135098.811,86
2026-09-23T13:44:59+10:00,1790135099.771,86
2026-09-23T13:45:00+10:00,1790135100.731,85
2026-09-23T13:45:01+10:00,1790135101.810,85
2026-09-23T13:45:02+10:00,1790135102.771,85
2026-09-23T13:45:03+10:00,1790135103.730,85
2026-09-23T13:45:04+10:00,1790135104.811,85
2026-09-23T13:45:05+10:00,1790135105.770,85
2026-09-23T13:45:06+10:00,1790135106.730,85
2026-09-23T13:45:07+10:00,1790135107.811,85
2026-09-23T13:45:08+10:00,1790135108.770,85
2026-09-23T13:45:09+10:00,1790135109.731,83
2026-09-23T13:45:10+10:00,1790135110.811,82
2026-09-23T13:45:11+10:00,1790135111.770,82
2026-09-23T13:45:12+10:00,1790135112.730,82
2026-09-23T13:45:13+10:00,1790135113.810,84
2026-09-23T13:45:14+10:00,1790135114.770,84
2026-09-23T13:45:15+10:00,1790135115.730,85
2026-09-23T13:45:16+10:00,1790135116.810,85
2026-09-23T13:45:17+10:00,1790135117.770,86
2026-09-23T13:45:18+10:00,1790135118.730,86
2026-09-23T13:45:19+10:00,1790135119.810,87
2026-09-23T13:45:20+10:00,1790135120.771,87
2026-09-23T13:45:21+10:00,1790135121.731,88
2026-09-23T13:45:22+10:00,1790135122.811,89
2026-09-23T13:45:23+10:00,1790135123.771,89
2026-09-23T13:45:24+10:00,1790135124.730,89
2026-09-23T13:45:25+10:00,1790135125.810,89
2026-09-23T13:45:26+10:00,1790135126.770,89
2026-09-23T13:45:27+10:00,1790135127.731,88
2026-09-23T13:45:28+10:00,1790135128.811,87
2026-09-23T13:45:29+10:00,1790135129.771,87
2026-09-23T13:45:30+10:00,1790135130.732,88
2026-09-23T13:45:31+10:00,1790135131.811,88
2026-09-23T13:45:32+10:00,1790135132.770,88
2026-09-23T13:45:33+10:00,1790135133.731,88
2026-09-23T13:45:34+10:00,1790135134.810,88
2026-09-23T13:45:35+10:00,1790135135.771,88
2026-09-23T13:45:36+10:00,1790135136.731,87
2026-09-23T13:45:37+10:00,1790135137.811,87
2026-09-23T13:45:38+10:00,1790135138.771,87
2026-09-23T13:45:39+10:00,1790135139.730,84
2026-09-23T13:45:40+10:00,1790135140.810,81
2026-09-23T13:45:41+10:00,1790135141.771,80
2026-09-23T13:45:42+10:00,1790135142.731,80
2026-09-23T13:45:43+10:00,1790135143.811,80
2026-09-23T13:45:44+10:00,1790135144.771,80
2026-09-23T13:45:45+10:00,1790135145.730,80
2026-09-23T13:45:46+10:00,1790135146.811,80
2026-09-23T13:45:47+10:00,1790135147.771,80
2026-09-23T13:45:48+10:00,1790135148.731,80
2026-09-23T13:45:49+10:00,1790135149.811,80
2026-09-23T13:45:50+10:00,1790135150.771,80
2026-09-23T13:45:51+10:00,1790135151.731,81
2026-09-23T13:45:52+10:00,1790135152.811,82
2026-09-23T13:45:53+10:00,1790135153.771,82
2026-09-23T13:45:54+10:00,1790135154.731,82
2026-09-23T13:45:55+10:00,1790135155.811,83
2026-09-23T13:45:56+10:00,1790135156.771,83
2026-09-23T13:45:57+10:00,1790135157.730,83
2026-09-23T13:45:58+10:00,1790135158.810,83
2026-09-23T13:45:59+10:00,1790135159.771,83
2026-09-23T13:46:00+10:00,1790135160.851,83
2026-09-23T13:46:02+10:00,1790135162.051,83
2026-09-23T13:46:02+10:00,1790135162.771,83
2026-09-23T13:46:03+10:00,1790135163.851,83
2026-09-23T13:46:04+10:00,1790135164.811,83
2026-09-23T13:46:05+10:00,1790135165.771,83
2026-09-23T13:46:06+10:00,1790135166.851,83
2026-09-23T13:46:07+10:00,1790135167.811,83
2026-09-23T13:46:08+10:00,1790135168.771,83
2026-09-23T13:46:09+10:00,1790135169.851,83
2026-09-23T13:46:10+10:00,1790135170.811,83
2026-09-23T13:46:11+10:00,1790135171.771,83
2026-09-23T13:46:12+10:00,1790135172.851,83
2026-09-23T13:46:13+10:00,1790135173.811,83
2026-09-23T13:46:14+10:00,1790135174.771,83
2026-09-23T13:46:15+10:00,1790135175.851,83
2026-09-23T13:46:16+10:00,1790135176.811,83
2026-09-23T13:46:17+10:00,1790135177.771,83
2026-09-23T13:46:18+10:00,1790135178.851,83
2026-09-23T13:46:19+10:00,1790135179.811,83
2026-09-23T13:46:20+10:00,1790135180.771,83
2026-09-23T13:46:21+10:00,1790135181.851,83
2026-09-23T13:46:22+10:00,1790135182.811,84
2026-09-23T13:46:23+10:00,1790135183.771,86
2026-09-23T13:46:24+10:00,1790135184.851,86
2026-09-23T13:46:25+10:00,1790135185.811,86
2026-09-23T13:46:26+10:00,1790135186.771,86
2026-09-23T13:46:27+10:00,1790135187.851,86
2026-09-23T13:46:28+10:00,1790135188.811,87
2026-09-23T13:46:29+10:00,1790135189.771,89
2026-09-23T13:46:30+10:00,1790135190.851,91
2026-09-23T13:46:31+10:00,1790135191.811,92
2026-09-23T13:46:32+10:00,1790135192.771,92
2026-09-23T13:46:33+10:00,1790135193.851,92
2026-09-23T13:46:34+10:00,1790135194.811,0
2026-09-23T13:52:46+10:00,1790135566.939,0
2026-09-23T13:52:47+10:00,1790135567.955,0
2026-09-23T13:52:48+10:00,1790135568.979,0
2026-09-23T13:52:49+10:00,1790135569.935,0
2026-09-23T13:52:51+10:00,1790135571.013,0
2026-09-23T13:52:52+10:00,1790135572.213,0
2026-09-23T13:52:52+10:00,1790135572.933,0
2026-09-23T13:52:54+10:00,1790135574.013,0
2026-09-23T13:52:54+10:00,1790135574.973,0
2026-09-23T13:52:55+10:00,1790135575.933,0
2026-09-23T13:52:57+10:00,1790135577.013,0
2026-09-23T13:52:57+10:00,1790135577.973,0
2026-09-23T13:52:58+10:00,1790135578.933,0
2026-09-23T13:53:00+10:00,1790135580.013,0
2026-09-23T13:53:00+10:00,1790135580.973,0
2026-09-23T13:53:01+10:00,1790135581.933,0
2026-09-23T13:53:03+10:00,1790135583.013,0
2026-09-23T13:53:03+10:00,1790135583.973,0
2026-09-23T13:53:04+10:00,1790135584.933,81
2026-09-23T13:53:06+10:00,1790135586.253,81
2026-09-23T13:53:06+10:00,1790135586.973,81
2026-09-23T13:53:07+10:00,1790135587.933,81
2026-09-23T13:53:09+10:00,1790135589.014,81
2026-09-23T13:53:09+10:00,1790135589.973,80
2026-09-23T13:53:10+10:00,1790135590.934,77
2026-09-23T13:53:12+10:00,1790135592.014,77
2026-09-23T13:53:12+10:00,1790135592.975,75
2026-09-23T13:53:13+10:00,1790135593.935,76
2026-09-23T13:53:15+10:00,1790135595.015,76
2026-09-23T13:53:15+10:00,1790135595.974,76
2026-09-23T13:53:17+10:00,1790135597.054,78
2026-09-23T13:53:18+10:00,1790135598.013,78
2026-09-23T13:53:18+10:00,1790135598.974,78
2026-09-23T13:53:20+10:00,1790135600.294,78
2026-09-23T13:53:21+10:00,1790135601.014,78
2026-09-23T13:53:21+10:00,1790135601.974,78
2026-09-23T13:53:23+10:00,1790135603.054,78
2026-09-23T13:53:24+10:00,1790135604.014,78
2026-09-23T13:53:25+10:00,1790135605.213,78
2026-09-23T13:53:26+10:00,1790135606.053,78
2026-09-23T13:53:27+10:00,1790135607.014,80
2026-09-23T13:53:27+10:00,1790135607.974,80
2026-09-23T13:53:29+10:00,1790135609.054,80
2026-09-23T13:53:30+10:00,1790135610.014,80
2026-09-23T13:53:30+10:00,1790135610.974,77
2026-09-23T13:53:32+10:00,1790135612.054,76
2026-09-23T13:53:33+10:00,1790135613.014,76
2026-09-23T13:53:34+10:00,1790135614.214,76
2026-09-23T13:53:35+10:00,1790135615.054,75
2026-09-23T13:53:36+10:00,1790135616.014,75
2026-09-23T13:53:36+10:00,1790135616.974,75
2026-09-23T13:53:38+10:00,1790135618.054,75
2026-09-23T13:53:39+10:00,1790135619.254,83
2026-09-23T13:53:39+10:00,1790135619.973,84
2026-09-23T13:53:41+10:00,1790135621.054,87
2026-09-23T13:53:42+10:00,1790135622.014,87
2026-09-23T13:53:42+10:00,1790135622.974,90
2026-09-23T13:53:44+10:00,1790135624.054,90
2026-09-23T13:53:45+10:00,1790135625.014,90
2026-09-23T13:53:45+10:00,1790135625.973,89
2026-09-23T13:53:47+10:00,1790135627.054,87
2026-09-23T13:53:48+10:00,1790135628.014,87
2026-09-23T13:53:48+10:00,1790135628.973,88
2026-09-23T13:53:50+10:00,1790135630.054,87
2026-09-23T13:53:51+10:00,1790135631.014,87
2026-09-23T13:53:51+10:00,1790135631.974,86
2026-09-23T13:53:53+10:00,1790135633.294,87
2026-09-23T13:53:54+10:00,1790135634.014,87
2026-09-23T13:53:54+10:00,1790135634.974,87
2026-09-23T13:53:56+10:00,1790135636.054,87
2026-09-23T13:53:57+10:00,1790135637.014,89
2026-09-23T13:53:57+10:00,1790135637.974,89
2026-09-23T13:53:59+10:00,1790135639.054,89
2026-09-23T13:54:00+10:00,1790135640.014,89
2026-09-23T13:54:00+10:00,1790135640.974,89
2026-09-23T13:54:02+10:00,1790135642.054,89
2026-09-23T13:54:03+10:00,1790135643.013,88
2026-09-23T13:54:04+10:00,1790135644.093,89
2026-09-23T13:54:05+10:00,1790135645.053,88
2026-09-23T13:54:06+10:00,1790135646.013,88
2026-09-23T13:54:07+10:00,1790135647.333,88
2026-09-23T13:54:08+10:00,1790135648.053,89
2026-09-23T13:54:09+10:00,1790135649.013,88
2026-09-23T13:54:10+10:00,1790135650.093,81
2026-09-23T13:54:11+10:00,1790135651.053,78
2026-09-23T13:54:12+10:00,1790135652.253,78
2026-09-23T13:54:13+10:00,1790135653.093,78
2026-09-23T13:54:14+10:00,1790135654.053,78
2026-09-23T13:54:15+10:00,1790135655.013,78
2026-09-23T13:54:16+10:00,1790135656.094,78
2026-09-23T13:54:17+10:00,1790135657.053,79
2026-09-23T13:54:18+10:00,1790135658.013,79
2026-09-23T13:54:19+10:00,1790135659.093,79
2026-09-23T13:54:20+10:00,1790135660.054,79
2026-09-23T13:54:21+10:00,1790135661.013,77
2026-09-23T13:54:22+10:00,1790135662.094,77
2026-09-23T13:54:23+10:00,1790135663.056,78
2026-09-23T13:54:24+10:00,1790135664.014,78
2026-09-23T13:54:25+10:00,1790135665.094,78
2026-09-23T13:54:26+10:00,1790135666.294,78
2026-09-23T13:54:27+10:00,1790135667.014,78
2026-09-23T13:54:28+10:00,1790135668.094,78
2026-09-23T13:54:29+10:00,1790135669.054,81
2026-09-23T13:54:30+10:00,1790135670.014,81
2026-09-23T13:54:31+10:00,1790135671.093,81
2026-09-23T13:54:32+10:00,1790135672.053,81
2026-09-23T13:54:33+10:00,1790135673.013,81
2026-09-23T13:54:34+10:00,1790135674.213,81
2026-09-23T13:54:35+10:00,1790135675.053,81
2026-09-23T13:54:36+10:00,1790135676.013,81
2026-09-23T13:54:37+10:00,1790135677.093,80
2026-09-23T13:54:38+10:00,1790135678.053,79
2026-09-23T13:54:39+10:00,1790135679.014,77
2026-09-23T13:54:40+10:00,1790135680.333,76
2026-09-23T13:54:41+10:00,1790135681.054,75
2026-09-23T13:54:42+10:00,1790135682.013,75
2026-09-23T13:54:43+10:00,1790135683.093,74
2026-09-23T13:54:44+10:00,1790135684.054,74
2026-09-23T13:54:45+10:00,1790135685.254,74
2026-09-23T13:54:46+10:00,1790135686.095,74
2026-09-23T13:54:47+10:00,1790135687.054,74
2026-09-23T13:54:48+10:00,1790135688.014,74
2026-09-23T13:54:49+10:00,1790135689.095,74
2026-09-23T13:54:50+10:00,1790135690.055,74
2026-09-23T13:54:51+10:00,1790135691.015,74
2026-09-23T13:54:52+10:00,1790135692.094,74
2026-09-23T13:54:53+10:00,1790135693.054,74
2026-09-23T13:54:54+10:00,1790135694.254,74
2026-09-23T13:54:55+10:00,1790135695.094,74
2026-09-23T13:54:56+10:00,1790135696.054,74
2026-09-23T13:54:57+10:00,1790135697.014,80
2026-09-23T13:54:58+10:00,1790135698.094,82
2026-09-23T13:54:59+10:00,1790135699.294,82
2026-09-23T13:55:00+10:00,1790135700.017,82
2026-09-23T13:55:01+10:00,1790135701.094,81
2026-09-23T13:55:02+10:00,1790135702.055,80
2026-09-23T13:55:03+10:00,1790135703.014,79
2026-09-23T13:55:04+10:00,1790135704.094,79
2026-09-23T13:55:05+10:00,1790135705.054,79
2026-09-23T13:55:06+10:00,1790135706.014,79
2026-09-23T13:55:07+10:00,1790135707.094,79
2026-09-23T13:55:08+10:00,1790135708.054,79
2026-09-23T13:55:09+10:00,1790135709.014,80
2026-09-23T13:55:10+10:00,1790135710.094,81
2026-09-23T13:55:11+10:00,1790135711.055,82
2026-09-23T13:55:12+10:00,1790135712.014,82
2026-09-23T13:55:13+10:00,1790135713.334,83
2026-09-23T13:55:14+10:00,1790135714.054,83
2026-09-23T13:55:15+10:00,1790135715.014,83
2026-09-23T13:55:16+10:00,1790135716.094,83
2026-09-23T13:55:17+10:00,1790135717.053,83
2026-09-23T13:55:18+10:00,1790135718.013,83
2026-09-23T13:55:19+10:00,1790135719.093,83
2026-09-23T13:55:20+10:00,1790135720.053,84
2026-09-23T13:55:21+10:00,1790135721.014,84
2026-09-23T13:55:22+10:00,1790135722.093,85
2026-09-23T13:55:23+10:00,1790135723.054,87
2026-09-23T13:55:24+10:00,1790135724.015,87
2026-09-23T13:55:25+10:00,1790135725.094,89
2026-09-23T13:55:26+10:00,1790135726.054,90
2026-09-23T13:55:27+10:00,1790135727.254,90
2026-09-23T13:55:28+10:00,1790135728.094,90
2026-09-23T13:55:29+10:00,1790135729.053,90
2026-09-23T13:55:30+10:00,1790135730.013,90
2026-09-23T13:55:31+10:00,1790135731.094,90
2026-09-23T13:55:32+10:00,1790135732.293,89
2026-09-23T13:55:33+10:00,1790135733.014,88
2026-09-23T13:55:34+10:00,1790135734.094,88
2026-09-23T13:55:35+10:00,1790135735.053,87
2026-09-23T13:55:36+10:00,1790135736.014,87
2026-09-23T13:55:37+10:00,1790135737.094,86
2026-09-23T13:55:38+10:00,1790135738.053,86
2026-09-23T13:55:39+10:00,1790135739.014,86
2026-09-23T13:55:40+10:00,1790135740.094,86
2026-09-23T13:55:41+10:00,1790135741.294,86
2026-09-23T13:55:42+10:00,1790135742.014,86
2026-09-23T13:55:43+10:00,1790135743.094,86
2026-09-23T13:55:44+10:00,1790135744.054,87
2026-09-23T13:55:45+10:00,1790135745.014,88
2026-09-23T13:55:46+10:00,1790135746.333,88
2026-09-23T13:55:47+10:00,1790135747.054,88
2026-09-23T13:55:48+10:00,1790135748.014,88
2026-09-23T13:55:49+10:00,1790135749.094,88
2026-09-23T13:55:50+10:00,1790135750.054,85
2026-09-23T13:55:51+10:00,1790135751.014,84
2026-09-23T13:55:52+10:00,1790135752.094,82
2026-09-23T13:55:53+10:00,1790135753.054,81
2026-09-23T13:55:54+10:00,1790135754.014,81
2026-09-23T13:55:55+10:00,1790135755.094,80
2026-09-23T13:55:56+10:00,1790135756.053,80
2026-09-23T13:55:57+10:00,1790135757.014,80
2026-09-23T13:55:58+10:00,1790135758.094,80
2026-09-23T13:55:59+10:00,1790135759.054,80
2026-09-23T13:56:00+10:00,1790135760.254,80
2026-09-23T13:56:01+10:00,1790135761.094,81
2026-09-23T13:56:02+10:00,1790135762.054,82
2026-09-23T13:56:03+10:00,1790135763.014,83
2026-09-23T13:56:04+10:00,1790135764.094,84
2026-09-23T13:56:05+10:00,1790135765.054,84
2026-09-23T13:56:06+10:00,1790135766.017,84
2026-09-23T13:56:07+10:00,1790135767.098,84
2026-09-23T13:56:08+10:00,1790135768.054,84
2026-09-23T13:56:09+10:00,1790135769.134,85
2026-09-23T13:56:10+10:00,1790135770.094,85
2026-09-23T13:56:11+10:00,1790135771.054,85
2026-09-23T13:56:12+10:00,1790135772.134,85
2026-09-23T13:56:13+10:00,1790135773.094,85
2026-09-23T13:56:14+10:00,1790135774.294,85
2026-09-23T13:56:15+10:00,1790135775.134,84
2026-09-23T13:56:16+10:00,1790135776.094,84
2026-09-23T13:56:17+10:00,1790135777.054,83
2026-09-23T13:56:18+10:00,1790135778.134,83
2026-09-23T13:56:19+10:00,1790135779.334,82
2026-09-23T13:56:20+10:00,1790135780.054,82
2026-09-23T13:56:21+10:00,1790135781.134,82
2026-09-23T13:56:22+10:00,1790135782.094,81
2026-09-23T13:56:23+10:00,1790135783.054,80
2026-09-23T13:56:24+10:00,1790135784.134,80
2026-09-23T13:56:25+10:00,1790135785.095,80
2026-09-23T13:56:26+10:00,1790135786.054,80
2026-09-23T13:56:27+10:00,1790135787.134,80
2026-09-23T13:56:28+10:00,1790135788.094,80
2026-09-23T13:56:29+10:00,1790135789.056,80
2026-09-23T13:56:30+10:00,1790135790.135,80
2026-09-23T13:56:31+10:00,1790135791.096,80
2026-09-23T13:56:32+10:00,1790135792.055,80
2026-09-23T13:56:33+10:00,1790135793.375,80
2026-09-23T13:56:34+10:00,1790135794.095,80
2026-09-23T13:56:35+10:00,1790135795.056,82
2026-09-23T13:56:36+10:00,1790135796.135,82
2026-09-23T13:56:37+10:00,1790135797.094,81
2026-09-23T13:56:38+10:00,1790135798.054,82
2026-09-23T13:56:39+10:00,1790135799.134,83
2026-09-23T13:56:40+10:00,1790135800.094,83
2026-09-23T13:56:41+10:00,1790135801.055,82
2026-09-23T13:56:42+10:00,1790135802.135,82
2026-09-23T13:56:43+10:00,1790135803.094,82
2026-09-23T13:56:44+10:00,1790135804.055,82
2026-09-23T13:56:45+10:00,1790135805.134,84
2026-09-23T13:56:46+10:00,1790135806.094,84
2026-09-23T13:56:47+10:00,1790135807.295,84
2026-09-23T13:56:48+10:00,1790135808.135,84
2026-09-23T13:56:49+10:00,1790135809.094,84
2026-09-23T13:56:50+10:00,1790135810.055,84
2026-09-23T13:56:51+10:00,1790135811.134,84
2026-09-23T13:56:52+10:00,1790135812.338,83
2026-09-23T13:56:53+10:00,1790135813.057,83
2026-09-23T13:56:54+10:00,1790135814.139,83
2026-09-23T13:56:55+10:00,1790135815.095,84
2026-09-23T13:56:56+10:00,1790135816.054,84
2026-09-23T13:56:57+10:00,1790135817.134,83
2026-09-23T13:56:58+10:00,1790135818.095,83
2026-09-23T13:56:59+10:00,1790135819.054,83
2026-09-23T13:57:00+10:00,1790135820.135,83
2026-09-23T13:57:01+10:00,1790135821.335,84
2026-09-23T13:57:02+10:00,1790135822.055,84
2026-09-23T13:57:03+10:00,1790135823.135,84
2026-09-23T13:57:04+10:00,1790135824.097,84
2026-09-23T13:57:05+10:00,1790135825.059,83
2026-09-23T13:57:06+10:00,1790135826.375,83
2026-09-23T13:57:07+10:00,1790135827.095,82
2026-09-23T13:57:08+10:00,1790135828.055,81
2026-09-23T13:57:09+10:00,1790135829.135,81
2026-09-23T13:57:10+10:00,1790135830.095,80
2026-09-23T13:57:11+10:00,1790135831.055,80
2026-09-23T13:57:12+10:00,1790135832.135,80
2026-09-23T13:57:13+10:00,1790135833.095,80
2026-09-23T13:57:14+10:00,1790135834.054,80
2026-09-23T13:57:15+10:00,1790135835.135,80
2026-09-23T13:57:16+10:00,1790135836.095,80
2026-09-23T13:57:17+10:00,1790135837.055,80
2026-09-23T13:57:18+10:00,1790135838.135,80
2026-09-23T13:57:19+10:00,1790135839.095,80
2026-09-23T13:57:20+10:00,1790135840.297,79
2026-09-23T13:57:21+10:00,1790135841.137,77
2026-09-23T13:57:22+10:00,1790135842.095,77
2026-09-23T13:57:23+10:00,1790135843.054,76
2026-09-23T13:57:24+10:00,1790135844.135,76
2026-09-23T13:57:25+10:00,1790135845.097,76
2026-09-23T13:57:26+10:00,1790135846.057,76
2026-09-23T13:57:27+10:00,1790135847.140,76
2026-09-23T13:57:28+10:00,1790135848.095,76
2026-09-23T13:57:29+10:00,1790135849.055,78
2026-09-23T13:57:30+10:00,1790135850.135,78
2026-09-23T13:57:31+10:00,1790135851.095,78
2026-09-23T13:57:32+10:00,1790135852.055,79
2026-09-23T13:57:33+10:00,1790135853.135,79
2026-09-23T13:57:34+10:00,1790135854.337,79
2026-09-23T13:57:35+10:00,1790135855.055,79
2026-09-23T13:57:36+10:00,1790135856.135,79
2026-09-23T13:57:37+10:00,1790135857.094,79
2026-09-23T13:57:38+10:00,1790135858.054,79
2026-09-23T13:57:39+10:00,1790135859.375,79
2026-09-23T13:57:40+10:00,1790135860.097,79
2026-09-23T13:57:41+10:00,1790135861.055,79
2026-09-23T13:57:42+10:00,1790135862.135,79
2026-09-23T13:57:43+10:00,1790135863.094,79
2026-09-23T13:57:44+10:00,1790135864.054,79
2026-09-23T13:57:45+10:00,1790135865.135,80
2026-09-23T13:57:46+10:00,1790135866.095,80
2026-09-23T13:57:47+10:00,1790135867.054,80
2026-09-23T13:57:48+10:00,1790135868.134,80
2026-09-23T13:57:49+10:00,1790135869.094,80
2026-09-23T13:57:50+10:00,1790135870.054,80
2026-09-23T13:57:51+10:00,1790135871.135,80
2026-09-23T13:57:52+10:00,1790135872.094,79
2026-09-23T13:57:53+10:00,1790135873.054,78
2026-09-23T13:57:54+10:00,1790135874.135,78
2026-09-23T13:57:55+10:00,1790135875.095,75
2026-09-23T13:57:56+10:00,1790135876.175,76
2026-09-23T13:57:57+10:00,1790135877.134,75
2026-09-23T13:57:58+10:00,1790135878.094,74
2026-09-23T13:57:59+10:00,1790135879.174,74
2026-09-23T13:58:00+10:00,1790135880.134,74
2026-09-23T13:58:01+10:00,1790135881.095,74
2026-09-23T13:58:02+10:00,1790135882.175,74
2026-09-23T13:58:03+10:00,1790135883.134,74
2026-09-23T13:58:04+10:00,1790135884.095,74
2026-09-23T13:58:05+10:00,1790135885.175,74
2026-09-23T13:58:06+10:00,1790135886.134,74
2026-09-23T13:58:07+10:00,1790135887.334,74
2026-09-23T13:58:08+10:00,1790135888.175,74
2026-09-23T13:58:09+10:00,1790135889.135,74
2026-09-23T13:58:10+10:00,1790135890.094,74
2026-09-23T13:58:11+10:00,1790135891.174,74
2026-09-23T13:58:12+10:00,1790135892.135,74
2026-09-23T13:58:13+10:00,1790135893.094,73
2026-09-23T13:58:14+10:00,1790135894.175,73
2026-09-23T13:58:15+10:00,1790135895.135,73
2026-09-23T13:58:16+10:00,1790135896.095,74
2026-09-23T13:58:17+10:00,1790135897.175,74
2026-09-23T13:58:18+10:00,1790135898.135,74
2026-09-23T13:58:19+10:00,1790135899.095,74
2026-09-23T13:58:20+10:00,1790135900.175,74
2026-09-23T13:58:21+10:00,1790135901.374,74
2026-09-23T13:58:22+10:00,1790135902.095,74
2026-09-23T13:58:23+10:00,1790135903.175,74
2026-09-23T13:58:24+10:00,1790135904.135,74
2026-09-23T13:58:25+10:00,1790135905.095,74
2026-09-23T13:58:26+10:00,1790135906.415,74
2026-09-23T13:58:27+10:00,1790135907.135,74
2026-09-23T13:58:28+10:00,1790135908.095,74
2026-09-23T13:58:29+10:00,1790135909.174,74
2026-09-23T13:58:30+10:00,1790135910.134,74
2026-09-23T13:58:31+10:00,1790135911.095,76
2026-09-23T13:58:32+10:00,1790135912.175,78
2026-09-23T13:58:33+10:00,1790135913.135,78
2026-09-23T13:58:34+10:00,1790135914.095,78
2026-09-23T13:58:35+10:00,1790135915.174,78
2026-09-23T13:58:36+10:00,1790135916.135,78
2026-09-23T13:58:37+10:00,1790135917.095,78
2026-09-23T13:58:38+10:00,1790135918.175,79
2026-09-23T13:58:39+10:00,1790135919.135,79
2026-09-23T13:58:40+10:00,1790135920.335,79
2026-09-23T13:58:41+10:00,1790135921.175,79
2026-09-23T13:58:42+10:00,1790135922.135,79
2026-09-23T13:58:43+10:00,1790135923.094,79
2026-09-23T13:58:44+10:00,1790135924.175,81
2026-09-23T13:58:45+10:00,1790135925.135,85
2026-09-23T13:58:46+10:00,1790135926.095,86
2026-09-23T13:58:47+10:00,1790135927.175,86
2026-09-23T13:58:48+10:00,1790135928.135,86
2026-09-23T13:58:49+10:00,1790135929.095,86
2026-09-23T13:58:50+10:00,1790135930.175,87
2026-09-23T13:58:51+10:00,1790135931.135,88
2026-09-23T13:58:52+10:00,1790135932.095,89
2026-09-23T13:58:53+10:00,1790135933.175,90
2026-09-23T13:58:54+10:00,1790135934.375,90
2026-09-23T13:58:55+10:00,1790135935.095,90
2026-09-23T13:58:56+10:00,1790135936.175,90
2026-09-23T13:58:57+10:00,1790135937.135,87
2026-09-23T13:58:58+10:00,1790135938.095,86
2026-09-23T13:58:59+10:00,1790135939.415,86
2026-09-23T13:59:00+10:00,1790135940.135,86
2026-09-23T13:59:01+10:00,1790135941.095,86
2026-09-23T13:59:02+10:00,1790135942.175,86
2026-09-23T13:59:03+10:00,1790135943.135,86
2026-09-23T13:59:04+10:00,1790135944.095,86
2026-09-23T13:59:05+10:00,1790135945.175,86
2026-09-23T13:59:06+10:00,1790135946.135,86
2026-09-23T13:59:07+10:00,1790135947.215,86
2026-09-23T13:59:08+10:00,1790135948.415,86
2026-09-23T13:59:09+10:00,1790135949.135,86
2026-09-23T13:59:10+10:00,1790135950.215,85
2026-09-23T13:59:11+10:00,1790135951.175,84
2026-09-23T13:59:12+10:00,1790135952.135,84
2026-09-23T13:59:13+10:00,1790135953.095,83
2026-09-23T13:59:14+10:00,1790135954.175,82
2026-09-23T13:59:15+10:00,1790135955.135,80
2026-09-23T13:59:16+10:00,1790135956.215,81
2026-09-23T13:59:17+10:00,1790135957.175,81
2026-09-23T13:59:18+10:00,1790135958.375,81
2026-09-23T13:59:19+10:00,1790135959.215,81
2026-09-23T13:59:20+10:00,1790135960.295,81
2026-09-23T13:59:21+10:00,1790135961.375,81
2026-09-23T13:59:22+10:00,1790135962.335,82
2026-09-23T13:59:23+10:00,1790135963.295,82
2026-09-23T13:59:24+10:00,1790135964.375,82
2026-09-23T13:59:25+10:00,1790135965.335,83
2026-09-23T13:59:26+10:00,1790135966.295,82
2026-09-23T13:59:27+10:00,1790135967.375,82
2026-09-23T13:59:28+10:00,1790135968.336,81
2026-09-23T13:59:29+10:00,1790135969.295,81
2026-09-23T13:59:30+10:00,1790135970.375,83
2026-09-23T13:59:31+10:00,1790135971.335,83
2026-09-23T13:59:32+10:00,1790135972.295,83
2026-09-23T13:59:33+10:00,1790135973.375,83
2026-09-23T13:59:34+10:00,1790135974.335,83
2026-09-23T13:59:35+10:00,1790135975.295,83
2026-09-23T13:59:36+10:00,1790135976.375,82
2026-09-23T13:59:37+10:00,1790135977.335,81
2026-09-23T13:59:38+10:00,1790135978.295,80
2026-09-23T13:59:39+10:00,1790135979.375,80
2026-09-23T13:59:40+10:00,1790135980.335,79
2026-09-23T13:59:41+10:00,1790135981.535,79
2026-09-23T13:59:42+10:00,1790135982.375,78
2026-09-23T13:59:43+10:00,1790135983.335,76
2026-09-23T13:59:44+10:00,1790135984.295,76
2026-09-23T13:59:45+10:00,1790135985.375,76
2026-09-23T13:59:46+10:00,1790135986.336,76
2026-09-23T13:59:47+10:00,1790135987.295,76
2026-09-23T13:59:48+10:00,1790135988.375,74
2026-09-23T13:59:49+10:00,1790135989.335,76
2026-09-23T13:59:50+10:00,1790135990.297,75
2026-09-23T13:59:51+10:00,1790135991.375,75
2026-09-23T13:59:52+10:00,1790135992.335,75
2026-09-23T13:59:53+10:00,1790135993.296,75
2026-09-23T13:59:54+10:00,1790135994.376,75
2026-09-23T13:59:55+10:00,1790135995.575,75
2026-09-23T13:59:56+10:00,1790135996.295,78
2026-09-23T13:59:57+10:00,1790135997.375,79
2026-09-23T13:59:58+10:00,1790135998.335,81
2026-09-23T13:59:59+10:00,1790135999.295,81
2026-09-23T14:00:00+10:00,1790136000.375,82
2026-09-23T14:00:01+10:00,1790136001.335,82
2026-09-23T14:00:02+10:00,1790136002.535,82
2026-09-23T14:00:03+10:00,1790136003.375,83
2026-09-23T14:00:04+10:00,1790136004.335,83
2026-09-23T14:00:05+10:00,1790136005.415,83
2026-09-23T14:00:06+10:00,1790136006.375,83
2026-09-23T14:00:07+10:00,1790136007.335,83
2026-09-23T14:00:08+10:00,1790136008.415,83
2026-09-23T14:00:09+10:00,1790136009.375,83
2026-09-23T14:00:10+10:00,1790136010.335,83
2026-09-23T14:00:11+10:00,1790136011.415,83
2026-09-23T14:00:12+10:00,1790136012.375,82
2026-09-23T14:00:13+10:00,1790136013.335,82
2026-09-23T14:00:14+10:00,1790136014.415,82
2026-09-23T14:00:15+10:00,1790136015.375,82
2026-09-23T14:00:16+10:00,1790136016.335,82
2026-09-23T14:00:17+10:00,1790136017.415,82
2026-09-23T14:00:18+10:00,1790136018.375,82
2026-09-23T14:00:19+10:00,1790136019.335,82
2026-09-23T14:00:20+10:00,1790136020.415,81
2026-09-23T14:00:21+10:00,1790136021.376,80
2026-09-23T14:00:22+10:00,1790136022.335,79
2026-09-23T14:00:23+10:00,1790136023.415,79
2026-09-23T14:00:24+10:00,1790136024.375,79
2026-09-23T14:00:25+10:00,1790136025.336,78
2026-09-23T14:00:26+10:00,1790136026.415,77
2026-09-23T14:00:27+10:00,1790136027.376,78
2026-09-23T14:00:28+10:00,1790136028.576,78
2026-09-23T14:00:29+10:00,1790136029.415,78
2026-09-23T14:00:30+10:00,1790136030.375,78
2026-09-23T14:00:31+10:00,1790136031.336,77
2026-09-23T14:00:32+10:00,1790136032.416,77
2026-09-23T14:00:33+10:00,1790136033.376,77
2026-09-23T14:00:34+10:00,1790136034.335,79
2026-09-23T14:00:35+10:00,1790136035.415,79
2026-09-23T14:00:36+10:00,1790136036.375,81
2026-09-23T14:00:37+10:00,1790136037.335,81
2026-09-23T14:00:38+10:00,1790136038.415,81
2026-09-23T14:00:39+10:00,1790136039.375,81
2026-09-23T14:00:40+10:00,1790136040.335,81
2026-09-23T14:00:41+10:00,1790136041.416,81
2026-09-23T14:00:42+10:00,1790136042.376,81
2026-09-23T14:00:43+10:00,1790136043.335,81
2026-09-23T14:00:44+10:00,1790136044.415,81
2026-09-23T14:00:45+10:00,1790136045.376,80
2026-09-23T14:00:46+10:00,1790136046.336,80
2026-09-23T14:00:47+10:00,1790136047.415,80
2026-09-23T14:00:48+10:00,1790136048.376,80
2026-09-23T14:00:49+10:00,1790136049.336,78
2026-09-23T14:00:50+10:00,1790136050.416,79
2026-09-23T14:00:51+10:00,1790136051.376,79
2026-09-23T14:00:52+10:00,1790136052.335,79
2026-09-23T14:00:53+10:00,1790136053.416,79
2026-09-23T14:00:54+10:00,1790136054.375,78
2026-09-23T14:00:55+10:00,1790136055.455,78
2026-09-23T14:00:56+10:00,1790136056.415,78
2026-09-23T14:00:57+10:00,1790136057.376,78
2026-09-23T14:00:58+10:00,1790136058.455,78
2026-09-23T14:00:59+10:00,1790136059.415,78
2026-09-23T14:01:00+10:00,1790136060.376,79
2026-09-23T14:01:01+10:00,1790136061.456,81
2026-09-23T14:01:02+10:00,1790136062.416,82
2026-09-23T14:01:03+10:00,1790136063.376,82
2026-09-23T14:01:04+10:00,1790136064.456,81
2026-09-23T14:01:05+10:00,1790136065.416,81
2026-09-23T14:01:06+10:00,1790136066.376,83
2026-09-23T14:01:07+10:00,1790136067.456,81
2026-09-23T14:01:08+10:00,1790136068.415,81
2026-09-23T14:01:09+10:00,1790136069.376,81
2026-09-23T14:01:10+10:00,1790136070.455,83
2026-09-23T14:01:11+10:00,1790136071.416,83
2026-09-23T14:01:12+10:00,1790136072.376,84
2026-09-23T14:01:13+10:00,1790136073.455,84
2026-09-23T14:01:14+10:00,1790136074.416,84
2026-09-23T14:01:15+10:00,1790136075.616,83
2026-09-23T14:01:16+10:00,1790136076.456,83
2026-09-23T14:01:17+10:00,1790136077.416,83
2026-09-23T14:01:18+10:00,1790136078.376,83
2026-09-23T14:01:19+10:00,1790136079.456,82
2026-09-23T14:01:20+10:00,1790136080.415,80
2026-09-23T14:01:21+10:00,1790136081.376,79
2026-09-23T14:01:22+10:00,1790136082.455,79
2026-09-23T14:01:23+10:00,1790136083.416,79
2026-09-23T14:01:24+10:00,1790136084.376,79
2026-09-23T14:01:25+10:00,1790136085.456,79
2026-09-23T14:01:26+10:00,1790136086.416,79
2026-09-23T14:01:27+10:00,1790136087.376,80
2026-09-23T14:01:28+10:00,1790136088.456,80
2026-09-23T14:01:29+10:00,1790136089.416,80
2026-09-23T14:01:30+10:00,1790136090.376,80
2026-09-23T14:01:31+10:00,1790136091.456,80
2026-09-23T14:01:32+10:00,1790136092.416,80
2026-09-23T14:01:33+10:00,1790136093.376,80
2026-09-23T14:01:34+10:00,1790136094.456,80
2026-09-23T14:01:35+10:00,1790136095.416,80
2026-09-23T14:01:36+10:00,1790136096.376,80
2026-09-23T14:01:37+10:00,1790136097.456,78
2026-09-23T14:01:38+10:00,1790136098.416,78
2026-09-23T14:01:39+10:00,1790136099.376,78
2026-09-23T14:01:40+10:00,1790136100.456,78
2026-09-23T14:01:41+10:00,1790136101.416,78
2026-09-23T14:01:42+10:00,1790136102.376,78
2026-09-23T14:01:43+10:00,1790136103.456,78
2026-09-23T14:01:44+10:00,1790136104.416,80
2026-09-23T14:01:45+10:00,1790136105.376,85
2026-09-23T14:01:46+10:00,1790136106.456,88
2026-09-23T14:01:47+10:00,1790136107.416,88
2026-09-23T14:01:48+10:00,1790136108.616,88
2026-09-23T14:01:49+10:00,1790136109.456,88
2026-09-23T14:01:50+10:00,1790136110.416,88
2026-09-23T14:01:51+10:00,1790136111.377,87
2026-09-23T14:01:52+10:00,1790136112.456,87
2026-09-23T14:01:53+10:00,1790136113.416,87
2026-09-23T14:01:54+10:00,1790136114.376,87
2026-09-23T14:01:55+10:00,1790136115.456,86
2026-09-23T14:01:56+10:00,1790136116.416,86
2026-09-23T14:01:57+10:00,1790136117.376,86
2026-09-23T14:01:58+10:00,1790136118.456,86
2026-09-23T14:01:59+10:00,1790136119.415,86
2026-09-23T14:02:00+10:00,1790136120.376,86
2026-09-23T14:02:01+10:00,1790136121.456,86
2026-09-23T14:02:02+10:00,1790136122.656,85
2026-09-23T14:02:03+10:00,1790136123.376,85
2026-09-23T14:02:04+10:00,1790136124.456,85
2026-09-23T14:02:05+10:00,1790136125.416,85
2026-09-23T14:02:06+10:00,1790136126.376,85
2026-09-23T14:02:07+10:00,1790136127.456,85
2026-09-23T14:02:08+10:00,1790136128.416,82
2026-09-23T14:02:09+10:00,1790136129.376,80
2026-09-23T14:02:10+10:00,1790136130.456,80
2026-09-23T14:02:11+10:00,1790136131.416,80
2026-09-23T14:02:12+10:00,1790136132.376,81
2026-09-23T14:02:13+10:00,1790136133.456,81
2026-09-23T14:02:14+10:00,1790136134.416,82
2026-09-23T14:02:15+10:00,1790136135.376,82
2026-09-23T14:02:16+10:00,1790136136.456,83
2026-09-23T14:02:17+10:00,1790136137.416,83
2026-09-23T14:02:18+10:00,1790136138.376,84
2026-09-23T14:02:19+10:00,1790136139.456,84
2026-09-23T14:02:20+10:00,1790136140.416,84
2026-09-23T14:02:21+10:00,1790136141.616,84
2026-09-23T14:02:22+10:00,1790136142.456,84
2026-09-23T14:02:23+10:00,1790136143.416,84
2026-09-23T14:02:24+10:00,1790136144.376,83
2026-09-23T14:02:25+10:00,1790136145.456,83
2026-09-23T14:02:26+10:00,1790136146.416,83
2026-09-23T14:02:27+10:00,1790136147.376,83
2026-09-23T14:02:28+10:00,1790136148.457,82
2026-09-23T14:02:29+10:00,1790136149.416,82
2026-09-23T14:02:30+10:00,1790136150.376,82
2026-09-23T14:02:31+10:00,1790136151.457,82
2026-09-23T14:02:32+10:00,1790136152.416,82
2026-09-23T14:02:33+10:00,1790136153.377,80
2026-09-23T14:02:34+10:00,1790136154.457,80
2026-09-23T14:02:35+10:00,1790136155.657,80
2026-09-23T14:02:36+10:00,1790136156.377,78
2026-09-23T14:02:37+10:00,1790136157.458,77
2026-09-23T14:02:38+10:00,1790136158.418,77
2026-09-23T14:02:39+10:00,1790136159.377,77
2026-09-23T14:02:40+10:00,1790136160.457,74
2026-09-23T14:02:41+10:00,1790136161.417,74
2026-09-23T14:02:42+10:00,1790136162.497,72
2026-09-23T14:02:43+10:00,1790136163.457,72
2026-09-23T14:02:44+10:00,1790136164.417,72
2026-09-23T14:02:45+10:00,1790136165.497,72
2026-09-23T14:02:46+10:00,1790136166.457,74
2026-09-23T14:02:47+10:00,1790136167.417,74
2026-09-23T14:02:48+10:00,1790136168.497,79
2026-09-23T14:02:49+10:00,1790136169.457,80
2026-09-23T14:02:50+10:00,1790136170.417,81
2026-09-23T14:02:51+10:00,1790136171.497,81
2026-09-23T14:02:52+10:00,1790136172.457,81
2026-09-23T14:02:53+10:00,1790136173.417,81
2026-09-23T14:02:54+10:00,1790136174.497,81
2026-09-23T14:02:55+10:00,1790136175.457,81
2026-09-23T14:02:56+10:00,1790136176.417,81
2026-09-23T14:02:57+10:00,1790136177.497,78
2026-09-23T14:02:58+10:00,1790136178.457,76
2026-09-23T14:02:59+10:00,1790136179.417,76
2026-09-23T14:03:00+10:00,1790136180.497,76
2026-09-23T14:03:01+10:00,1790136181.457,76
2026-09-23T14:03:02+10:00,1790136182.417,76
2026-09-23T14:03:03+10:00,1790136183.497,76
2026-09-23T14:03:04+10:00,1790136184.457,76
2026-09-23T14:03:05+10:00,1790136185.417,76
2026-09-23T14:03:06+10:00,1790136186.497,73
2026-09-23T14:03:07+10:00,1790136187.457,72
2026-09-23T14:03:08+10:00,1790136188.657,72
2026-09-23T14:03:09+10:00,1790136189.497,73
2026-09-23T14:03:10+10:00,1790136190.457,75
2026-09-23T14:03:11+10:00,1790136191.417,75
2026-09-23T14:03:12+10:00,1790136192.497,77
2026-09-23T14:03:13+10:00,1790136193.457,79
2026-09-23T14:03:14+10:00,1790136194.417,80
2026-09-23T14:03:15+10:00,1790136195.498,80
2026-09-23T14:03:16+10:00,1790136196.457,80
2026-09-23T14:03:17+10:00,1790136197.417,80
2026-09-23T14:03:18+10:00,1790136198.497,80
2026-09-23T14:03:19+10:00,1790136199.457,80
2026-09-23T14:03:20+10:00,1790136200.416,80
2026-09-23T14:03:21+10:00,1790136201.497,80
2026-09-23T14:03:22+10:00,1790136202.697,80
2026-09-23T14:03:23+10:00,1790136203.416,80
2026-09-23T14:03:24+10:00,1790136204.496,80
2026-09-23T14:03:25+10:00,1790136205.456,79
2026-09-23T14:03:26+10:00,1790136206.416,79
2026-09-23T14:03:27+10:00,1790136207.497,79
2026-09-23T14:03:28+10:00,1790136208.456,79
2026-09-23T14:03:29+10:00,1790136209.416,79
2026-09-23T14:03:30+10:00,1790136210.496,80
2026-09-23T14:03:31+10:00,1790136211.456,80
2026-09-23T14:03:32+10:00,1790136212.416,80
2026-09-23T14:03:33+10:00,1790136213.496,80
2026-09-23T14:03:34+10:00,1790136214.457,80
2026-09-23T14:03:35+10:00,1790136215.416,80
2026-09-23T14:03:36+10:00,1790136216.496,80
2026-09-23T14:03:37+10:00,1790136217.456,81
2026-09-23T14:03:38+10:00,1790136218.416,81
2026-09-23T14:03:39+10:00,1790136219.497,81
2026-09-23T14:03:40+10:00,1790136220.457,82
2026-09-23T14:03:41+10:00,1790136221.657,82
2026-09-23T14:03:42+10:00,1790136222.497,82
2026-09-23T14:03:43+10:00,1790136223.457,82
2026-09-23T14:03:44+10:00,1790136224.418,82
2026-09-23T14:03:45+10:00,1790136225.512,83
2026-09-23T14:03:46+10:00,1790136226.459,83
2026-09-23T14:03:47+10:00,1790136227.417,83
2026-09-23T14:03:48+10:00,1790136228.497,83
2026-09-23T14:03:49+10:00,1790136229.457,83
2026-09-23T14:03:50+10:00,1790136230.417,83
2026-09-23T14:03:51+10:00,1790136231.497,83
2026-09-23T14:03:52+10:00,1790136232.457,86
2026-09-23T14:03:53+10:00,1790136233.417,86
2026-09-23T14:03:54+10:00,1790136234.497,88
2026-09-23T14:03:55+10:00,1790136235.697,90
2026-09-23T14:03:56+10:00,1790136236.417,90
2026-09-23T14:03:57+10:00,1790136237.497,90
2026-09-23T14:03:58+10:00,1790136238.457,90
2026-09-23T14:03:59+10:00,1790136239.417,90
2026-09-23T14:04:00+10:00,1790136240.497,90
2026-09-23T14:04:01+10:00,1790136241.457,90
2026-09-23T14:04:02+10:00,1790136242.417,90
2026-09-23T14:04:03+10:00,1790136243.497,90
2026-09-23T14:04:04+10:00,1790136244.457,90
2026-09-23T14:04:05+10:00,1790136245.417,90
2026-09-23T14:04:06+10:00,1790136246.497,90
2026-09-23T14:04:07+10:00,1790136247.457,90
2026-09-23T14:04:08+10:00,1790136248.417,87
2026-09-23T14:04:09+10:00,1790136249.737,82
2026-09-23T14:04:10+10:00,1790136250.457,79
2026-09-23T14:04:11+10:00,1790136251.416,79
2026-09-23T14:04:12+10:00,1790136252.497,78
2026-09-23T14:04:13+10:00,1790136253.457,78
2026-09-23T14:04:14+10:00,1790136254.657,79
2026-09-23T14:04:15+10:00,1790136255.497,79
2026-09-23T14:04:16+10:00,1790136256.457,79
2026-09-23T14:04:17+10:00,1790136257.417,79
2026-09-23T14:04:18+10:00,1790136258.496,79
2026-09-23T14:04:19+10:00,1790136259.457,79
2026-09-23T14:04:20+10:00,1790136260.417,79
2026-09-23T14:04:21+10:00,1790136261.497,79
2026-09-23T14:04:22+10:00,1790136262.456,79
2026-09-23T14:04:23+10:00,1790136263.417,79
2026-09-23T14:04:24+10:00,1790136264.497,79
2026-09-23T14:04:25+10:00,1790136265.457,79
2026-09-23T14:04:26+10:00,1790136266.416,79
2026-09-23T14:04:27+10:00,1790136267.497,79
2026-09-23T14:04:28+10:00,1790136268.697,79
2026-09-23T14:04:29+10:00,1790136269.417,79
2026-09-23T14:04:30+10:00,1790136270.497,79
2026-09-23T14:04:31+10:00,1790136271.457,79
2026-09-23T14:04:32+10:00,1790136272.417,79
2026-09-23T14:04:33+10:00,1790136273.497,80
2026-09-23T14:04:34+10:00,1790136274.457,80
2026-09-23T14:04:35+10:00,1790136275.417,80
2026-09-23T14:04:36+10:00,1790136276.497,80
2026-09-23T14:04:37+10:00,1790136277.457,81
2026-09-23T14:04:38+10:00,1790136278.417,82
2026-09-23T14:04:39+10:00,1790136279.503,82
2026-09-23T14:04:40+10:00,1790136280.457,82
2026-09-23T14:04:41+10:00,1790136281.537,82
2026-09-23T14:04:42+10:00,1790136282.737,82
2026-09-23T14:04:43+10:00,1790136283.457,82
2026-09-23T14:04:44+10:00,1790136284.537,82
2026-09-23T14:04:45+10:00,1790136285.497,82
2026-09-23T14:04:46+10:00,1790136286.457,82
2026-09-23T14:04:47+10:00,1790136287.537,82
2026-09-23T14:04:48+10:00,1790136288.497,82
2026-09-23T14:04:49+10:00,1790136289.457,81
2026-09-23T14:04:50+10:00,1790136290.537,80
2026-09-23T14:04:51+10:00,1790136291.497,79
2026-09-23T14:04:52+10:00,1790136292.457,79
2026-09-23T14:04:53+10:00,1790136293.537,79
2026-09-23T14:04:54+10:00,1790136294.497,79
2026-09-23T14:04:55+10:00,1790136295.457,78
2026-09-23T14:04:56+10:00,1790136296.537,78
2026-09-23T14:04:57+10:00,1790136297.497,78
2026-09-23T14:04:58+10:00,1790136298.457,78
2026-09-23T14:04:59+10:00,1790136299.538,78
2026-09-23T14:05:00+10:00,1790136300.497,78
2026-09-23T14:05:01+10:00,1790136301.697,78
2026-09-23T14:05:02+10:00,1790136302.537,78
2026-09-23T14:05:03+10:00,1790136303.497,78
2026-09-23T14:05:04+10:00,1790136304.458,78
2026-09-23T14:05:05+10:00,1790136305.537,78
2026-09-23T14:05:06+10:00,1790136306.498,78
2026-09-23T14:05:07+10:00,1790136307.458,78
2026-09-23T14:05:08+10:00,1790136308.539,78
2026-09-23T14:05:09+10:00,1790136309.497,78
2026-09-23T14:05:10+10:00,1790136310.457,79
2026-09-23T14:05:11+10:00,1790136311.537,79
2026-09-23T14:05:12+10:00,1790136312.497,79
2026-09-23T14:05:13+10:00,1790136313.457,79
2026-09-23T14:05:14+10:00,1790136314.537,79
2026-09-23T14:05:15+10:00,1790136315.737,79
2026-09-23T14:05:16+10:00,1790136316.457,79
2026-09-23T14:05:17+10:00,1790136317.537,79
2026-09-23T14:05:18+10:00,1790136318.497,79
2026-09-23T14:05:19+10:00,1790136319.457,79
2026-09-23T14:05:20+10:00,1790136320.537,79
2026-09-23T14:05:21+10:00,1790136321.497,79
2026-09-23T14:05:22+10:00,1790136322.458,79
2026-09-23T14:05:23+10:00,1790136323.538,79
2026-09-23T14:05:24+10:00,1790136324.497,78
2026-09-23T14:05:25+10:00,1790136325.457,78
2026-09-23T14:05:26+10:00,1790136326.537,78
2026-09-23T14:05:27+10:00,1790136327.497,78
2026-09-23T14:05:28+10:00,1790136328.457,78
2026-09-23T14:05:29+10:00,1790136329.777,78
2026-09-23T14:05:30+10:00,1790136330.497,78
2026-09-23T14:05:31+10:00,1790136331.457,78
2026-09-23T14:05:32+10:00,1790136332.537,78
2026-09-23T14:05:33+10:00,1790136333.497,79
2026-09-23T14:05:34+10:00,1790136334.577,79
2026-09-23T14:05:35+10:00,1790136335.537,79
2026-09-23T14:05:36+10:00,1790136336.497,79
2026-09-23T14:05:37+10:00,1790136337.577,79
2026-09-23T14:05:38+10:00,1790136338.537,79
2026-09-23T14:05:39+10:00,1790136339.497,79
2026-09-23T14:05:40+10:00,1790136340.577,79
2026-09-23T14:05:41+10:00,1790136341.537,79
2026-09-23T14:05:42+10:00,1790136342.497,80
2026-09-23T14:05:43+10:00,1790136343.577,80
2026-09-23T14:05:44+10:00,1790136344.537,80
2026-09-23T14:05:45+10:00,1790136345.497,80
2026-09-23T14:05:46+10:00,1790136346.577,80
2026-09-23T14:05:47+10:00,1790136347.537,80
2026-09-23T14:05:48+10:00,1790136348.737,80
2026-09-23T14:05:49+10:00,1790136349.577,77
2026-09-23T14:05:50+10:00,1790136350.537,77
2026-09-23T14:05:51+10:00,1790136351.497,76
2026-09-23T14:05:52+10:00,1790136352.577,76
2026-09-23T14:05:53+10:00,1790136353.537,76
2026-09-23T14:05:54+10:00,1790136354.497,76
2026-09-23T14:05:55+10:00,1790136355.577,75
2026-09-23T14:05:56+10:00,1790136356.537,75
2026-09-23T14:05:57+10:00,1790136357.497,74
2026-09-23T14:05:58+10:00,1790136358.577,74
2026-09-23T14:05:59+10:00,1790136359.537,74
2026-09-23T14:06:00+10:00,1790136360.497,74
2026-09-23T14:06:01+10:00,1790136361.578,74
2026-09-23T14:06:02+10:00,1790136362.777,74
2026-09-23T14:06:03+10:00,1790136363.497,74
2026-09-23T14:06:04+10:00,1790136364.577,74
2026-09-23T14:06:05+10:00,1790136365.537,74
2026-09-23T14:06:06+10:00,1790136366.497,74
2026-09-23T14:06:07+10:00,1790136367.577,74
2026-09-23T14:06:08+10:00,1790136368.538,76
2026-09-23T14:06:09+10:00,1790136369.498,77
2026-09-23T14:06:10+10:00,1790136370.577,77
2026-09-23T14:06:11+10:00,1790136371.537,77
2026-09-23T14:06:12+10:00,1790136372.497,77
2026-09-23T14:06:13+10:00,1790136373.577,77
2026-09-23T14:06:14+10:00,1790136374.537,77
2026-09-23T14:06:15+10:00,1790136375.498,78
2026-09-23T14:06:16+10:00,1790136376.818,78
2026-09-23T14:06:17+10:00,1790136377.538,78
2026-09-23T14:06:18+10:00,1790136378.498,78
2026-09-23T14:06:19+10:00,1790136379.577,78
2026-09-23T14:06:20+10:00,1790136380.537,79
2026-09-23T14:06:21+10:00,1790136381.737,81
2026-09-23T14:06:22+10:00,1790136382.577,82
2026-09-23T14:06:23+10:00,1790136383.537,82
2026-09-23T14:06:24+10:00,1790136384.497,82
2026-09-23T14:06:25+10:00,1790136385.577,81
2026-09-23T14:06:26+10:00,1790136386.537,78
2026-09-23T14:06:27+10:00,1790136387.497,78
2026-09-23T14:06:28+10:00,1790136388.577,77
2026-09-23T14:06:29+10:00,1790136389.537,77
2026-09-23T14:06:30+10:00,1790136390.498,77
2026-09-23T14:06:31+10:00,1790136391.578,76
2026-09-23T14:06:32+10:00,1790136392.538,75
2026-09-23T14:06:33+10:00,1790136393.498,74
2026-09-23T14:06:34+10:00,1790136394.578,74
2026-09-23T14:06:35+10:00,1790136395.778,74
2026-09-23T14:06:36+10:00,1790136396.498,74
2026-09-23T14:06:37+10:00,1790136397.578,75
2026-09-23T14:06:38+10:00,1790136398.538,75
2026-09-23T14:06:39+10:00,1790136399.498,76
2026-09-23T14:06:40+10:00,1790136400.578,76
2026-09-23T14:06:41+10:00,1790136401.538,76
2026-09-23T14:06:42+10:00,1790136402.498,76
2026-09-23T14:06:43+10:00,1790136403.578,76
2026-09-23T14:06:44+10:00,1790136404.538,76
2026-09-23T14:06:45+10:00,1790136405.498,77
2026-09-23T14:06:46+10:00,1790136406.578,77
2026-09-23T14:06:47+10:00,1790136407.538,77
2026-09-23T14:06:48+10:00,1790136408.498,77
2026-09-23T14:06:49+10:00,1790136409.818,77
2026-09-23T14:06:50+10:00,1790136410.538,77
2026-09-23T14:06:51+10:00,1790136411.498,76
2026-09-23T14:06:52+10:00,1790136412.578,76
2026-09-23T14:06:53+10:00,1790136413.538,76
2026-09-23T14:06:54+10:00,1790136414.738,76
2026-09-23T14:06:55+10:00,1790136415.578,76
2026-09-23T14:06:56+10:00,1790136416.538,76
2026-09-23T14:06:57+10:00,1790136417.618,76
2026-09-23T14:06:58+10:00,1790136418.578,75
2026-09-23T14:06:59+10:00,1790136419.538,75
2026-09-23T14:07:00+10:00,1790136420.618,75
2026-09-23T14:07:01+10:00,1790136421.578,74
2026-09-23T14:07:02+10:00,1790136422.538,74
2026-09-23T14:07:03+10:00,1790136423.618,75
2026-09-23T14:07:04+10:00,1790136424.579,75
2026-09-23T14:07:05+10:00,1790136425.540,75
2026-09-23T14:07:06+10:00,1790136426.618,75
2026-09-23T14:07:07+10:00,1790136427.578,75
2026-09-23T14:07:08+10:00,1790136428.778,75
2026-09-23T14:07:09+10:00,1790136429.618,74
2026-09-23T14:07:10+10:00,1790136430.579,74
2026-09-23T14:07:11+10:00,1790136431.538,74
2026-09-23T14:07:12+10:00,1790136432.618,74
2026-09-23T14:07:13+10:00,1790136433.578,75
2026-09-23T14:07:14+10:00,1790136434.538,75
2026-09-23T14:07:15+10:00,1790136435.618,75
2026-09-23T14:07:16+10:00,1790136436.578,74
2026-09-23T14:07:17+10:00,1790136437.538,74
2026-09-23T14:07:18+10:00,1790136438.618,74
2026-09-23T14:07:19+10:00,1790136439.578,71
2026-09-23T14:07:20+10:00,1790136440.538,71
2026-09-23T14:07:21+10:00,1790136441.618,71
2026-09-23T14:07:22+10:00,1790136442.818,71
2026-09-23T14:07:23+10:00,1790136443.538,71
2026-09-23T14:07:24+10:00,1790136444.618,71
2026-09-23T14:07:25+10:00,1790136445.578,71
2026-09-23T14:07:26+10:00,1790136446.538,71
2026-09-23T14:07:27+10:00,1790136447.618,71
2026-09-23T14:07:28+10:00,1790136448.578,71
2026-09-23T14:07:29+10:00,1790136449.538,71
2026-09-23T14:07:30+10:00,1790136450.618,71
2026-09-23T14:07:31+10:00,1790136451.578,70
2026-09-23T14:07:32+10:00,1790136452.538,72
2026-09-23T14:07:33+10:00,1790136453.618,73
2026-09-23T14:07:34+10:00,1790136454.578,73
2026-09-23T14:07:35+10:00,1790136455.538,73
2026-09-23T14:07:36+10:00,1790136456.858,73
2026-09-23T14:07:37+10:00,1790136457.578,73
2026-09-23T14:07:38+10:00,1790136458.539,73
2026-09-23T14:07:39+10:00,1790136459.619,73
2026-09-23T14:07:40+10:00,1790136460.578,73
2026-09-23T14:07:41+10:00,1790136461.778,73
2026-09-23T14:07:42+10:00,1790136462.618,72
2026-09-23T14:07:43+10:00,1790136463.578,72
2026-09-23T14:07:44+10:00,1790136464.538,71
2026-09-23T14:07:45+10:00,1790136465.618,70
2026-09-23T14:07:46+10:00,1790136466.578,69
2026-09-23T14:07:47+10:00,1790136467.538,69
2026-09-23T14:07:48+10:00,1790136468.618,69
2026-09-23T14:07:49+10:00,1790136469.578,69
2026-09-23T14:07:50+10:00,1790136470.538,69
2026-09-23T14:07:51+10:00,1790136471.618,69
2026-09-23T14:07:52+10:00,1790136472.578,69
2026-09-23T14:07:53+10:00,1790136473.538,69
2026-09-23T14:07:54+10:00,1790136474.619,72
2026-09-23T14:07:55+10:00,1790136475.819,73
2026-09-23T14:07:56+10:00,1790136476.538,73
2026-09-23T14:07:57+10:00,1790136477.619,73
2026-09-23T14:07:58+10:00,1790136478.579,73
2026-09-23T14:07:59+10:00,1790136479.539,73
2026-09-23T14:08:00+10:00,1790136480.619,73
2026-09-23T14:08:01+10:00,1790136481.579,74
2026-09-23T14:08:02+10:00,1790136482.538,74
2026-09-23T14:08:03+10:00,1790136483.618,75
2026-09-23T14:08:04+10:00,1790136484.579,75
2026-09-23T14:08:05+10:00,1790136485.538,75
2026-09-23T14:08:06+10:00,1790136486.618,75
2026-09-23T14:08:07+10:00,1790136487.578,75
2026-09-23T14:08:08+10:00,1790136488.538,75
2026-09-23T14:08:09+10:00,1790136489.858,74
2026-09-23T14:08:10+10:00,1790136490.579,73
2026-09-23T14:08:11+10:00,1790136491.538,73
2026-09-23T14:08:12+10:00,1790136492.618,73
2026-09-23T14:08:13+10:00,1790136493.578,73
2026-09-23T14:08:14+10:00,1790136494.778,73
2026-09-23T14:08:15+10:00,1790136495.618,73
2026-09-23T14:08:16+10:00,1790136496.587,73
2026-09-23T14:08:17+10:00,1790136497.660,73
2026-09-23T14:08:18+10:00,1790136498.618,73
2026-09-23T14:08:19+10:00,1790136499.579,73
2026-09-23T14:08:20+10:00,1790136500.658,73
2026-09-23T14:08:21+10:00,1790136501.618,73
2026-09-23T14:08:22+10:00,1790136502.578,73
2026-09-23T14:08:23+10:00,1790136503.899,73
2026-09-23T14:08:24+10:00,1790136504.619,73
2026-09-23T14:08:25+10:00,1790136505.579,72
2026-09-23T14:08:26+10:00,1790136506.658,71
2026-09-23T14:08:27+10:00,1790136507.618,71
2026-09-23T14:08:28+10:00,1790136508.819,71
2026-09-23T14:08:29+10:00,1790136509.658,71
2026-09-23T14:08:30+10:00,1790136510.618,73
2026-09-23T14:08:31+10:00,1790136511.582,73
2026-09-23T14:08:32+10:00,1790136512.658,73
2026-09-23T14:08:33+10:00,1790136513.618,73
2026-09-23T14:08:34+10:00,1790136514.578,76
2026-09-23T14:08:35+10:00,1790136515.658,76
2026-09-23T14:08:36+10:00,1790136516.618,76
2026-09-23T14:08:37+10:00,1790136517.578,78
2026-09-23T14:08:38+10:00,1790136518.658,79
2026-09-23T14:08:39+10:00,1790136519.618,80
2026-09-23T14:08:40+10:00,1790136520.579,80
2026-09-23T14:08:41+10:00,1790136521.658,80
2026-09-23T14:08:42+10:00,1790136522.858,81
2026-09-23T14:08:43+10:00,1790136523.578,84
2026-09-23T14:08:44+10:00,1790136524.658,85
2026-09-23T14:08:45+10:00,1790136525.618,85
2026-09-23T14:08:46+10:00,1790136526.578,85
2026-09-23T14:08:47+10:00,1790136527.659,85
2026-09-23T14:08:48+10:00,1790136528.618,85
2026-09-23T14:08:49+10:00,1790136529.578,84
2026-09-23T14:08:50+10:00,1790136530.658,82
2026-09-23T14:08:51+10:00,1790136531.618,79
2026-09-23T14:08:52+10:00,1790136532.578,78
2026-09-23T14:08:53+10:00,1790136533.659,78
2026-09-23T14:08:54+10:00,1790136534.619,78
2026-09-23T14:08:55+10:00,1790136535.578,78
2026-09-23T14:08:56+10:00,1790136536.898,78
2026-09-23T14:08:57+10:00,1790136537.618,78
2026-09-23T14:08:58+10:00,1790136538.699,78
2026-09-23T14:08:59+10:00,1790136539.660,78
2026-09-23T14:09:00+10:00,1790136540.621,78
2026-09-23T14:09:01+10:00,1790136541.699,78
2026-09-23T14:09:02+10:00,1790136542.659,78
2026-09-23T14:09:03+10:00,1790136543.618,78
2026-09-23T14:09:04+10:00,1790136544.700,78
2026-09-23T14:09:05+10:00,1790136545.660,78
2026-09-23T14:09:06+10:00,1790136546.619,78
2026-09-23T14:09:07+10:00,1790136547.698,78
2026-09-23T14:09:08+10:00,1790136548.658,78
2026-09-23T14:09:09+10:00,1790136549.619,76
2026-09-23T14:09:10+10:00,1790136550.700,76
2026-09-23T14:09:11+10:00,1790136551.660,76
2026-09-23T14:09:12+10:00,1790136552.619,75
2026-09-23T14:09:13+10:00,1790136553.698,74
2026-09-23T14:09:14+10:00,1790136554.658,73
2026-09-23T14:09:15+10:00,1790136555.858,73
2026-09-23T14:09:16+10:00,1790136556.698,73
2026-09-23T14:09:17+10:00,1790136557.659,73
2026-09-23T14:09:18+10:00,1790136558.618,73
2026-09-23T14:09:19+10:00,1790136559.698,73
2026-09-23T14:09:20+10:00,1790136560.659,73
2026-09-23T14:09:21+10:00,1790136561.619,73
2026-09-23T14:09:22+10:00,1790136562.698,73
2026-09-23T14:09:23+10:00,1790136563.661,73
2026-09-23T14:09:24+10:00,1790136564.621,73
2026-09-23T14:09:25+10:00,1790136565.702,73
2026-09-23T14:09:26+10:00,1790136566.678,73
2026-09-23T14:09:27+10:00,1790136567.637,73
2026-09-23T14:09:28+10:00,1790136568.706,73
2026-09-23T14:09:29+10:00,1790136569.900,73
2026-09-23T14:09:30+10:00,1790136570.619,73
2026-09-23T14:09:31+10:00,1790136571.699,73
2026-09-23T14:09:32+10:00,1790136572.663,73
2026-09-23T14:09:33+10:00,1790136573.620,73
2026-09-23T14:09:34+10:00,1790136574.698,74
2026-09-23T14:09:35+10:00,1790136575.658,74
2026-09-23T14:09:36+10:00,1790136576.618,75
2026-09-23T14:09:37+10:00,1790136577.699,75
2026-09-23T14:09:38+10:00,1790136578.658,75
2026-09-23T14:09:39+10:00,1790136579.619,75
2026-09-23T14:09:40+10:00,1790136580.701,75
2026-09-23T14:09:41+10:00,1790136581.666,75
2026-09-23T14:09:42+10:00,1790136582.618,75
2026-09-23T14:09:43+10:00,1790136583.939,75
2026-09-23T14:09:44+10:00,1790136584.659,76
2026-09-23T14:09:45+10:00,1790136585.620,76
2026-09-23T14:09:46+10:00,1790136586.700,76
2026-09-23T14:09:47+10:00,1790136587.660,76
2026-09-23T14:09:48+10:00,1790136588.861,76
2026-09-23T14:09:49+10:00,1790136589.736,76
2026-09-23T14:09:50+10:00,1790136590.664,76
2026-09-23T14:09:51+10:00,1790136591.619,75
2026-09-23T14:09:52+10:00,1790136592.699,75
2026-09-23T14:09:53+10:00,1790136593.659,75
2026-09-23T14:09:54+10:00,1790136594.621,75
2026-09-23T14:09:55+10:00,1790136595.699,75
2026-09-23T14:09:56+10:00,1790136596.659,75
2026-09-23T14:09:57+10:00,1790136597.619,75
2026-09-23T14:09:58+10:00,1790136598.699,75
2026-09-23T14:09:59+10:00,1790136599.659,75
2026-09-23T14:10:00+10:00,1790136600.619,74
2026-09-23T14:10:01+10:00,1790136601.699,74
2026-09-23T14:10:02+10:00,1790136602.902,74
2026-09-23T14:10:03+10:00,1790136603.649,74
2026-09-23T14:10:04+10:00,1790136604.731,74
2026-09-23T14:10:05+10:00,1790136605.675,74
2026-09-23T14:10:06+10:00,1790136606.619,74
2026-09-23T14:10:07+10:00,1790136607.699,74
2026-09-23T14:10:08+10:00,1790136608.659,75
2026-09-23T14:10:09+10:00,1790136609.619,76
2026-09-23T14:10:10+10:00,1790136610.699,76
2026-09-23T14:10:11+10:00,1790136611.658,76
2026-09-23T14:10:12+10:00,1790136612.619,76
2026-09-23T14:10:13+10:00,1790136613.699,76
2026-09-23T14:10:14+10:00,1790136614.658,76
2026-09-23T14:10:15+10:00,1790136615.618,77
2026-09-23T14:10:16+10:00,1790136616.939,77
2026-09-23T14:10:17+10:00,1790136617.660,77
2026-09-23T14:10:18+10:00,1790136618.620,78
2026-09-23T14:10:19+10:00,1790136619.701,78
2026-09-23T14:10:20+10:00,1790136620.661,78
2026-09-23T14:10:21+10:00,1790136621.861,78
2026-09-23T14:10:22+10:00,1790136622.699,78
2026-09-23T14:10:23+10:00,1790136623.659,78
2026-09-23T14:10:24+10:00,1790136624.619,78
2026-09-23T14:10:25+10:00,1790136625.701,78
2026-09-23T14:10:26+10:00,1790136626.660,79
2026-09-23T14:10:27+10:00,1790136627.621,79
2026-09-23T14:10:28+10:00,1790136628.701,79
2026-09-23T14:10:29+10:00,1790136629.659,79
2026-09-23T14:10:30+10:00,1790136630.860,79
2026-09-23T14:10:31+10:00,1790136631.699,76
2026-09-23T14:10:32+10:00,1790136632.661,74
2026-09-23T14:10:33+10:00,1790136633.620,73
2026-09-23T14:10:34+10:00,1790136634.699,72
2026-09-23T14:10:35+10:00,1790136635.899,72
2026-09-23T14:10:36+10:00,1790136636.619,72
2026-09-23T14:10:37+10:00,1790136637.699,72
2026-09-23T14:10:38+10:00,1790136638.659,72
2026-09-23T14:10:39+10:00,1790136639.619,72
2026-09-23T14:10:40+10:00,1790136640.702,72
2026-09-23T14:10:41+10:00,1790136641.661,72
2026-09-23T14:10:42+10:00,1790136642.619,72
2026-09-23T14:10:43+10:00,1790136643.699,72
2026-09-23T14:10:44+10:00,1790136644.659,72
2026-09-23T14:10:45+10:00,1790136645.620,72
2026-09-23T14:10:46+10:00,1790136646.700,73
2026-09-23T14:10:47+10:00,1790136647.659,73
2026-09-23T14:10:48+10:00,1790136648.739,73
2026-09-23T14:10:49+10:00,1790136649.939,73
2026-09-23T14:10:50+10:00,1790136650.660,74
2026-09-23T14:10:51+10:00,1790136651.739,75
2026-09-23T14:10:52+10:00,1790136652.699,75
2026-09-23T14:10:53+10:00,1790136653.659,75
2026-09-23T14:10:54+10:00,1790136654.739,76
2026-09-23T14:10:55+10:00,1790136655.700,76
2026-09-23T14:10:56+10:00,1790136656.659,76
2026-09-23T14:10:57+10:00,1790136657.739,76
2026-09-23T14:10:58+10:00,1790136658.699,76
2026-09-23T14:10:59+10:00,1790136659.659,76
2026-09-23T14:11:00+10:00,1790136660.740,76
2026-09-23T14:11:01+10:00,1790136661.699,78
2026-09-23T14:11:02+10:00,1790136662.660,78
2026-09-23T14:11:03+10:00,1790136663.979,78
2026-09-23T14:11:04+10:00,1790136664.703,78
2026-09-23T14:11:05+10:00,1790136665.659,78
2026-09-23T14:11:06+10:00,1790136666.739,78
2026-09-23T14:11:07+10:00,1790136667.700,78
2026-09-23T14:11:08+10:00,1790136668.899,77
2026-09-23T14:11:09+10:00,1790136669.739,77
2026-09-23T14:11:10+10:00,1790136670.700,77
2026-09-23T14:11:11+10:00,1790136671.661,77
2026-09-23T14:11:12+10:00,1790136672.740,77
2026-09-23T14:11:13+10:00,1790136673.700,77
2026-09-23T14:11:14+10:00,1790136674.659,78
2026-09-23T14:11:15+10:00,1790136675.739,78
2026-09-23T14:11:16+10:00,1790136676.699,78
2026-09-23T14:11:17+10:00,1790136677.661,78
2026-09-23T14:11:18+10:00,1790136678.739,78
2026-09-23T14:11:19+10:00,1790136679.699,78
2026-09-23T14:11:20+10:00,1790136680.660,78
2026-09-23T14:11:21+10:00,1790136681.741,78
2026-09-23T14:11:22+10:00,1790136682.940,78
2026-09-23T14:11:23+10:00,1790136683.660,78
2026-09-23T14:11:24+10:00,1790136684.739,78
2026-09-23T14:11:25+10:00,1790136685.699,78
2026-09-23T14:11:26+10:00,1790136686.660,78
2026-09-23T14:11:27+10:00,1790136687.741,78
2026-09-23T14:11:28+10:00,1790136688.700,78
2026-09-23T14:11:29+10:00,1790136689.661,78
2026-09-23T14:11:30+10:00,1790136690.739,78
2026-09-23T14:11:31+10:00,1790136691.699,78
2026-09-23T14:11:32+10:00,1790136692.659,78
2026-09-23T14:11:33+10:00,1790136693.741,78
2026-09-23T14:11:34+10:00,1790136694.708,78
2026-09-23T14:11:35+10:00,1790136695.660,78
2026-09-23T14:11:36+10:00,1790136696.979,78
2026-09-23T14:11:37+10:00,1790136697.699,78
2026-09-23T14:11:38+10:00,1790136698.659,78
2026-09-23T14:11:39+10:00,1790136699.739,78
2026-09-23T14:11:40+10:00,1790136700.701,78
2026-09-23T14:11:41+10:00,1790136701.900,78
2026-09-23T14:11:42+10:00,1790136702.739,78
2026-09-23T14:11:43+10:00,1790136703.700,78
2026-09-23T14:11:44+10:00,1790136704.659,78
2026-09-23T14:11:45+10:00,1790136705.740,78
2026-09-23T14:11:46+10:00,1790136706.699,78
2026-09-23T14:11:47+10:00,1790136707.659,78
2026-09-23T14:11:48+10:00,1790136708.740,78
2026-09-23T14:11:49+10:00,1790136709.700,78
2026-09-23T14:11:50+10:00,1790136710.901,78
2026-09-23T14:11:51+10:00,1790136711.739,78
2026-09-23T14:11:52+10:00,1790136712.701,78
2026-09-23T14:11:53+10:00,1790136713.780,78
2026-09-23T14:11:54+10:00,1790136714.740,78
2026-09-23T14:11:55+10:00,1790136715.939,78
2026-09-23T14:11:56+10:00,1790136716.780,78
2026-09-23T14:11:57+10:00,1790136717.740,78
2026-09-23T14:11:58+10:00,1790136718.699,78
2026-09-23T14:11:59+10:00,1790136719.780,78
2026-09-23T14:12:00+10:00,1790136720.740,78
2026-09-23T14:12:01+10:00,1790136721.699,78
2026-09-23T14:12:02+10:00,1790136722.779,78
2026-09-23T14:12:03+10:00,1790136723.739,78
2026-09-23T14:12:04+10:00,1790136724.700,78
2026-09-23T14:12:05+10:00,1790136725.779,78
2026-09-23T14:12:06+10:00,1790136726.740,79
2026-09-23T14:12:07+10:00,1790136727.700,79
2026-09-23T14:12:08+10:00,1790136728.780,79
2026-09-23T14:12:09+10:00,1790136729.980,78
2026-09-23T14:12:10+10:00,1790136730.700,79
2026-09-23T14:12:11+10:00,1790136731.780,79
2026-09-23T14:12:12+10:00,1790136732.740,78
2026-09-23T14:12:13+10:00,1790136733.700,78
2026-09-23T14:12:14+10:00,1790136734.780,78
2026-09-23T14:12:15+10:00,1790136735.740,78
2026-09-23T14:12:16+10:00,1790136736.700,78
2026-09-23T14:12:17+10:00,1790136737.780,78
2026-09-23T14:12:18+10:00,1790136738.740,78
2026-09-23T14:12:19+10:00,1790136739.700,79
2026-09-23T14:12:20+10:00,1790136740.780,79
2026-09-23T14:12:21+10:00,1790136741.740,79
2026-09-23T14:12:22+10:00,1790136742.700,79
2026-09-23T14:12:24+10:00,1790136744.019,79
2026-09-23T14:12:24+10:00,1790136744.739,79
2026-09-23T14:12:25+10:00,1790136745.701,80
2026-09-23T14:12:26+10:00,1790136746.779,80
2026-09-23T14:12:27+10:00,1790136747.739,80
2026-09-23T14:12:28+10:00,1790136748.939,79
2026-09-23T14:12:29+10:00,1790136749.779,79
2026-09-23T14:12:30+10:00,1790136750.740,78
2026-09-23T14:12:31+10:00,1790136751.700,77
2026-09-23T14:12:32+10:00,1790136752.780,77
2026-09-23T14:12:33+10:00,1790136753.739,77
2026-09-23T14:12:34+10:00,1790136754.700,77
2026-09-23T14:12:35+10:00,1790136755.779,77
2026-09-23T14:12:36+10:00,1790136756.740,77
2026-09-23T14:12:37+10:00,1790136757.940,77
2026-09-23T14:12:38+10:00,1790136758.780,79
2026-09-23T14:12:39+10:00,1790136759.740,80
2026-09-23T14:12:40+10:00,1790136760.700,80
2026-09-23T14:12:41+10:00,1790136761.780,80
2026-09-23T14:12:42+10:00,1790136762.979,78
2026-09-23T14:12:43+10:00,1790136763.700,78
2026-09-23T14:12:44+10:00,1790136764.780,78
2026-09-23T14:12:45+10:00,1790136765.739,78
2026-09-23T14:12:46+10:00,1790136766.700,78
2026-09-23T14:12:47+10:00,1790136767.780,78
2026-09-23T14:12:48+10:00,1790136768.740,78
2026-09-23T14:12:49+10:00,1790136769.701,78
2026-09-23T14:12:50+10:00,1790136770.779,78
2026-09-23T14:12:51+10:00,1790136771.740,78
2026-09-23T14:12:52+10:00,1790136772.700,78
2026-09-23T14:12:53+10:00,1790136773.780,78
2026-09-23T14:12:54+10:00,1790136774.740,78
2026-09-23T14:12:55+10:00,1790136775.700,78
2026-09-23T14:12:57+10:00,1790136777.020,78
2026-09-23T14:12:57+10:00,1790136777.739,78
2026-09-23T14:12:58+10:00,1790136778.702,78
2026-09-23T14:12:59+10:00,1790136779.780,78
2026-09-23T14:13:00+10:00,1790136780.740,78
2026-09-23T14:13:01+10:00,1790136781.820,78
2026-09-23T14:13:02+10:00,1790136782.780,78
2026-09-23T14:13:03+10:00,1790136783.740,78
2026-09-23T14:13:04+10:00,1790136784.820,78
2026-09-23T14:13:05+10:00,1790136785.780,78
2026-09-23T14:13:06+10:00,1790136786.739,78
2026-09-23T14:13:07+10:00,1790136787.822,78
2026-09-23T14:13:08+10:00,1790136788.779,77
2026-09-23T14:13:09+10:00,1790136789.740,75
2026-09-23T14:13:11+10:00,1790136791.060,75
2026-09-23T14:13:11+10:00,1790136791.782,75
2026-09-23T14:13:12+10:00,1790136792.740,74
2026-09-23T14:13:13+10:00,1790136793.820,74
2026-09-23T14:13:14+10:00,1790136794.780,74
2026-09-23T14:13:15+10:00,1790136795.980,74
2026-09-23T14:13:16+10:00,1790136796.820,76
2026-09-23T14:13:17+10:00,1790136797.781,76
2026-09-23T14:13:18+10:00,1790136798.740,80
2026-09-23T14:13:19+10:00,1790136799.820,80
2026-09-23T14:13:20+10:00,1790136800.780,82
2026-09-23T14:13:21+10:00,1790136801.740,83
2026-09-23T14:13:22+10:00,1790136802.820,83
2026-09-23T14:13:23+10:00,1790136803.780,83
2026-09-23T14:13:24+10:00,1790136804.740,82
2026-09-23T14:13:25+10:00,1790136805.820,81
2026-09-23T14:13:26+10:00,1790136806.780,81
2026-09-23T14:13:27+10:00,1790136807.740,80
2026-09-23T14:13:28+10:00,1790136808.820,80
2026-09-23T14:13:30+10:00,1790136810.020,80
2026-09-23T14:13:30+10:00,1790136810.740,80
2026-09-23T14:13:31+10:00,1790136811.820,80
2026-09-23T14:13:32+10:00,1790136812.780,80
2026-09-23T14:13:33+10:00,1790136813.740,76
2026-09-23T14:13:34+10:00,1790136814.821,73
2026-09-23T14:13:35+10:00,1790136815.780,73
2026-09-23T14:13:36+10:00,1790136816.740,73
2026-09-23T14:13:37+10:00,1790136817.820,69
2026-09-23T14:13:38+10:00,1790136818.780,72
2026-09-23T14:13:39+10:00,1790136819.740,72
2026-09-23T14:13:40+10:00,1790136820.820,72
2026-09-23T14:13:41+10:00,1790136821.781,72
2026-09-23T14:13:42+10:00,1790136822.740,71
2026-09-23T14:13:44+10:00,1790136824.060,71
2026-09-23T14:13:44+10:00,1790136824.780,74
2026-09-23T14:13:45+10:00,1790136825.740,73
2026-09-23T14:13:46+10:00,1790136826.820,79
2026-09-23T14:13:47+10:00,1790136827.780,79
2026-09-23T14:13:48+10:00,1790136828.980,82
2026-09-23T14:13:49+10:00,1790136829.820,81
2026-09-23T14:13:50+10:00,1790136830.780,82
2026-09-23T14:13:51+10:00,1790136831.740,82
2026-09-23T14:13:52+10:00,1790136832.820,82
2026-09-23T14:13:53+10:00,1790136833.780,82
2026-09-23T14:13:54+10:00,1790136834.740,81
2026-09-23T14:13:55+10:00,1790136835.820,80
2026-09-23T14:13:56+10:00,1790136836.780,80
2026-09-23T14:13:57+10:00,1790136837.980,80
2026-09-23T14:13:58+10:00,1790136838.820,80
2026-09-23T14:13:59+10:00,1790136839.780,80
2026-09-23T14:14:00+10:00,1790136840.860,80
2026-09-23T14:14:01+10:00,1790136841.820,81
2026-09-23T14:14:03+10:00,1790136843.020,81
2026-09-23T14:14:03+10:00,1790136843.860,80
2026-09-23T14:14:04+10:00,1790136844.820,80
2026-09-23T14:14:05+10:00,1790136845.780,80
2026-09-23T14:14:06+10:00,1790136846.862,77
2026-09-23T14:14:07+10:00,1790136847.820,77
2026-09-23T14:14:08+10:00,1790136848.780,77
2026-09-23T14:14:09+10:00,1790136849.860,77
2026-09-23T14:14:10+10:00,1790136850.820,77
2026-09-23T14:14:11+10:00,1790136851.781,77
2026-09-23T14:14:12+10:00,1790136852.860,76
2026-09-23T14:14:13+10:00,1790136853.821,76
2026-09-23T14:14:14+10:00,1790136854.780,74
2026-09-23T14:14:15+10:00,1790136855.860,71
2026-09-23T14:14:17+10:00,1790136857.060,71
2026-09-23T14:14:17+10:00,1790136857.780,71
2026-09-23T14:14:18+10:00,1790136858.860,71
2026-09-23T14:14:19+10:00,1790136859.821,71
2026-09-23T14:14:20+10:00,1790136860.783,71
2026-09-23T14:14:21+10:00,1790136861.860,71
2026-09-23T14:14:22+10:00,1790136862.820,72
2026-09-23T14:14:23+10:00,1790136863.780,72
2026-09-23T14:14:24+10:00,1790136864.860,72
2026-09-23T14:14:25+10:00,1790136865.820,72
2026-09-23T14:14:26+10:00,1790136866.781,72
2026-09-23T14:14:27+10:00,1790136867.871,72
2026-09-23T14:14:28+10:00,1790136868.821,72
2026-09-23T14:14:29+10:00,1790136869.781,72
2026-09-23T14:14:31+10:00,1790136871.101,76
2026-09-23T14:14:31+10:00,1790136871.820,77
2026-09-23T14:14:32+10:00,1790136872.781,77
2026-09-23T14:14:33+10:00,1790136873.861,77
2026-09-23T14:14:34+10:00,1790136874.821,77
2026-09-23T14:14:36+10:00,1790136876.021,77
2026-09-23T14:14:36+10:00,1790136876.860,77
2026-09-23T14:14:37+10:00,1790136877.820,77
2026-09-23T14:14:38+10:00,1790136878.780,77
2026-09-23T14:14:39+10:00,1790136879.860,77
2026-09-23T14:14:40+10:00,1790136880.820,77
2026-09-23T14:14:41+10:00,1790136881.780,77
2026-09-23T14:14:42+10:00,1790136882.860,77
2026-09-23T14:14:43+10:00,1790136883.821,77
2026-09-23T14:14:45+10:00,1790136885.030,77
2026-09-23T14:14:45+10:00,1790136885.861,76
2026-09-23T14:14:46+10:00,1790136886.820,76
2026-09-23T14:14:47+10:00,1790136887.780,76
2026-09-23T14:14:48+10:00,1790136888.860,76
2026-09-23T14:14:50+10:00,1790136890.060,76
2026-09-23T14:14:50+10:00,1790136890.780,76
2026-09-23T14:14:51+10:00,1790136891.861,76
2026-09-23T14:14:52+10:00,1790136892.820,78
2026-09-23T14:14:53+10:00,1790136893.780,78
2026-09-23T14:14:54+10:00,1790136894.860,80
2026-09-23T14:14:55+10:00,1790136895.821,80
2026-09-23T14:14:56+10:00,1790136896.780,80
2026-09-23T14:14:57+10:00,1790136897.860,80
2026-09-23T14:14:58+10:00,1790136898.821,80
2026-09-23T14:14:59+10:00,1790136899.781,80
2026-09-23T14:15:00+10:00,1790136900.860,80
2026-09-23T14:15:01+10:00,1790136901.820,80
2026-09-23T14:15:02+10:00,1790136902.780,80
2026-09-23T14:15:04+10:00,1790136904.100,78
2026-09-23T14:15:04+10:00,1790136904.821,76
2026-09-23T14:15:05+10:00,1790136905.900,76
2026-09-23T14:15:06+10:00,1790136906.860,75
2026-09-23T14:15:07+10:00,1790136907.822,75
2026-09-23T14:15:08+10:00,1790136908.901,74
2026-09-23T14:15:09+10:00,1790136909.861,74
2026-09-23T14:15:10+10:00,1790136910.821,74
2026-09-23T14:15:11+10:00,1790136911.901,74
2026-09-23T14:15:12+10:00,1790136912.861,75
2026-09-23T14:15:13+10:00,1790136913.820,75
2026-09-23T14:15:14+10:00,1790136914.900,75
2026-09-23T14:15:15+10:00,1790136915.861,76
2026-09-23T14:15:16+10:00,1790136916.820,76
2026-09-23T14:15:18+10:00,1790136918.141,76
2026-09-23T14:15:18+10:00,1790136918.861,75
2026-09-23T14:15:19+10:00,1790136919.821,75
2026-09-23T14:15:20+10:00,1790136920.901,75
2026-09-23T14:15:21+10:00,1790136921.860,75
2026-09-23T14:15:23+10:00,1790136923.060,75
2026-09-23T14:15:23+10:00,1790136923.900,75
2026-09-23T14:15:24+10:00,1790136924.861,75
2026-09-23T14:15:25+10:00,1790136925.820,75
2026-09-23T14:15:26+10:00,1790136926.900,75
2026-09-23T14:15:27+10:00,1790136927.863,75
2026-09-23T14:15:28+10:00,1790136928.824,75
2026-09-23T14:15:29+10:00,1790136929.902,75
2026-09-23T14:15:30+10:00,1790136930.860,75
2026-09-23T14:15:31+10:00,1790136931.821,75
2026-09-23T14:15:32+10:00,1790136932.900,75
2026-09-23T14:15:33+10:00,1790136933.861,75
2026-09-23T14:15:34+10:00,1790136934.821,75
2026-09-23T14:15:35+10:00,1790136935.900,75
2026-09-23T14:15:37+10:00,1790136937.100,75
2026-09-23T14:15:37+10:00,1790136937.820,75
2026-09-23T14:15:38+10:00,1790136938.900,75
2026-09-23T14:15:39+10:00,1790136939.860,75
2026-09-23T14:15:40+10:00,1790136940.820,75
2026-09-23T14:15:41+10:00,1790136941.901,75
2026-09-23T14:15:42+10:00,1790136942.860,75
2026-09-23T14:15:43+10:00,1790136943.821,73
2026-09-23T14:15:44+10:00,1790136944.900,71
2026-09-23T14:15:45+10:00,1790136945.860,71
2026-09-23T14:15:46+10:00,1790136946.821,71
2026-09-23T14:15:47+10:00,1790136947.900,71
2026-09-23T14:15:48+10:00,1790136948.861,71
2026-09-23T14:15:49+10:00,1790136949.821,71
2026-09-23T14:15:51+10:00,1790136951.140,71
2026-09-23T14:15:51+10:00,1790136951.861,71
2026-09-23T14:15:52+10:00,1790136952.820,71
2026-09-23T14:15:53+10:00,1790136953.900,71
2026-09-23T14:15:54+10:00,1790136954.861,71
2026-09-23T14:15:56+10:00,1790136956.061,71
2026-09-23T14:15:56+10:00,1790136956.901,71
2026-09-23T14:15:57+10:00,1790136957.864,71
2026-09-23T14:15:58+10:00,1790136958.821,71
2026-09-23T14:15:59+10:00,1790136959.901,71
2026-09-23T14:16:00+10:00,1790136960.861,71
2026-09-23T14:16:01+10:00,1790136961.821,71
2026-09-23T14:16:02+10:00,1790136962.900,71
2026-09-23T14:16:03+10:00,1790136963.860,71
2026-09-23T14:16:04+10:00,1790136964.821,71
2026-09-23T14:16:05+10:00,1790136965.901,71
2026-09-23T14:16:06+10:00,1790136966.861,71
2026-09-23T14:16:07+10:00,1790136967.941,71
2026-09-23T14:16:08+10:00,1790136968.901,72
2026-09-23T14:16:10+10:00,1790136970.101,72
2026-09-23T14:16:10+10:00,1790136970.941,72
2026-09-23T14:16:11+10:00,1790136971.901,72
2026-09-23T14:16:12+10:00,1790136972.861,72
2026-09-23T14:16:13+10:00,1790136973.941,72
2026-09-23T14:16:14+10:00,1790136974.901,72
2026-09-23T14:16:15+10:00,1790136975.861,72
2026-09-23T14:16:16+10:00,1790136976.941,72
2026-09-23T14:16:17+10:00,1790136977.901,72
2026-09-23T14:16:18+10:00,1790136978.861,73
2026-09-23T14:16:19+10:00,1790136979.941,73
2026-09-23T14:16:20+10:00,1790136980.901,73
2026-09-23T14:16:21+10:00,1790136981.861,73
2026-09-23T14:16:22+10:00,1790136982.941,74
2026-09-23T14:16:24+10:00,1790136984.141,74
2026-09-23T14:16:24+10:00,1790136984.861,74
2026-09-23T14:16:25+10:00,1790136985.941,74
2026-09-23T14:16:26+10:00,1790136986.901,74
2026-09-23T14:16:27+10:00,1790136987.861,74
2026-09-23T14:16:28+10:00,1790136988.941,75
2026-09-23T14:16:29+10:00,1790136989.901,75
2026-09-23T14:16:30+10:00,1790136990.862,75
2026-09-23T14:16:31+10:00,1790136991.941,75
2026-09-23T14:16:32+10:00,1790136992.901,76
2026-09-23T14:16:33+10:00,1790136993.861,77
2026-09-23T14:16:34+10:00,1790136994.941,77
2026-09-23T14:16:35+10:00,1790136995.904,77
2026-09-23T14:16:36+10:00,1790136996.861,77
2026-09-23T14:16:38+10:00,1790136998.181,77
2026-09-23T14:16:38+10:00,1790136998.901,77
2026-09-23T14:16:39+10:00,1790136999.861,76
2026-09-23T14:16:40+10:00,1790137000.941,74
2026-09-23T14:16:41+10:00,1790137001.901,74
2026-09-23T14:16:43+10:00,1790137003.105,72
2026-09-23T14:16:43+10:00,1790137003.941,72
2026-09-23T14:16:44+10:00,1790137004.901,72
2026-09-23T14:16:45+10:00,1790137005.862,72
2026-09-23T14:16:46+10:00,1790137006.942,72
2026-09-23T14:16:47+10:00,1790137007.902,72
2026-09-23T14:16:48+10:00,1790137008.861,72
2026-09-23T14:16:49+10:00,1790137009.941,73
2026-09-23T14:16:50+10:00,1790137010.901,74
2026-09-23T14:16:52+10:00,1790137012.101,75
2026-09-23T14:16:52+10:00,1790137012.941,76
2026-09-23T14:16:53+10:00,1790137013.901,76
2026-09-23T14:16:54+10:00,1790137014.861,76
2026-09-23T14:16:55+10:00,1790137015.941,76
2026-09-23T14:16:57+10:00,1790137017.142,76
2026-09-23T14:16:57+10:00,1790137017.861,76
2026-09-23T14:16:58+10:00,1790137018.942,76
2026-09-23T14:16:59+10:00,1790137019.903,76
2026-09-23T14:17:00+10:00,1790137020.861,76
2026-09-23T14:17:01+10:00,1790137021.941,76
2026-09-23T14:17:02+10:00,1790137022.901,78
2026-09-23T14:17:03+10:00,1790137023.861,78
2026-09-23T14:17:04+10:00,1790137024.941,77
2026-09-23T14:17:05+10:00,1790137025.901,77
2026-09-23T14:17:06+10:00,1790137026.863,77
2026-09-23T14:17:07+10:00,1790137027.944,79
2026-09-23T14:17:08+10:00,1790137028.904,79
2026-09-23T14:17:09+10:00,1790137029.861,79
2026-09-23T14:17:11+10:00,1790137031.181,79
2026-09-23T14:17:11+10:00,1790137031.901,79
2026-09-23T14:17:12+10:00,1790137032.861,80
2026-09-23T14:17:13+10:00,1790137033.941,80
2026-09-23T14:17:14+10:00,1790137034.903,81
2026-09-23T14:17:15+10:00,1790137035.861,82
2026-09-23T14:17:16+10:00,1790137036.944,82
2026-09-23T14:17:17+10:00,1790137037.901,82
2026-09-23T14:17:18+10:00,1790137038.861,82
2026-09-23T14:17:19+10:00,1790137039.943,82
2026-09-23T14:17:20+10:00,1790137040.902,82
2026-09-23T14:17:21+10:00,1790137041.861,82
2026-09-23T14:17:22+10:00,1790137042.941,81
2026-09-23T14:17:23+10:00,1790137043.902,81
2026-09-23T14:17:25+10:00,1790137045.101,80
2026-09-23T14:17:25+10:00,1790137045.941,80
2026-09-23T14:17:26+10:00,1790137046.901,80
2026-09-23T14:17:27+10:00,1790137047.861,80
2026-09-23T14:17:28+10:00,1790137048.941,77
2026-09-23T14:17:30+10:00,1790137050.141,77
2026-09-23T14:17:30+10:00,1790137050.861,77
2026-09-23T14:17:31+10:00,1790137051.941,77
2026-09-23T14:17:32+10:00,1790137052.902,77
2026-09-23T14:17:33+10:00,1790137053.862,77
2026-09-23T14:17:34+10:00,1790137054.942,77
2026-09-23T14:17:35+10:00,1790137055.902,77
2026-09-23T14:17:36+10:00,1790137056.861,77
2026-09-23T14:17:37+10:00,1790137057.942,77
2026-09-23T14:17:38+10:00,1790137058.902,76
2026-09-23T14:17:39+10:00,1790137059.861,76
2026-09-23T14:17:40+10:00,1790137060.942,76
2026-09-23T14:17:41+10:00,1790137061.902,76
2026-09-23T14:17:42+10:00,1790137062.861,76
2026-09-23T14:17:44+10:00,1790137064.181,76
2026-09-23T14:17:44+10:00,1790137064.902,76
2026-09-23T14:17:45+10:00,1790137065.862,76
2026-09-23T14:17:46+10:00,1790137066.942,76
2026-09-23T14:17:47+10:00,1790137067.902,76
2026-09-23T14:17:48+10:00,1790137068.862,76
2026-09-23T14:17:49+10:00,1790137069.942,76
2026-09-23T14:17:50+10:00,1790137070.902,76
2026-09-23T14:17:51+10:00,1790137071.982,76
2026-09-23T14:17:52+10:00,1790137072.942,76
2026-09-23T14:17:53+10:00,1790137073.902,76
2026-09-23T14:17:54+10:00,1790137074.982,76
2026-09-23T14:17:55+10:00,1790137075.942,76
2026-09-23T14:17:56+10:00,1790137076.902,76
2026-09-23T14:17:58+10:00,1790137078.223,76
2026-09-23T14:17:58+10:00,1790137078.943,76
2026-09-23T14:17:59+10:00,1790137079.903,76
2026-09-23T14:18:00+10:00,1790137080.981,76
2026-09-23T14:18:01+10:00,1790137081.942,76
2026-09-23T14:18:03+10:00,1790137083.142,77
2026-09-23T14:18:03+10:00,1790137083.981,77
2026-09-23T14:18:04+10:00,1790137084.942,77
2026-09-23T14:18:05+10:00,1790137085.901,77
2026-09-23T14:18:06+10:00,1790137086.982,77
2026-09-23T14:18:07+10:00,1790137087.942,77
2026-09-23T14:18:08+10:00,1790137088.902,76
2026-09-23T14:18:09+10:00,1790137089.982,76
2026-09-23T14:18:10+10:00,1790137090.942,76
2026-09-23T14:18:12+10:00,1790137092.142,76
2026-09-23T14:18:12+10:00,1790137092.982,76
2026-09-23T14:18:13+10:00,1790137093.941,76
2026-09-23T14:18:14+10:00,1790137094.902,76
2026-09-23T14:18:15+10:00,1790137095.982,75
2026-09-23T14:18:17+10:00,1790137097.182,75
2026-09-23T14:18:17+10:00,1790137097.902,75
2026-09-23T14:18:18+10:00,1790137098.982,75
2026-09-23T14:18:19+10:00,1790137099.942,75
2026-09-23T14:18:20+10:00,1790137100.901,74
2026-09-23T14:18:21+10:00,1790137101.982,73
2026-09-23T14:18:22+10:00,1790137102.942,73
2026-09-23T14:18:23+10:00,1790137103.902,73
2026-09-23T14:18:24+10:00,1790137104.982,73
2026-09-23T14:18:25+10:00,1790137105.942,73
2026-09-23T14:18:26+10:00,1790137106.902,74
2026-09-23T14:18:27+10:00,1790137107.982,75
2026-09-23T14:18:28+10:00,1790137108.942,75
2026-09-23T14:18:29+10:00,1790137109.903,75
2026-09-23T14:18:31+10:00,1790137111.222,74
2026-09-23T14:18:31+10:00,1790137111.942,74
2026-09-23T14:18:32+10:00,1790137112.903,77
2026-09-23T14:18:33+10:00,1790137113.982,77
2026-09-23T14:18:34+10:00,1790137114.942,78
2026-09-23T14:18:35+10:00,1790137115.902,78
2026-09-23T14:18:36+10:00,1790137116.982,79
2026-09-23T14:18:37+10:00,1790137117.942,80
2026-09-23T14:18:38+10:00,1790137118.902,80
2026-09-23T14:18:39+10:00,1790137119.982,80
2026-09-23T14:18:40+10:00,1790137120.943,80
2026-09-23T14:18:41+10:00,1790137121.902,80
2026-09-23T14:18:42+10:00,1790137122.982,80
2026-09-23T14:18:43+10:00,1790137123.942,80
2026-09-23T14:18:45+10:00,1790137125.143,0
2026-09-23T14:18:45+10:00,1790137125.981,0
2026-09-23T14:18:46+10:00,1790137126.942,0
2026-09-23T14:18:47+10:00,1790137127.902,0
2026-09-23T14:18:48+10:00,1790137128.982,0
2026-09-23T14:18:50+10:00,1790137130.182,0
2026-09-23T14:18:50+10:00,1790137130.902,0
2026-09-23T14:18:51+10:00,1790137131.982,0
2026-09-23T14:18:52+10:00,1790137132.942,0
2026-09-23T14:18:53+10:00,1790137133.902,0
2026-09-23T14:18:54+10:00,1790137134.982,0
2026-09-23T14:18:55+10:00,1790137135.942,0
2026-09-23T14:18:56+10:00,1790137136.902,0
2026-09-23T14:18:57+10:00,1790137137.982,0
2026-09-23T14:18:59+10:00,1790137139.183,0
2026-09-23T14:18:59+10:00,1790137139.903,0
2026-09-23T14:19:00+10:00,1790137140.982,0
2026-09-23T14:19:01+10:00,1790137141.942,0
2026-09-23T14:19:02+10:00,1790137142.902,0
2026-09-23T14:19:04+10:00,1790137144.222,0
2026-09-23T14:19:04+10:00,1790137144.942,0
2026-09-23T14:19:05+10:00,1790137145.903,0
2026-09-23T14:19:06+10:00,1790137146.982,0
2026-09-23T14:19:07+10:00,1790137147.942,0
2026-09-23T14:19:09+10:00,1790137149.022,0
2026-09-23T14:19:09+10:00,1790137149.982,0
2026-09-23T14:19:10+10:00,1790137150.942,0
2026-09-23T14:19:12+10:00,1790137152.022,0
2026-09-23T14:19:12+10:00,1790137152.982,0
2026-09-23T14:19:13+10:00,1790137153.942,0
2026-09-23T14:19:15+10:00,1790137155.022,0
2026-09-23T14:19:15+10:00,1790137155.982,0
2026-09-23T14:19:16+10:00,1790137156.942,0
2026-09-23T14:19:18+10:00,1790137158.264,0
2026-09-23T14:19:18+10:00,1790137158.982,0
2026-09-23T14:19:19+10:00,1790137159.943,0
2026-09-23T14:19:21+10:00,1790137161.024,0
2026-09-23T14:19:21+10:00,1790137161.983,0
2026-09-23T14:19:22+10:00,1790137162.942,0
2026-09-23T14:19:24+10:00,1790137164.022,0
2026-09-23T14:19:24+10:00,1790137164.982,0
2026-09-23T14:19:25+10:00,1790137165.943,0
2026-09-23T14:19:27+10:00,1790137167.022,0
2026-09-23T14:19:27+10:00,1790137167.982,0
2026-09-23T14:19:28+10:00,1790137168.942,0
2026-09-23T14:19:30+10:00,1790137170.023,0
2026-09-23T14:19:30+10:00,1790137170.983,0
2026-09-23T14:19:32+10:00,1790137172.182,0
2026-09-23T14:19:33+10:00,1790137173.022,0
2026-09-23T14:19:33+10:00,1790137173.982,0
2026-09-23T14:19:34+10:00,1790137174.942,0
2026-09-23T14:19:36+10:00,1790137176.022,0
2026-09-23T14:19:37+10:00,1790137177.222,0
2026-09-23T14:19:37+10:00,1790137177.942,0
2026-09-23T14:19:39+10:00,1790137179.022,0
2026-09-23T14:19:39+10:00,1790137179.982,0
2026-09-23T14:19:40+10:00,1790137180.942,0
2026-09-23T14:19:42+10:00,1790137182.023,0
2026-09-23T14:19:42+10:00,1790137182.982,0
2026-09-23T14:19:43+10:00,1790137183.942,0
2026-09-23T14:19:45+10:00,1790137185.022,0
2026-09-23T14:19:45+10:00,1790137185.982,0
2026-09-23T14:19:46+10:00,1790137186.942,0
2026-09-23T14:19:48+10:00,1790137188.022,0
2026-09-23T14:19:48+10:00,1790137188.982,0
2026-09-23T14:19:49+10:00,1790137189.942,0
2026-09-23T14:19:51+10:00,1790137191.262,0
2026-09-23T14:19:51+10:00,1790137191.982,0
2026-09-23T14:19:52+10:00,1790137192.942,0
2026-09-23T14:19:54+10:00,1790137194.022,0
2026-09-23T14:19:54+10:00,1790137194.982,0
2026-09-23T14:19:55+10:00,1790137195.942,0
2026-09-23T14:19:57+10:00,1790137197.022,0
2026-09-23T14:19:57+10:00,1790137197.982,0
2026-09-23T14:19:58+10:00,1790137198.942,0
2026-09-23T14:20:00+10:00,1790137200.022,0
2026-09-23T14:20:00+10:00,1790137200.982,0
2026-09-23T14:20:01+10:00,1790137201.943,0
2026-09-23T14:20:03+10:00,1790137203.022,0
2026-09-23T14:20:03+10:00,1790137203.983,0
2026-09-23T14:20:05+10:00,1790137205.182,0
2026-09-23T14:20:06+10:00,1790137206.022,0
2026-09-23T14:20:06+10:00,1790137206.982,0
2026-09-23T14:20:07+10:00,1790137207.942,0
2026-09-23T14:20:09+10:00,1790137209.022,0
2026-09-23T14:20:10+10:00,1790137210.222,0
2026-09-23T14:20:11+10:00,1790137211.062,0
2026-09-23T14:20:12+10:00,1790137212.022,0
2026-09-23T14:20:12+10:00,1790137212.982,0
2026-09-23T14:20:14+10:00,1790137214.062,0
