timestamp,unix_s,bpm
2026-09-23T13:52:46+10:00,1790135566.939,0
2026-09-23T13:52:46+10:00,1790135566.941,0
2026-09-23T13:52:47+10:00,1790135567.955,0
2026-09-23T13:52:47+10:00,1790135567.955,0
2026-09-23T13:52:48+10:00,1790135568.978,0
2026-09-23T13:52:48+10:00,1790135568.981,0
2026-09-23T13:52:49+10:00,1790135569.935,0
2026-09-23T13:52:49+10:00,1790135569.935,0
2026-09-23T13:52:51+10:00,1790135571.013,0
2026-09-23T13:52:51+10:00,1790135571.013,0
2026-09-23T13:52:52+10:00,1790135572.213,0
2026-09-23T13:52:52+10:00,1790135572.214,0
2026-09-23T13:52:52+10:00,1790135572.933,0
2026-09-23T13:52:52+10:00,1790135572.933,0
2026-09-23T13:52:54+10:00,1790135574.013,0
2026-09-23T13:52:54+10:00,1790135574.013,0
2026-09-23T13:52:54+10:00,1790135574.973,0
2026-09-23T13:52:54+10:00,1790135574.973,0
2026-09-23T13:52:55+10:00,1790135575.933,0
2026-09-23T13:52:55+10:00,1790135575.933,0
2026-09-23T13:52:57+10:00,1790135577.013,0
2026-09-23T13:52:57+10:00,1790135577.013,0
2026-09-23T13:52:57+10:00,1790135577.973,0
2026-09-23T13:52:57+10:00,1790135577.973,0
2026-09-23T13:52:58+10:00,1790135578.933,0
2026-09-23T13:52:58+10:00,1790135578.933,0
2026-09-23T13:53:00+10:00,1790135580.013,0
2026-09-23T13:53:00+10:00,1790135580.013,0
2026-09-23T13:53:00+10:00,1790135580.973,0
2026-09-23T13:53:00+10:00,1790135580.973,0
2026-09-23T13:53:01+10:00,1790135581.933,0
2026-09-23T13:53:01+10:00,1790135581.933,0
2026-09-23T13:53:03+10:00,1790135583.013,0
2026-09-23T13:53:03+10:00,1790135583.013,0
2026-09-23T13:53:03+10:00,1790135583.973,0
2026-09-23T13:53:03+10:00,1790135583.973,0
2026-09-23T13:53:04+10:00,1790135584.933,81
2026-09-23T13:53:04+10:00,1790135584.933,81
2026-09-23T13:53:06+10:00,1790135586.253,81
2026-09-23T13:53:06+10:00,1790135586.253,81
2026-09-23T13:53:06+10:00,1790135586.973,81
2026-09-23T13:53:06+10:00,1790135586.973,81
2026-09-23T13:53:07+10:00,1790135587.933,81
2026-09-23T13:53:07+10:00,1790135587.933,81
2026-09-23T13:53:09+10:00,1790135589.014,81
2026-09-23T13:53:09+10:00,1790135589.014,81
2026-09-23T13:53:09+10:00,1790135589.973,80
2026-09-23T13:53:09+10:00,1790135589.974,80
2026-09-23T13:53:10+10:00,1790135590.934,77
2026-09-23T13:53:10+10:00,1790135590.934,77
2026-09-23T13:53:12+10:00,1790135592.014,77
2026-09-23T13:53:12+10:00,1790135592.975,75
2026-09-23T13:53:12+10:00,1790135592.975,75
2026-09-23T13:53:13+10:00,1790135593.935,76
2026-09-23T13:53:13+10:00,1790135593.935,76
2026-09-23T13:53:15+10:00,1790135595.014,76
2026-09-23T13:53:15+10:00,1790135595.015,76
2026-09-23T13:53:15+10:00,1790135595.974,76
2026-09-23T13:53:15+10:00,1790135595.974,76
2026-09-23T13:53:17+10:00,1790135597.053,78
2026-09-23T13:53:17+10:00,1790135597.053,78
2026-09-23T13:53:18+10:00,1790135598.013,78
2026-09-23T13:53:18+10:00,1790135598.014,78
2026-09-23T13:53:18+10:00,1790135598.974,78
2026-09-23T13:53:18+10:00,1790135598.974,78
2026-09-23T13:53:20+10:00,1790135600.294,78
2026-09-23T13:53:20+10:00,1790135600.294,78
2026-09-23T13:53:21+10:00,1790135601.014,78
2026-09-23T13:53:21+10:00,1790135601.014,78
2026-09-23T13:53:21+10:00,1790135601.974,78
2026-09-23T13:53:21+10:00,1790135601.974,78
2026-09-23T13:53:23+10:00,1790135603.054,78
2026-09-23T13:53:23+10:00,1790135603.054,78
2026-09-23T13:53:24+10:00,1790135604.014,78
2026-09-23T13:53:25+10:00,1790135605.214,78
2026-09-23T13:53:25+10:00,1790135605.214,78
2026-09-23T13:53:26+10:00,1790135606.053,78
2026-09-23T13:53:26+10:00,1790135606.054,78
2026-09-23T13:53:27+10:00,1790135607.014,80
2026-09-23T13:53:27+10:00,1790135607.014,80
2026-09-23T13:53:27+10:00,1790135607.974,80
2026-09-23T13:53:27+10:00,1790135607.974,80
2026-09-23T13:53:29+10:00,1790135609.054,80
2026-09-23T13:53:29+10:00,1790135609.054,80
2026-09-23T13:53:30+10:00,1790135610.014,80
2026-09-23T13:53:30+10:00,1790135610.014,80
2026-09-23T13:53:30+10:00,1790135610.974,77
2026-09-23T13:53:30+10:00,1790135610.974,77
2026-09-23T13:53:32+10:00,1790135612.054,76
2026-09-23T13:53:32+10:00,1790135612.054,76
2026-09-23T13:53:33+10:00,1790135613.014,76
2026-09-23T13:53:33+10:00,1790135613.014,76
2026-09-23T13:53:34+10:00,1790135614.214,76
2026-09-23T13:53:34+10:00,1790135614.214,76
2026-09-23T13:53:35+10:00,1790135615.054,75
2026-09-23T13:53:35+10:00,1790135615.054,75
2026-09-23T13:53:36+10:00,1790135616.014,75
2026-09-23T13:53:36+10:00,1790135616.014,75
2026-09-23T13:53:36+10:00,1790135616.974,75
2026-09-23T13:53:36+10:00,1790135616.974,75
2026-09-23T13:53:38+10:00,1790135618.054,75
2026-09-23T13:53:38+10:00,1790135618.054,75
2026-09-23T13:53:39+10:00,1790135619.254,83
2026-09-23T13:53:39+10:00,1790135619.254,83
2026-09-23T13:53:39+10:00,1790135619.974,84
2026-09-23T13:53:39+10:00,1790135619.974,84
2026-09-23T13:53:41+10:00,1790135621.054,87
2026-09-23T13:53:41+10:00,1790135621.054,87
2026-09-23T13:53:42+10:00,1790135622.014,87
2026-09-23T13:53:42+10:00,1790135622.014,87
2026-09-23T13:53:42+10:00,1790135622.974,90
2026-09-23T13:53:42+10:00,1790135622.974,90
2026-09-23T13:53:44+10:00,1790135624.054,90
2026-09-23T13:53:44+10:00,1790135624.054,90
2026-09-23T13:53:45+10:00,1790135625.014,90
2026-09-23T13:53:45+10:00,1790135625.973,89
2026-09-23T13:53:45+10:00,1790135625.974,89
2026-09-23T13:53:47+10:00,1790135627.053,87
2026-09-23T13:53:47+10:00,1790135627.054,87
2026-09-23T13:53:48+10:00,1790135628.014,87
2026-09-23T13:53:48+10:00,1790135628.014,87
2026-09-23T13:53:48+10:00,1790135628.974,88
2026-09-23T13:53:48+10:00,1790135628.974,88
2026-09-23T13:53:50+10:00,1790135630.054,87
2026-09-23T13:53:50+10:00,1790135630.054,87
2026-09-23T13:53:51+10:00,1790135631.014,87
2026-09-23T13:53:51+10:00,1790135631.974,86
2026-09-23T13:53:51+10:00,1790135631.974,86
2026-09-23T13:53:53+10:00,1790135633.294,87
2026-09-23T13:53:53+10:00,1790135633.294,87
2026-09-23T13:53:54+10:00,1790135634.014,87
2026-09-23T13:53:54+10:00,1790135634.014,87
2026-09-23T13:53:54+10:00,1790135634.974,87
2026-09-23T13:53:54+10:00,1790135634.974,87
2026-09-23T13:53:56+10:00,1790135636.054,87
2026-09-23T13:53:56+10:00,1790135636.054,87
2026-09-23T13:53:57+10:00,1790135637.014,89
2026-09-23T13:53:57+10:00,1790135637.014,89
2026-09-23T13:53:57+10:00,1790135637.974,89
2026-09-23T13:53:57+10:00,1790135637.974,89
2026-09-23T13:53:59+10:00,1790135639.054,89
2026-09-23T13:53:59+10:00,1790135639.054,89
2026-09-23T13:54:00+10:00,1790135640.014,89
2026-09-23T13:54:00+10:00,1790135640.014,89
2026-09-23T13:54:00+10:00,1790135640.974,89
2026-09-23T13:54:00+10:00,1790135640.974,89
2026-09-23T13:54:02+10:00,1790135642.054,89
2026-09-23T13:54:02+10:00,1790135642.054,89
2026-09-23T13:54:03+10:00,1790135643.013,88
2026-09-23T13:54:03+10:00,1790135643.013,88
2026-09-23T13:54:04+10:00,1790135644.093,89
2026-09-23T13:54:04+10:00,1790135644.093,89
2026-09-23T13:54:05+10:00,1790135645.053,88
2026-09-23T13:54:05+10:00,1790135645.053,88
2026-09-23T13:54:06+10:00,1790135646.013,88
2026-09-23T13:54:06+10:00,1790135646.013,88
2026-09-23T13:54:07+10:00,1790135647.333,88
2026-09-23T13:54:07+10:00,1790135647.333,88
2026-09-23T13:54:08+10:00,1790135648.053,89
2026-09-23T13:54:08+10:00,1790135648.053,89
2026-09-23T13:54:09+10:00,1790135649.013,88
2026-09-23T13:54:10+10:00,1790135650.093,81
2026-09-23T13:54:10+10:00,1790135650.093,81
2026-09-23T13:54:11+10:00,1790135651.053,78
2026-09-23T13:54:11+10:00,1790135651.053,78
2026-09-23T13:54:12+10:00,1790135652.253,78
2026-09-23T13:54:12+10:00,1790135652.253,78
2026-09-23T13:54:13+10:00,1790135653.093,78
2026-09-23T13:54:13+10:00,1790135653.093,78
2026-09-23T13:54:14+10:00,1790135654.053,78
2026-09-23T13:54:14+10:00,1790135654.053,78
2026-09-23T13:54:15+10:00,1790135655.013,78
2026-09-23T13:54:15+10:00,1790135655.013,78
2026-09-23T13:54:16+10:00,1790135656.094,78
2026-09-23T13:54:16+10:00,1790135656.094,78
2026-09-23T13:54:17+10:00,1790135657.053,79
2026-09-23T13:54:17+10:00,1790135657.053,79
2026-09-23T13:54:18+10:00,1790135658.013,79
2026-09-23T13:54:18+10:00,1790135658.014,79
2026-09-23T13:54:19+10:00,1790135659.094,79
2026-09-23T13:54:19+10:00,1790135659.094,79
2026-09-23T13:54:20+10:00,1790135660.054,79
2026-09-23T13:54:20+10:00,1790135660.054,79
2026-09-23T13:54:21+10:00,1790135661.013,77
2026-09-23T13:54:21+10:00,1790135661.014,77
2026-09-23T13:54:22+10:00,1790135662.094,77
2026-09-23T13:54:22+10:00,1790135662.094,77
2026-09-23T13:54:23+10:00,1790135663.057,78
2026-09-23T13:54:23+10:00,1790135663.057,78
2026-09-23T13:54:24+10:00,1790135664.014,78
2026-09-23T13:54:25+10:00,1790135665.094,78
2026-09-23T13:54:26+10:00,1790135666.294,78
2026-09-23T13:54:26+10:00,1790135666.294,78
2026-09-23T13:54:27+10:00,1790135667.014,78
2026-09-23T13:54:27+10:00,1790135667.014,78
2026-09-23T13:54:28+10:00,1790135668.094,78
2026-09-23T13:54:28+10:00,1790135668.094,78
2026-09-23T13:54:29+10:00,1790135669.053,81
2026-09-23T13:54:29+10:00,1790135669.054,81
2026-09-23T13:54:30+10:00,1790135670.013,81
2026-09-23T13:54:30+10:00,1790135670.014,81
2026-09-23T13:54:31+10:00,1790135671.093,81
2026-09-23T13:54:31+10:00,1790135671.093,81
2026-09-23T13:54:32+10:00,1790135672.053,81
2026-09-23T13:54:32+10:00,1790135672.053,81
2026-09-23T13:54:33+10:00,1790135673.013,81
2026-09-23T13:54:33+10:00,1790135673.013,81
2026-09-23T13:54:34+10:00,1790135674.213,81
2026-09-23T13:54:34+10:00,1790135674.213,81
2026-09-23T13:54:35+10:00,1790135675.053,81
2026-09-23T13:54:35+10:00,1790135675.053,81
2026-09-23T13:54:36+10:00,1790135676.013,81
2026-09-23T13:54:36+10:00,1790135676.013,81
2026-09-23T13:54:37+10:00,1790135677.093,80
2026-09-23T13:54:37+10:00,1790135677.094,80
2026-09-23T13:54:38+10:00,1790135678.053,79
2026-09-23T13:54:38+10:00,1790135678.053,79
2026-09-23T13:54:39+10:00,1790135679.014,77
2026-09-23T13:54:39+10:00,1790135679.014,77
2026-09-23T13:54:40+10:00,1790135680.333,76
2026-09-23T13:54:40+10:00,1790135680.333,76
2026-09-23T13:54:41+10:00,1790135681.053,75
2026-09-23T13:54:41+10:00,1790135681.053,75
2026-09-23T13:54:42+10:00,1790135682.013,75
2026-09-23T13:54:42+10:00,1790135682.013,75
2026-09-23T13:54:43+10:00,1790135683.093,74
2026-09-23T13:54:43+10:00,1790135683.094,74
2026-09-23T13:54:44+10:00,1790135684.054,74
2026-09-23T13:54:44+10:00,1790135684.054,74
2026-09-23T13:54:45+10:00,1790135685.254,74
2026-09-23T13:54:46+10:00,1790135686.094,74
2026-09-23T13:54:46+10:00,1790135686.095,74
2026-09-23T13:54:47+10:00,1790135687.054,74
2026-09-23T13:54:47+10:00,1790135687.054,74
2026-09-23T13:54:48+10:00,1790135688.014,74
2026-09-23T13:54:48+10:00,1790135688.014,74
2026-09-23T13:54:49+10:00,1790135689.094,74
2026-09-23T13:54:49+10:00,1790135689.095,74
2026-09-23T13:54:50+10:00,1790135690.055,74
2026-09-23T13:54:50+10:00,1790135690.055,74
2026-09-23T13:54:51+10:00,1790135691.015,74
2026-09-23T13:54:51+10:00,1790135691.015,74
2026-09-23T13:54:52+10:00,1790135692.094,74
2026-09-23T13:54:52+10:00,1790135692.094,74
2026-09-23T13:54:53+10:00,1790135693.054,74
2026-09-23T13:54:53+10:00,1790135693.054,74
2026-09-23T13:54:54+10:00,1790135694.254,74
2026-09-23T13:54:54+10:00,1790135694.254,74
2026-09-23T13:54:55+10:00,1790135695.094,74
2026-09-23T13:54:55+10:00,1790135695.095,74
2026-09-23T13:54:56+10:00,1790135696.054,74
2026-09-23T13:54:56+10:00,1790135696.054,74
2026-09-23T13:54:57+10:00,1790135697.014,80
2026-09-23T13:54:57+10:00,1790135697.014,80
2026-09-23T13:54:58+10:00,1790135698.094,82
2026-09-23T13:54:58+10:00,1790135698.094,82
2026-09-23T13:54:59+10:00,1790135699.294,82
2026-09-23T13:54:59+10:00,1790135699.294,82
2026-09-23T13:55:00+10:00,1790135700.017,82
2026-09-23T13:55:00+10:00,1790135700.018,82
2026-09-23T13:55:01+10:00,1790135701.094,81
2026-09-23T13:55:01+10:00,1790135701.094,81
2026-09-23T13:55:02+10:00,1790135702.055,80
2026-09-23T13:55:02+10:00,1790135702.056,80
2026-09-23T13:55:03+10:00,1790135703.014,79
2026-09-23T13:55:03+10:00,1790135703.014,79
2026-09-23T13:55:04+10:00,1790135704.094,79
2026-09-23T13:55:04+10:00,1790135704.094,79
2026-09-23T13:55:05+10:00,1790135705.054,79
2026-09-23T13:55:05+10:00,1790135705.054,79
2026-09-23T13:55:06+10:00,1790135706.014,79
2026-09-23T13:55:06+10:00,1790135706.014,79
2026-09-23T13:55:07+10:00,1790135707.094,79
2026-09-23T13:55:07+10:00,1790135707.094,79
2026-09-23T13:55:08+10:00,1790135708.054,79
2026-09-23T13:55:08+10:00,1790135708.054,79
2026-09-23T13:55:09+10:00,1790135709.014,80
2026-09-23T13:55:09+10:00,1790135709.015,80
2026-09-23T13:55:10+10:00,1790135710.094,81
2026-09-23T13:55:10+10:00,1790135710.095,81
2026-09-23T13:55:11+10:00,1790135711.055,82
2026-09-23T13:55:11+10:00,1790135711.055,82
2026-09-23T13:55:12+10:00,1790135712.014,82
2026-09-23T13:55:13+10:00,1790135713.334,83
2026-09-23T13:55:13+10:00,1790135713.334,83
2026-09-23T13:55:14+10:00,1790135714.053,83
2026-09-23T13:55:14+10:00,1790135714.054,83
2026-09-23T13:55:15+10:00,1790135715.014,83
2026-09-23T13:55:15+10:00,1790135715.014,83
2026-09-23T13:55:16+10:00,1790135716.094,83
2026-09-23T13:55:16+10:00,1790135716.094,83
2026-09-23T13:55:17+10:00,1790135717.053,83
2026-09-23T13:55:17+10:00,1790135717.054,83
2026-09-23T13:55:18+10:00,1790135718.014,83
2026-09-23T13:55:18+10:00,1790135718.014,83
2026-09-23T13:55:19+10:00,1790135719.093,83
2026-09-23T13:55:19+10:00,1790135719.093,83
2026-09-23T13:55:20+10:00,1790135720.053,84
2026-09-23T13:55:20+10:00,1790135720.053,84
2026-09-23T13:55:21+10:00,1790135721.014,84
2026-09-23T13:55:21+10:00,1790135721.014,84
2026-09-23T13:55:22+10:00,1790135722.093,85
2026-09-23T13:55:22+10:00,1790135722.093,85
2026-09-23T13:55:23+10:00,1790135723.054,87
2026-09-23T13:55:23+10:00,1790135723.054,87
2026-09-23T13:55:24+10:00,1790135724.015,87
2026-09-23T13:55:25+10:00,1790135725.093,89
2026-09-23T13:55:25+10:00,1790135725.094,89
2026-09-23T13:55:26+10:00,1790135726.054,90
2026-09-23T13:55:26+10:00,1790135726.054,90
2026-09-23T13:55:27+10:00,1790135727.254,90
2026-09-23T13:55:27+10:00,1790135727.254,90
2026-09-23T13:55:28+10:00,1790135728.094,90
2026-09-23T13:55:28+10:00,1790135728.094,90
2026-09-23T13:55:29+10:00,1790135729.053,90
2026-09-23T13:55:29+10:00,1790135729.053,90
2026-09-23T13:55:30+10:00,1790135730.013,90
2026-09-23T13:55:30+10:00,1790135730.013,90
2026-09-23T13:55:31+10:00,1790135731.094,90
2026-09-23T13:55:32+10:00,1790135732.293,89
2026-09-23T13:55:33+10:00,1790135733.014,88
2026-09-23T13:55:33+10:00,1790135733.014,88
2026-09-23T13:55:34+10:00,1790135734.094,88
2026-09-23T13:55:34+10:00,1790135734.094,88
2026-09-23T13:55:35+10:00,1790135735.054,87
2026-09-23T13:55:35+10:00,1790135735.054,87
2026-09-23T13:55:36+10:00,1790135736.014,87
2026-09-23T13:55:36+10:00,1790135736.014,87
2026-09-23T13:55:37+10:00,1790135737.094,86
2026-09-23T13:55:37+10:00,1790135737.094,86
2026-09-23T13:55:38+10:00,1790135738.053,86
2026-09-23T13:55:38+10:00,1790135738.053,86
2026-09-23T13:55:39+10:00,1790135739.014,86
2026-09-23T13:55:39+10:00,1790135739.014,86
2026-09-23T13:55:40+10:00,1790135740.094,86
2026-09-23T13:55:40+10:00,1790135740.094,86
2026-09-23T13:55:41+10:00,1790135741.294,86
2026-09-23T13:55:41+10:00,1790135741.294,86
2026-09-23T13:55:42+10:00,1790135742.014,86
2026-09-23T13:55:42+10:00,1790135742.014,86
2026-09-23T13:55:43+10:00,1790135743.094,86
2026-09-23T13:55:43+10:00,1790135743.094,86
2026-09-23T13:55:44+10:00,1790135744.054,87
2026-09-23T13:55:44+10:00,1790135744.054,87
2026-09-23T13:55:45+10:00,1790135745.014,88
2026-09-23T13:55:45+10:00,1790135745.014,88
2026-09-23T13:55:46+10:00,1790135746.334,88
2026-09-23T13:55:46+10:00,1790135746.334,88
2026-09-23T13:55:47+10:00,1790135747.054,88
2026-09-23T13:55:47+10:00,1790135747.054,88
2026-09-23T13:55:48+10:00,1790135748.014,88
2026-09-23T13:55:48+10:00,1790135748.014,88
2026-09-23T13:55:49+10:00,1790135749.094,88
2026-09-23T13:55:49+10:00,1790135749.094,88
2026-09-23T13:55:50+10:00,1790135750.054,85
2026-09-23T13:55:50+10:00,1790135750.054,85
2026-09-23T13:55:51+10:00,1790135751.014,84
2026-09-23T13:55:51+10:00,1790135751.014,84
2026-09-23T13:55:52+10:00,1790135752.094,82
2026-09-23T13:55:52+10:00,1790135752.094,82
2026-09-23T13:55:53+10:00,1790135753.054,81
2026-09-23T13:55:54+10:00,1790135754.014,81
2026-09-23T13:55:55+10:00,1790135755.094,80
2026-09-23T13:55:55+10:00,1790135755.094,80
2026-09-23T13:55:56+10:00,1790135756.054,80
2026-09-23T13:55:57+10:00,1790135757.014,80
2026-09-23T13:55:57+10:00,1790135757.014,80
2026-09-23T13:55:58+10:00,1790135758.094,80
2026-09-23T13:55:58+10:00,1790135758.094,80
2026-09-23T13:55:59+10:00,1790135759.054,80
2026-09-23T13:55:59+10:00,1790135759.054,80
2026-09-23T13:56:00+10:00,1790135760.254,80
2026-09-23T13:56:00+10:00,1790135760.254,80
2026-09-23T13:56:01+10:00,1790135761.094,81
2026-09-23T13:56:01+10:00,1790135761.094,81
2026-09-23T13:56:02+10:00,1790135762.054,82
2026-09-23T13:56:02+10:00,1790135762.054,82
2026-09-23T13:56:03+10:00,1790135763.014,83
2026-09-23T13:56:03+10:00,1790135763.014,83
2026-09-23T13:56:04+10:00,1790135764.094,84
2026-09-23T13:56:04+10:00,1790135764.094,84
2026-09-23T13:56:05+10:00,1790135765.054,84
2026-09-23T13:56:05+10:00,1790135765.054,84
2026-09-23T13:56:06+10:00,1790135766.016,84
2026-09-23T13:56:06+10:00,1790135766.017,84
2026-09-23T13:56:07+10:00,1790135767.101,84
2026-09-23T13:56:07+10:00,1790135767.102,84
2026-09-23T13:56:08+10:00,1790135768.054,84
2026-09-23T13:56:08+10:00,1790135768.054,84
2026-09-23T13:56:09+10:00,1790135769.134,85
2026-09-23T13:56:09+10:00,1790135769.134,85
2026-09-23T13:56:10+10:00,1790135770.094,85
2026-09-23T13:56:10+10:00,1790135770.094,85
2026-09-23T13:56:11+10:00,1790135771.054,85
2026-09-23T13:56:11+10:00,1790135771.054,85
2026-09-23T13:56:12+10:00,1790135772.134,85
2026-09-23T13:56:12+10:00,1790135772.134,85
2026-09-23T13:56:13+10:00,1790135773.094,85
2026-09-23T13:56:13+10:00,1790135773.094,85
2026-09-23T13:56:14+10:00,1790135774.294,85
2026-09-23T13:56:14+10:00,1790135774.294,85
2026-09-23T13:56:15+10:00,1790135775.135,84
2026-09-23T13:56:15+10:00,1790135775.135,84
2026-09-23T13:56:16+10:00,1790135776.094,84
2026-09-23T13:56:16+10:00,1790135776.094,84
2026-09-23T13:56:17+10:00,1790135777.054,83
2026-09-23T13:56:17+10:00,1790135777.054,83
2026-09-23T13:56:18+10:00,1790135778.134,83
2026-09-23T13:56:18+10:00,1790135778.134,83
2026-09-23T13:56:19+10:00,1790135779.334,82
2026-09-23T13:56:19+10:00,1790135779.334,82
2026-09-23T13:56:20+10:00,1790135780.054,82
2026-09-23T13:56:21+10:00,1790135781.134,82
2026-09-23T13:56:21+10:00,1790135781.134,82
2026-09-23T13:56:22+10:00,1790135782.094,81
2026-09-23T13:56:22+10:00,1790135782.094,81
2026-09-23T13:56:23+10:00,1790135783.054,80
2026-09-23T13:56:24+10:00,1790135784.134,80
2026-09-23T13:56:25+10:00,1790135785.095,80
2026-09-23T13:56:25+10:00,1790135785.095,80
2026-09-23T13:56:26+10:00,1790135786.054,80
2026-09-23T13:56:26+10:00,1790135786.054,80
2026-09-23T13:56:27+10:00,1790135787.134,80
2026-09-23T13:56:27+10:00,1790135787.134,80
2026-09-23T13:56:28+10:00,1790135788.094,80
2026-09-23T13:56:29+10:00,1790135789.056,80
2026-09-23T13:56:29+10:00,1790135789.056,80
2026-09-23T13:56:30+10:00,1790135790.135,80
2026-09-23T13:56:31+10:00,1790135791.096,80
2026-09-23T13:56:31+10:00,1790135791.096,80
2026-09-23T13:56:32+10:00,1790135792.056,80
2026-09-23T13:56:32+10:00,1790135792.056,80
2026-09-23T13:56:33+10:00,1790135793.375,80
2026-09-23T13:56:34+10:00,1790135794.095,80
2026-09-23T13:56:34+10:00,1790135794.095,80
2026-09-23T13:56:35+10:00,1790135795.056,82
2026-09-23T13:56:35+10:00,1790135795.056,82
2026-09-23T13:56:36+10:00,1790135796.134,82
2026-09-23T13:56:36+10:00,1790135796.135,82
2026-09-23T13:56:37+10:00,1790135797.094,81
2026-09-23T13:56:37+10:00,1790135797.094,81
2026-09-23T13:56:38+10:00,1790135798.054,82
2026-09-23T13:56:38+10:00,1790135798.054,82
2026-09-23T13:56:39+10:00,1790135799.134,83
2026-09-23T13:56:39+10:00,1790135799.134,83
2026-09-23T13:56:40+10:00,1790135800.094,83
2026-09-23T13:56:40+10:00,1790135800.094,83
2026-09-23T13:56:41+10:00,1790135801.054,82
2026-09-23T13:56:41+10:00,1790135801.055,82
2026-09-23T13:56:42+10:00,1790135802.136,82
2026-09-23T13:56:42+10:00,1790135802.136,82
2026-09-23T13:56:43+10:00,1790135803.094,82
2026-09-23T13:56:43+10:00,1790135803.095,82
2026-09-23T13:56:44+10:00,1790135804.054,82
2026-09-23T13:56:44+10:00,1790135804.055,82
2026-09-23T13:56:45+10:00,1790135805.134,84
2026-09-23T13:56:45+10:00,1790135805.134,84
2026-09-23T13:56:46+10:00,1790135806.094,84
2026-09-23T13:56:46+10:00,1790135806.094,84
2026-09-23T13:56:47+10:00,1790135807.295,84
2026-09-23T13:56:47+10:00,1790135807.295,84
2026-09-23T13:56:48+10:00,1790135808.135,84
2026-09-23T13:56:49+10:00,1790135809.094,84
2026-09-23T13:56:49+10:00,1790135809.094,84
2026-09-23T13:56:50+10:00,1790135810.055,84
2026-09-23T13:56:50+10:00,1790135810.055,84
2026-09-23T13:56:51+10:00,1790135811.134,84
2026-09-23T13:56:51+10:00,1790135811.134,84
2026-09-23T13:56:52+10:00,1790135812.336,83
2026-09-23T13:56:52+10:00,1790135812.339,83
2026-09-23T13:56:53+10:00,1790135813.055,83
2026-09-23T13:56:53+10:00,1790135813.056,83
2026-09-23T13:56:54+10:00,1790135814.137,83
2026-09-23T13:56:54+10:00,1790135814.138,83
2026-09-23T13:56:55+10:00,1790135815.095,84
2026-09-23T13:56:55+10:00,1790135815.095,84
2026-09-23T13:56:56+10:00,1790135816.054,84
2026-09-23T13:56:57+10:00,1790135817.134,83
2026-09-23T13:56:57+10:00,1790135817.134,83
2026-09-23T13:56:58+10:00,1790135818.095,83
2026-09-23T13:56:58+10:00,1790135818.095,83
2026-09-23T13:56:59+10:00,1790135819.054,83
2026-09-23T13:56:59+10:00,1790135819.054,83
2026-09-23T13:57:00+10:00,1790135820.135,83
2026-09-23T13:57:00+10:00,1790135820.135,83
2026-09-23T13:57:01+10:00,1790135821.335,84
2026-09-23T13:57:01+10:00,1790135821.335,84
2026-09-23T13:57:02+10:00,1790135822.055,84
2026-09-23T13:57:02+10:00,1790135822.055,84
2026-09-23T13:57:03+10:00,1790135823.135,84
2026-09-23T13:57:04+10:00,1790135824.096,84
2026-09-23T13:57:04+10:00,1790135824.098,84
2026-09-23T13:57:05+10:00,1790135825.056,83
2026-09-23T13:57:05+10:00,1790135825.065,83
2026-09-23T13:57:06+10:00,1790135826.375,83
2026-09-23T13:57:06+10:00,1790135826.375,83
2026-09-23T13:57:07+10:00,1790135827.095,82
2026-09-23T13:57:07+10:00,1790135827.095,82
2026-09-23T13:57:08+10:00,1790135828.055,81
2026-09-23T13:57:08+10:00,1790135828.055,81
2026-09-23T13:57:09+10:00,1790135829.135,81
2026-09-23T13:57:09+10:00,1790135829.135,81
2026-09-23T13:57:10+10:00,1790135830.095,80
2026-09-23T13:57:10+10:00,1790135830.095,80
2026-09-23T13:57:11+10:00,1790135831.055,80
2026-09-23T13:57:11+10:00,1790135831.055,80
2026-09-23T13:57:12+10:00,1790135832.135,80
2026-09-23T13:57:12+10:00,1790135832.135,80
2026-09-23T13:57:13+10:00,1790135833.095,80
2026-09-23T13:57:13+10:00,1790135833.095,80
2026-09-23T13:57:14+10:00,1790135834.054,80
2026-09-23T13:57:14+10:00,1790135834.055,80
2026-09-23T13:57:15+10:00,1790135835.135,80
2026-09-23T13:57:15+10:00,1790135835.136,80
2026-09-23T13:57:16+10:00,1790135836.095,80
2026-09-23T13:57:16+10:00,1790135836.096,80
2026-09-23T13:57:17+10:00,1790135837.055,80
2026-09-23T13:57:17+10:00,1790135837.055,80
2026-09-23T13:57:18+10:00,1790135838.135,80
2026-09-23T13:57:18+10:00,1790135838.135,80
2026-09-23T13:57:19+10:00,1790135839.096,80
2026-09-23T13:57:19+10:00,1790135839.097,80
2026-09-23T13:57:20+10:00,1790135840.297,79
2026-09-23T13:57:20+10:00,1790135840.299,79
2026-09-23T13:57:21+10:00,1790135841.137,77
2026-09-23T13:57:21+10:00,1790135841.137,77
2026-09-23T13:57:22+10:00,1790135842.095,77
2026-09-23T13:57:23+10:00,1790135843.054,76
2026-09-23T13:57:23+10:00,1790135843.055,76
2026-09-23T13:57:24+10:00,1790135844.135,76
2026-09-23T13:57:24+10:00,1790135844.135,76
2026-09-23T13:57:25+10:00,1790135845.095,76
2026-09-23T13:57:25+10:00,1790135845.095,76
2026-09-23T13:57:26+10:00,1790135846.056,76
2026-09-23T13:57:26+10:00,1790135846.057,76
2026-09-23T13:57:27+10:00,1790135847.137,76
2026-09-23T13:57:27+10:00,1790135847.139,76
2026-09-23T13:57:28+10:00,1790135848.097,76
2026-09-23T13:57:28+10:00,1790135848.098,76
2026-09-23T13:57:29+10:00,1790135849.055,78
2026-09-23T13:57:29+10:00,1790135849.055,78
2026-09-23T13:57:30+10:00,1790135850.135,78
2026-09-23T13:57:30+10:00,1790135850.135,78
2026-09-23T13:57:31+10:00,1790135851.095,78
2026-09-23T13:57:31+10:00,1790135851.095,78
2026-09-23T13:57:32+10:00,1790135852.055,79
2026-09-23T13:57:33+10:00,1790135853.135,79
2026-09-23T13:57:34+10:00,1790135854.336,79
2026-09-23T13:57:34+10:00,1790135854.337,79
2026-09-23T13:57:35+10:00,1790135855.055,79
2026-09-23T13:57:36+10:00,1790135856.135,79
2026-09-23T13:57:36+10:00,1790135856.135,79
2026-09-23T13:57:37+10:00,1790135857.094,79
2026-09-23T13:57:37+10:00,1790135857.094,79
2026-09-23T13:57:38+10:00,1790135858.054,79
2026-09-23T13:57:38+10:00,1790135858.054,79
2026-09-23T13:57:39+10:00,1790135859.375,79
2026-09-23T13:57:39+10:00,1790135859.375,79
2026-09-23T13:57:40+10:00,1790135860.097,79
2026-09-23T13:57:40+10:00,1790135860.097,79
2026-09-23T13:57:41+10:00,1790135861.054,79
2026-09-23T13:57:41+10:00,1790135861.054,79
2026-09-23T13:57:42+10:00,1790135862.135,79
2026-09-23T13:57:42+10:00,1790135862.135,79
2026-09-23T13:57:43+10:00,1790135863.094,79
2026-09-23T13:57:43+10:00,1790135863.094,79
2026-09-23T13:57:44+10:00,1790135864.055,79
2026-09-23T13:57:44+10:00,1790135864.055,79
2026-09-23T13:57:45+10:00,1790135865.134,80
2026-09-23T13:57:45+10:00,1790135865.134,80
2026-09-23T13:57:46+10:00,1790135866.094,80
2026-09-23T13:57:46+10:00,1790135866.095,80
2026-09-23T13:57:47+10:00,1790135867.055,80
2026-09-23T13:57:47+10:00,1790135867.055,80
2026-09-23T13:57:48+10:00,1790135868.134,80
2026-09-23T13:57:48+10:00,1790135868.134,80
2026-09-23T13:57:49+10:00,1790135869.094,80
2026-09-23T13:57:49+10:00,1790135869.095,80
2026-09-23T13:57:50+10:00,1790135870.054,80
2026-09-23T13:57:50+10:00,1790135870.054,80
2026-09-23T13:57:51+10:00,1790135871.134,80
2026-09-23T13:57:51+10:00,1790135871.134,80
2026-09-23T13:57:52+10:00,1790135872.094,79
2026-09-23T13:57:52+10:00,1790135872.095,79
2026-09-23T13:57:53+10:00,1790135873.054,78
2026-09-23T13:57:53+10:00,1790135873.054,78
2026-09-23T13:57:54+10:00,1790135874.135,78
2026-09-23T13:57:54+10:00,1790135874.135,78
2026-09-23T13:57:55+10:00,1790135875.094,75
2026-09-23T13:57:55+10:00,1790135875.094,75
2026-09-23T13:57:56+10:00,1790135876.175,76
2026-09-23T13:57:56+10:00,1790135876.175,76
2026-09-23T13:57:57+10:00,1790135877.134,75
2026-09-23T13:57:57+10:00,1790135877.134,75
2026-09-23T13:57:58+10:00,1790135878.094,74
2026-09-23T13:57:58+10:00,1790135878.095,74
2026-09-23T13:57:59+10:00,1790135879.174,74
2026-09-23T13:57:59+10:00,1790135879.174,74
2026-09-23T13:58:00+10:00,1790135880.134,74
2026-09-23T13:58:00+10:00,1790135880.134,74
2026-09-23T13:58:01+10:00,1790135881.095,74
2026-09-23T13:58:01+10:00,1790135881.095,74
2026-09-23T13:58:02+10:00,1790135882.175,74
2026-09-23T13:58:02+10:00,1790135882.175,74
2026-09-23T13:58:03+10:00,1790135883.134,74
2026-09-23T13:58:03+10:00,1790135883.135,74
2026-09-23T13:58:04+10:00,1790135884.095,74
2026-09-23T13:58:04+10:00,1790135884.095,74
2026-09-23T13:58:05+10:00,1790135885.175,74
2026-09-23T13:58:05+10:00,1790135885.175,74
2026-09-23T13:58:06+10:00,1790135886.134,74
2026-09-23T13:58:06+10:00,1790135886.134,74
2026-09-23T13:58:07+10:00,1790135887.335,74
2026-09-23T13:58:07+10:00,1790135887.335,74
2026-09-23T13:58:08+10:00,1790135888.175,74
2026-09-23T13:58:08+10:00,1790135888.175,74
2026-09-23T13:58:09+10:00,1790135889.134,74
2026-09-23T13:58:09+10:00,1790135889.135,74
2026-09-23T13:58:10+10:00,1790135890.095,74
2026-09-23T13:58:10+10:00,1790135890.095,74
2026-09-23T13:58:11+10:00,1790135891.175,74
2026-09-23T13:58:11+10:00,1790135891.175,74
2026-09-23T13:58:12+10:00,1790135892.135,74
2026-09-23T13:58:12+10:00,1790135892.135,74
2026-09-23T13:58:13+10:00,1790135893.094,73
2026-09-23T13:58:13+10:00,1790135893.095,73
2026-09-23T13:58:14+10:00,1790135894.175,73
2026-09-23T13:58:14+10:00,1790135894.175,73
2026-09-23T13:58:15+10:00,1790135895.135,73
2026-09-23T13:58:15+10:00,1790135895.135,73
2026-09-23T13:58:16+10:00,1790135896.095,74
2026-09-23T13:58:16+10:00,1790135896.095,74
2026-09-23T13:58:17+10:00,1790135897.174,74
2026-09-23T13:58:17+10:00,1790135897.175,74
2026-09-23T13:58:18+10:00,1790135898.134,74
2026-09-23T13:58:18+10:00,1790135898.135,74
2026-09-23T13:58:19+10:00,1790135899.094,74
2026-09-23T13:58:19+10:00,1790135899.095,74
2026-09-23T13:58:20+10:00,1790135900.175,74
2026-09-23T13:58:21+10:00,1790135901.374,74
2026-09-23T13:58:22+10:00,1790135902.095,74
2026-09-23T13:58:22+10:00,1790135902.095,74
2026-09-23T13:58:23+10:00,1790135903.175,74
2026-09-23T13:58:24+10:00,1790135904.135,74
2026-09-23T13:58:24+10:00,1790135904.135,74
2026-09-23T13:58:25+10:00,1790135905.095,74
2026-09-23T13:58:25+10:00,1790135905.095,74
2026-09-23T13:58:26+10:00,1790135906.415,74
2026-09-23T13:58:26+10:00,1790135906.415,74
2026-09-23T13:58:27+10:00,1790135907.134,74
2026-09-23T13:58:27+10:00,1790135907.135,74
2026-09-23T13:58:28+10:00,1790135908.095,74
2026-09-23T13:58:28+10:00,1790135908.095,74
2026-09-23T13:58:29+10:00,1790135909.175,74
2026-09-23T13:58:29+10:00,1790135909.175,74
2026-09-23T13:58:30+10:00,1790135910.135,74
2026-09-23T13:58:30+10:00,1790135910.135,74
2026-09-23T13:58:31+10:00,1790135911.095,76
2026-09-23T13:58:32+10:00,1790135912.175,78
2026-09-23T13:58:32+10:00,1790135912.175,78
2026-09-23T13:58:33+10:00,1790135913.135,78
2026-09-23T13:58:33+10:00,1790135913.135,78
2026-09-23T13:58:34+10:00,1790135914.095,78
2026-09-23T13:58:34+10:00,1790135914.095,78
2026-09-23T13:58:35+10:00,1790135915.175,78
2026-09-23T13:58:35+10:00,1790135915.175,78
2026-09-23T13:58:36+10:00,1790135916.135,78
2026-09-23T13:58:36+10:00,1790135916.135,78
2026-09-23T13:58:37+10:00,1790135917.094,78
2026-09-23T13:58:37+10:00,1790135917.095,78
2026-09-23T13:58:38+10:00,1790135918.175,79
2026-09-23T13:58:38+10:00,1790135918.175,79
2026-09-23T13:58:39+10:00,1790135919.135,79
2026-09-23T13:58:40+10:00,1790135920.335,79
2026-09-23T13:58:40+10:00,1790135920.335,79
2026-09-23T13:58:41+10:00,1790135921.175,79
2026-09-23T13:58:41+10:00,1790135921.175,79
2026-09-23T13:58:42+10:00,1790135922.135,79
2026-09-23T13:58:42+10:00,1790135922.135,79
2026-09-23T13:58:43+10:00,1790135923.095,79
2026-09-23T13:58:43+10:00,1790135923.095,79
2026-09-23T13:58:44+10:00,1790135924.175,81
2026-09-23T13:58:44+10:00,1790135924.175,81
2026-09-23T13:58:45+10:00,1790135925.135,85
2026-09-23T13:58:46+10:00,1790135926.095,86
2026-09-23T13:58:46+10:00,1790135926.095,86
2026-09-23T13:58:47+10:00,1790135927.175,86
2026-09-23T13:58:47+10:00,1790135927.175,86
2026-09-23T13:58:48+10:00,1790135928.135,86
2026-09-23T13:58:48+10:00,1790135928.135,86
2026-09-23T13:58:49+10:00,1790135929.095,86
2026-09-23T13:58:49+10:00,1790135929.095,86
2026-09-23T13:58:50+10:00,1790135930.175,87
2026-09-23T13:58:50+10:00,1790135930.175,87
2026-09-23T13:58:51+10:00,1790135931.135,88
2026-09-23T13:58:51+10:00,1790135931.135,88
2026-09-23T13:58:52+10:00,1790135932.095,89
2026-09-23T13:58:52+10:00,1790135932.095,89
2026-09-23T13:58:53+10:00,1790135933.175,90
2026-09-23T13:58:53+10:00,1790135933.175,90
2026-09-23T13:58:54+10:00,1790135934.375,90
2026-09-23T13:58:54+10:00,1790135934.375,90
2026-09-23T13:58:55+10:00,1790135935.095,90
2026-09-23T13:58:55+10:00,1790135935.095,90
2026-09-23T13:58:56+10:00,1790135936.175,90
2026-09-23T13:58:56+10:00,1790135936.175,90
2026-09-23T13:58:57+10:00,1790135937.135,87
2026-09-23T13:58:58+10:00,1790135938.095,86
2026-09-23T13:58:58+10:00,1790135938.095,86
2026-09-23T13:58:59+10:00,1790135939.415,86
2026-09-23T13:58:59+10:00,1790135939.415,86
2026-09-23T13:59:00+10:00,1790135940.135,86
2026-09-23T13:59:00+10:00,1790135940.135,86
2026-09-23T13:59:01+10:00,1790135941.095,86
2026-09-23T13:59:01+10:00,1790135941.095,86
2026-09-23T13:59:02+10:00,1790135942.175,86
2026-09-23T13:59:02+10:00,1790135942.175,86
2026-09-23T13:59:03+10:00,1790135943.135,86
2026-09-23T13:59:03+10:00,1790135943.135,86
2026-09-23T13:59:04+10:00,1790135944.095,86
2026-09-23T13:59:04+10:00,1790135944.095,86
2026-09-23T13:59:05+10:00,1790135945.175,86
2026-09-23T13:59:05+10:00,1790135945.175,86
2026-09-23T13:59:06+10:00,1790135946.135,86
2026-09-23T13:59:06+10:00,1790135946.135,86
2026-09-23T13:59:07+10:00,1790135947.215,86
2026-09-23T13:59:07+10:00,1790135947.215,86
2026-09-23T13:59:08+10:00,1790135948.415,86
2026-09-23T13:59:08+10:00,1790135948.415,86
2026-09-23T13:59:09+10:00,1790135949.135,86
2026-09-23T13:59:09+10:00,1790135949.135,86
2026-09-23T13:59:10+10:00,1790135950.215,85
2026-09-23T13:59:10+10:00,1790135950.215,85
2026-09-23T13:59:11+10:00,1790135951.175,84
2026-09-23T13:59:11+10:00,1790135951.175,84
2026-09-23T13:59:12+10:00,1790135952.135,84
2026-09-23T13:59:12+10:00,1790135952.135,84
2026-09-23T13:59:13+10:00,1790135953.095,83
2026-09-23T13:59:13+10:00,1790135953.095,83
2026-09-23T13:59:14+10:00,1790135954.175,82
2026-09-23T13:59:14+10:00,1790135954.175,82
2026-09-23T13:59:15+10:00,1790135955.135,80
2026-09-23T13:59:15+10:00,1790135955.135,80
2026-09-23T13:59:16+10:00,1790135956.215,81
2026-09-23T13:59:16+10:00,1790135956.215,81
2026-09-23T13:59:17+10:00,1790135957.175,81
2026-09-23T13:59:17+10:00,1790135957.175,81
2026-09-23T13:59:18+10:00,1790135958.375,81
2026-09-23T13:59:19+10:00,1790135959.215,81
2026-09-23T13:59:19+10:00,1790135959.215,81
2026-09-23T13:59:20+10:00,1790135960.295,81
2026-09-23T13:59:20+10:00,1790135960.295,81
2026-09-23T13:59:21+10:00,1790135961.375,81
2026-09-23T13:59:21+10:00,1790135961.375,81
2026-09-23T13:59:22+10:00,1790135962.335,82
2026-09-23T13:59:22+10:00,1790135962.335,82
2026-09-23T13:59:23+10:00,1790135963.295,82
2026-09-23T13:59:23+10:00,1790135963.295,82
2026-09-23T13:59:24+10:00,1790135964.375,82
2026-09-23T13:59:24+10:00,1790135964.375,82
2026-09-23T13:59:25+10:00,1790135965.335,83
2026-09-23T13:59:25+10:00,1790135965.335,83
2026-09-23T13:59:26+10:00,1790135966.295,82
2026-09-23T13:59:27+10:00,1790135967.375,82
2026-09-23T13:59:27+10:00,1790135967.375,82
2026-09-23T13:59:28+10:00,1790135968.336,81
2026-09-23T13:59:28+10:00,1790135968.336,81
2026-09-23T13:59:29+10:00,1790135969.295,81
2026-09-23T13:59:29+10:00,1790135969.295,81
2026-09-23T13:59:30+10:00,1790135970.375,83
2026-09-23T13:59:30+10:00,1790135970.375,83
2026-09-23T13:59:31+10:00,1790135971.335,83
2026-09-23T13:59:31+10:00,1790135971.335,83
2026-09-23T13:59:32+10:00,1790135972.295,83
2026-09-23T13:59:33+10:00,1790135973.375,83
2026-09-23T13:59:33+10:00,1790135973.375,83
2026-09-23T13:59:34+10:00,1790135974.335,83
2026-09-23T13:59:34+10:00,1790135974.335,83
2026-09-23T13:59:35+10:00,1790135975.295,83
2026-09-23T13:59:35+10:00,1790135975.295,83
2026-09-23T13:59:36+10:00,1790135976.375,82
2026-09-23T13:59:36+10:00,1790135976.375,82
2026-09-23T13:59:37+10:00,1790135977.335,81
2026-09-23T13:59:37+10:00,1790135977.335,81
2026-09-23T13:59:38+10:00,1790135978.295,80
2026-09-23T13:59:39+10:00,1790135979.375,80
2026-09-23T13:59:39+10:00,1790135979.375,80
2026-09-23T13:59:40+10:00,1790135980.335,79
2026-09-23T13:59:40+10:00,1790135980.335,79
2026-09-23T13:59:41+10:00,1790135981.535,79
2026-09-23T13:59:41+10:00,1790135981.535,79
2026-09-23T13:59:42+10:00,1790135982.375,78
2026-09-23T13:59:42+10:00,1790135982.375,78
2026-09-23T13:59:43+10:00,1790135983.335,76
2026-09-23T13:59:43+10:00,1790135983.335,76
2026-09-23T13:59:44+10:00,1790135984.295,76
2026-09-23T13:59:44+10:00,1790135984.295,76
2026-09-23T13:59:45+10:00,1790135985.375,76
2026-09-23T13:59:45+10:00,1790135985.375,76
2026-09-23T13:59:46+10:00,1790135986.335,76
2026-09-23T13:59:46+10:00,1790135986.336,76
2026-09-23T13:59:47+10:00,1790135987.295,76
2026-09-23T13:59:47+10:00,1790135987.295,76
2026-09-23T13:59:48+10:00,1790135988.375,74
2026-09-23T13:59:48+10:00,1790135988.375,74
2026-09-23T13:59:49+10:00,1790135989.335,76
2026-09-23T13:59:49+10:00,1790135989.335,76
2026-09-23T13:59:50+10:00,1790135990.297,75
2026-09-23T13:59:50+10:00,1790135990.298,75
2026-09-23T13:59:51+10:00,1790135991.375,75
2026-09-23T13:59:51+10:00,1790135991.375,75
2026-09-23T13:59:52+10:00,1790135992.335,75
2026-09-23T13:59:52+10:00,1790135992.335,75
2026-09-23T13:59:53+10:00,1790135993.296,75
2026-09-23T13:59:53+10:00,1790135993.296,75
2026-09-23T13:59:54+10:00,1790135994.376,75
2026-09-23T13:59:54+10:00,1790135994.376,75
2026-09-23T13:59:55+10:00,1790135995.575,75
2026-09-23T13:59:55+10:00,1790135995.575,75
2026-09-23T13:59:56+10:00,1790135996.296,78
2026-09-23T13:59:56+10:00,1790135996.296,78
2026-09-23T13:59:57+10:00,1790135997.375,79
2026-09-23T13:59:57+10:00,1790135997.376,79
2026-09-23T13:59:58+10:00,1790135998.335,81
2026-09-23T13:59:58+10:00,1790135998.335,81
2026-09-23T13:59:59+10:00,1790135999.295,81
2026-09-23T13:59:59+10:00,1790135999.295,81
2026-09-23T14:00:00+10:00,1790136000.375,82
2026-09-23T14:00:00+10:00,1790136000.375,82
2026-09-23T14:00:01+10:00,1790136001.335,82
2026-09-23T14:00:01+10:00,1790136001.335,82
2026-09-23T14:00:02+10:00,1790136002.535,82
2026-09-23T14:00:02+10:00,1790136002.535,82
2026-09-23T14:00:03+10:00,1790136003.375,83
2026-09-23T14:00:03+10:00,1790136003.375,83
2026-09-23T14:00:04+10:00,1790136004.335,83
2026-09-23T14:00:04+10:00,1790136004.335,83
2026-09-23T14:00:05+10:00,1790136005.415,83
2026-09-23T14:00:05+10:00,1790136005.415,83
2026-09-23T14:00:06+10:00,1790136006.375,83
2026-09-23T14:00:07+10:00,1790136007.335,83
2026-09-23T14:00:07+10:00,1790136007.336,83
2026-09-23T14:00:08+10:00,1790136008.415,83
2026-09-23T14:00:09+10:00,1790136009.375,83
2026-09-23T14:00:09+10:00,1790136009.375,83
2026-09-23T14:00:10+10:00,1790136010.335,83
2026-09-23T14:00:10+10:00,1790136010.335,83
2026-09-23T14:00:11+10:00,1790136011.415,83
2026-09-23T14:00:11+10:00,1790136011.415,83
2026-09-23T14:00:12+10:00,1790136012.375,82
2026-09-23T14:00:13+10:00,1790136013.335,82
2026-09-23T14:00:13+10:00,1790136013.335,82
2026-09-23T14:00:14+10:00,1790136014.415,82
2026-09-23T14:00:14+10:00,1790136014.416,82
2026-09-23T14:00:15+10:00,1790136015.375,82
2026-09-23T14:00:15+10:00,1790136015.375,82
2026-09-23T14:00:16+10:00,1790136016.335,82
2026-09-23T14:00:16+10:00,1790136016.335,82
2026-09-23T14:00:17+10:00,1790136017.415,82
2026-09-23T14:00:17+10:00,1790136017.415,82
2026-09-23T14:00:18+10:00,1790136018.375,82
2026-09-23T14:00:18+10:00,1790136018.376,82
2026-09-23T14:00:19+10:00,1790136019.335,82
2026-09-23T14:00:19+10:00,1790136019.335,82
2026-09-23T14:00:20+10:00,1790136020.415,81
2026-09-23T14:00:20+10:00,1790136020.415,81
2026-09-23T14:00:21+10:00,1790136021.375,80
2026-09-23T14:00:21+10:00,1790136021.375,80
2026-09-23T14:00:22+10:00,1790136022.335,79
2026-09-23T14:00:22+10:00,1790136022.335,79
2026-09-23T14:00:23+10:00,1790136023.415,79
2026-09-23T14:00:23+10:00,1790136023.415,79
2026-09-23T14:00:24+10:00,1790136024.375,79
2026-09-23T14:00:24+10:00,1790136024.375,79
2026-09-23T14:00:25+10:00,1790136025.335,78
2026-09-23T14:00:25+10:00,1790136025.336,78
2026-09-23T14:00:26+10:00,1790136026.415,77
2026-09-23T14:00:26+10:00,1790136026.416,77
2026-09-23T14:00:27+10:00,1790136027.375,78
2026-09-23T14:00:27+10:00,1790136027.376,78
2026-09-23T14:00:28+10:00,1790136028.576,78
2026-09-23T14:00:28+10:00,1790136028.576,78
2026-09-23T14:00:29+10:00,1790136029.415,78
2026-09-23T14:00:29+10:00,1790136029.415,78
2026-09-23T14:00:30+10:00,1790136030.375,78
2026-09-23T14:00:30+10:00,1790136030.375,78
2026-09-23T14:00:31+10:00,1790136031.336,77
2026-09-23T14:00:31+10:00,1790136031.336,77
2026-09-23T14:00:32+10:00,1790136032.416,77
2026-09-23T14:00:32+10:00,1790136032.416,77
2026-09-23T14:00:33+10:00,1790136033.376,77
2026-09-23T14:00:33+10:00,1790136033.376,77
2026-09-23T14:00:34+10:00,1790136034.335,79
2026-09-23T14:00:34+10:00,1790136034.336,79
2026-09-23T14:00:35+10:00,1790136035.415,79
2026-09-23T14:00:35+10:00,1790136035.416,79
2026-09-23T14:00:36+10:00,1790136036.375,81
2026-09-23T14:00:36+10:00,1790136036.376,81
2026-09-23T14:00:37+10:00,1790136037.335,81
2026-09-23T14:00:37+10:00,1790136037.335,81
2026-09-23T14:00:38+10:00,1790136038.415,81
2026-09-23T14:00:38+10:00,1790136038.415,81
2026-09-23T14:00:39+10:00,1790136039.375,81
2026-09-23T14:00:39+10:00,1790136039.375,81
2026-09-23T14:00:40+10:00,1790136040.336,81
2026-09-23T14:00:40+10:00,1790136040.336,81
2026-09-23T14:00:41+10:00,1790136041.416,81
2026-09-23T14:00:41+10:00,1790136041.416,81
2026-09-23T14:00:42+10:00,1790136042.375,81
2026-09-23T14:00:42+10:00,1790136042.376,81
2026-09-23T14:00:43+10:00,1790136043.335,81
2026-09-23T14:00:43+10:00,1790136043.335,81
2026-09-23T14:00:44+10:00,1790136044.415,81
2026-09-23T14:00:44+10:00,1790136044.415,81
2026-09-23T14:00:45+10:00,1790136045.376,80
2026-09-23T14:00:45+10:00,1790136045.376,80
2026-09-23T14:00:46+10:00,1790136046.336,80
2026-09-23T14:00:46+10:00,1790136046.336,80
2026-09-23T14:00:47+10:00,1790136047.415,80
2026-09-23T14:00:47+10:00,1790136047.416,80
2026-09-23T14:00:48+10:00,1790136048.376,80
2026-09-23T14:00:48+10:00,1790136048.376,80
2026-09-23T14:00:49+10:00,1790136049.336,78
2026-09-23T14:00:49+10:00,1790136049.336,78
2026-09-23T14:00:50+10:00,1790136050.416,79
2026-09-23T14:00:50+10:00,1790136050.416,79
2026-09-23T14:00:51+10:00,1790136051.376,79
2026-09-23T14:00:52+10:00,1790136052.335,79
2026-09-23T14:00:52+10:00,1790136052.336,79
2026-09-23T14:00:53+10:00,1790136053.415,79
2026-09-23T14:00:53+10:00,1790136053.415,79
2026-09-23T14:00:54+10:00,1790136054.375,78
2026-09-23T14:00:54+10:00,1790136054.376,78
2026-09-23T14:00:55+10:00,1790136055.455,78
2026-09-23T14:00:55+10:00,1790136055.456,78
2026-09-23T14:00:56+10:00,1790136056.415,78
2026-09-23T14:00:56+10:00,1790136056.416,78
2026-09-23T14:00:57+10:00,1790136057.376,78
2026-09-23T14:00:57+10:00,1790136057.376,78
2026-09-23T14:00:58+10:00,1790136058.455,78
2026-09-23T14:00:58+10:00,1790136058.455,78
2026-09-23T14:00:59+10:00,1790136059.415,78
2026-09-23T14:00:59+10:00,1790136059.415,78
2026-09-23T14:01:00+10:00,1790136060.375,79
2026-09-23T14:01:00+10:00,1790136060.376,79
2026-09-23T14:01:01+10:00,1790136061.456,81
2026-09-23T14:01:01+10:00,1790136061.456,81
2026-09-23T14:01:02+10:00,1790136062.416,82
2026-09-23T14:01:02+10:00,1790136062.416,82
2026-09-23T14:01:03+10:00,1790136063.376,82
2026-09-23T14:01:03+10:00,1790136063.376,82
2026-09-23T14:01:04+10:00,1790136064.456,81
2026-09-23T14:01:04+10:00,1790136064.456,81
2026-09-23T14:01:05+10:00,1790136065.415,81
2026-09-23T14:01:05+10:00,1790136065.416,81
2026-09-23T14:01:06+10:00,1790136066.375,83
2026-09-23T14:01:06+10:00,1790136066.376,83
2026-09-23T14:01:07+10:00,1790136067.455,81
2026-09-23T14:01:07+10:00,1790136067.455,81
2026-09-23T14:01:08+10:00,1790136068.415,81
2026-09-23T14:01:08+10:00,1790136068.416,81
2026-09-23T14:01:09+10:00,1790136069.376,81
2026-09-23T14:01:09+10:00,1790136069.376,81
2026-09-23T14:01:10+10:00,1790136070.455,83
2026-09-23T14:01:10+10:00,1790136070.455,83
2026-09-23T14:01:11+10:00,1790136071.416,83
2026-09-23T14:01:11+10:00,1790136071.416,83
2026-09-23T14:01:12+10:00,1790136072.376,84
2026-09-23T14:01:12+10:00,1790136072.376,84
2026-09-23T14:01:13+10:00,1790136073.455,84
2026-09-23T14:01:14+10:00,1790136074.416,84
2026-09-23T14:01:14+10:00,1790136074.416,84
2026-09-23T14:01:15+10:00,1790136075.615,83
2026-09-23T14:01:15+10:00,1790136075.616,83
2026-09-23T14:01:16+10:00,1790136076.456,83
2026-09-23T14:01:16+10:00,1790136076.456,83
2026-09-23T14:01:17+10:00,1790136077.415,83
2026-09-23T14:01:17+10:00,1790136077.416,83
2026-09-23T14:01:18+10:00,1790136078.376,83
2026-09-23T14:01:18+10:00,1790136078.376,83
2026-09-23T14:01:19+10:00,1790136079.456,82
2026-09-23T14:01:19+10:00,1790136079.456,82
2026-09-23T14:01:20+10:00,1790136080.416,80
2026-09-23T14:01:21+10:00,1790136081.376,79
2026-09-23T14:01:22+10:00,1790136082.456,79
2026-09-23T14:01:22+10:00,1790136082.456,79
2026-09-23T14:01:23+10:00,1790136083.416,79
2026-09-23T14:01:23+10:00,1790136083.416,79
2026-09-23T14:01:24+10:00,1790136084.375,79
2026-09-23T14:01:24+10:00,1790136084.376,79
2026-09-23T14:01:25+10:00,1790136085.456,79
2026-09-23T14:01:25+10:00,1790136085.456,79
2026-09-23T14:01:26+10:00,1790136086.416,79
2026-09-23T14:01:26+10:00,1790136086.416,79
2026-09-23T14:01:27+10:00,1790136087.376,80
2026-09-23T14:01:27+10:00,1790136087.376,80
2026-09-23T14:01:28+10:00,1790136088.455,80
2026-09-23T14:01:28+10:00,1790136088.456,80
2026-09-23T14:01:29+10:00,1790136089.416,80
2026-09-23T14:01:29+10:00,1790136089.416,80
2026-09-23T14:01:30+10:00,1790136090.376,80
2026-09-23T14:01:30+10:00,1790136090.376,80
2026-09-23T14:01:31+10:00,1790136091.456,80
2026-09-23T14:01:31+10:00,1790136091.456,80
2026-09-23T14:01:32+10:00,1790136092.416,80
2026-09-23T14:01:32+10:00,1790136092.416,80
2026-09-23T14:01:33+10:00,1790136093.376,80
2026-09-23T14:01:33+10:00,1790136093.376,80
2026-09-23T14:01:34+10:00,1790136094.456,80
2026-09-23T14:01:34+10:00,1790136094.456,80
2026-09-23T14:01:35+10:00,1790136095.416,80
2026-09-23T14:01:35+10:00,1790136095.416,80
2026-09-23T14:01:36+10:00,1790136096.376,80
2026-09-23T14:01:36+10:00,1790136096.376,80
2026-09-23T14:01:37+10:00,1790136097.455,78
2026-09-23T14:01:37+10:00,1790136097.456,78
2026-09-23T14:01:38+10:00,1790136098.416,78
2026-09-23T14:01:38+10:00,1790136098.416,78
2026-09-23T14:01:39+10:00,1790136099.376,78
2026-09-23T14:01:39+10:00,1790136099.376,78
2026-09-23T14:01:40+10:00,1790136100.456,78
2026-09-23T14:01:40+10:00,1790136100.456,78
2026-09-23T14:01:41+10:00,1790136101.416,78
2026-09-23T14:01:41+10:00,1790136101.416,78
2026-09-23T14:01:42+10:00,1790136102.376,78
2026-09-23T14:01:42+10:00,1790136102.376,78
2026-09-23T14:01:43+10:00,1790136103.456,78
2026-09-23T14:01:43+10:00,1790136103.456,78
2026-09-23T14:01:44+10:00,1790136104.416,80
2026-09-23T14:01:44+10:00,1790136104.416,80
2026-09-23T14:01:45+10:00,1790136105.376,85
2026-09-23T14:01:45+10:00,1790136105.376,85
2026-09-23T14:01:46+10:00,1790136106.456,88
2026-09-23T14:01:46+10:00,1790136106.456,88
2026-09-23T14:01:47+10:00,1790136107.416,88
2026-09-23T14:01:47+10:00,1790136107.416,88
2026-09-23T14:01:48+10:00,1790136108.616,88
2026-09-23T14:01:48+10:00,1790136108.616,88
2026-09-23T14:01:49+10:00,1790136109.456,88
2026-09-23T14:01:49+10:00,1790136109.456,88
2026-09-23T14:01:50+10:00,1790136110.416,88
2026-09-23T14:01:50+10:00,1790136110.416,88
2026-09-23T14:01:51+10:00,1790136111.376,87
2026-09-23T14:01:51+10:00,1790136111.377,87
2026-09-23T14:01:52+10:00,1790136112.456,87
2026-09-23T14:01:52+10:00,1790136112.456,87
2026-09-23T14:01:53+10:00,1790136113.416,87
2026-09-23T14:01:53+10:00,1790136113.416,87
2026-09-23T14:01:54+10:00,1790136114.376,87
2026-09-23T14:01:54+10:00,1790136114.376,87
2026-09-23T14:01:55+10:00,1790136115.456,86
2026-09-23T14:01:55+10:00,1790136115.456,86
2026-09-23T14:01:56+10:00,1790136116.416,86
2026-09-23T14:01:56+10:00,1790136116.416,86
2026-09-23T14:01:57+10:00,1790136117.376,86
2026-09-23T14:01:57+10:00,1790136117.376,86
2026-09-23T14:01:58+10:00,1790136118.456,86
2026-09-23T14:01:58+10:00,1790136118.456,86
2026-09-23T14:01:59+10:00,1790136119.416,86
2026-09-23T14:02:00+10:00,1790136120.376,86
2026-09-23T14:02:00+10:00,1790136120.376,86
2026-09-23T14:02:01+10:00,1790136121.456,86
2026-09-23T14:02:01+10:00,1790136121.456,86
2026-09-23T14:02:02+10:00,1790136122.656,85
2026-09-23T14:02:02+10:00,1790136122.656,85
2026-09-23T14:02:03+10:00,1790136123.376,85
2026-09-23T14:02:03+10:00,1790136123.376,85
2026-09-23T14:02:04+10:00,1790136124.456,85
2026-09-23T14:02:04+10:00,1790136124.456,85
2026-09-23T14:02:05+10:00,1790136125.416,85
2026-09-23T14:02:05+10:00,1790136125.416,85
2026-09-23T14:02:06+10:00,1790136126.376,85
2026-09-23T14:02:06+10:00,1790136126.376,85
2026-09-23T14:02:07+10:00,1790136127.456,85
2026-09-23T14:02:07+10:00,1790136127.456,85
2026-09-23T14:02:08+10:00,1790136128.416,82
2026-09-23T14:02:08+10:00,1790136128.416,82
2026-09-23T14:02:09+10:00,1790136129.376,80
2026-09-23T14:02:09+10:00,1790136129.376,80
2026-09-23T14:02:10+10:00,1790136130.456,80
2026-09-23T14:02:10+10:00,1790136130.456,80
2026-09-23T14:02:11+10:00,1790136131.416,80
2026-09-23T14:02:11+10:00,1790136131.416,80
2026-09-23T14:02:12+10:00,1790136132.376,81
2026-09-23T14:02:12+10:00,1790136132.376,81
2026-09-23T14:02:13+10:00,1790136133.456,81
2026-09-23T14:02:13+10:00,1790136133.456,81
2026-09-23T14:02:14+10:00,1790136134.416,82
2026-09-23T14:02:14+10:00,1790136134.416,82
2026-09-23T14:02:15+10:00,1790136135.376,82
2026-09-23T14:02:15+10:00,1790136135.376,82
2026-09-23T14:02:16+10:00,1790136136.456,83
2026-09-23T14:02:16+10:00,1790136136.456,83
2026-09-23T14:02:17+10:00,1790136137.416,83
2026-09-23T14:02:17+10:00,1790136137.416,83
2026-09-23T14:02:18+10:00,1790136138.376,84
2026-09-23T14:02:18+10:00,1790136138.376,84
2026-09-23T14:02:19+10:00,1790136139.456,84
2026-09-23T14:02:19+10:00,1790136139.456,84
2026-09-23T14:02:20+10:00,1790136140.416,84
2026-09-23T14:02:20+10:00,1790136140.416,84
2026-09-23T14:02:21+10:00,1790136141.616,84
2026-09-23T14:02:21+10:00,1790136141.616,84
2026-09-23T14:02:22+10:00,1790136142.456,84
2026-09-23T14:02:22+10:00,1790136142.456,84
2026-09-23T14:02:23+10:00,1790136143.416,84
2026-09-23T14:02:23+10:00,1790136143.416,84
2026-09-23T14:02:24+10:00,1790136144.376,83
2026-09-23T14:02:24+10:00,1790136144.376,83
2026-09-23T14:02:25+10:00,1790136145.456,83
2026-09-23T14:02:25+10:00,1790136145.456,83
2026-09-23T14:02:26+10:00,1790136146.416,83
2026-09-23T14:02:26+10:00,1790136146.416,83
2026-09-23T14:02:27+10:00,1790136147.376,83
2026-09-23T14:02:27+10:00,1790136147.376,83
2026-09-23T14:02:28+10:00,1790136148.457,82
2026-09-23T14:02:28+10:00,1790136148.457,82
2026-09-23T14:02:29+10:00,1790136149.417,82
2026-09-23T14:02:29+10:00,1790136149.417,82
2026-09-23T14:02:30+10:00,1790136150.376,82
2026-09-23T14:02:30+10:00,1790136150.376,82
2026-09-23T14:02:31+10:00,1790136151.457,82
2026-09-23T14:02:31+10:00,1790136151.457,82
2026-09-23T14:02:32+10:00,1790136152.416,82
2026-09-23T14:02:32+10:00,1790136152.416,82
2026-09-23T14:02:33+10:00,1790136153.377,80
2026-09-23T14:02:33+10:00,1790136153.377,80
2026-09-23T14:02:34+10:00,1790136154.457,80
2026-09-23T14:02:34+10:00,1790136154.457,80
2026-09-23T14:02:35+10:00,1790136155.657,80
2026-09-23T14:02:35+10:00,1790136155.657,80
2026-09-23T14:02:36+10:00,1790136156.377,78
2026-09-23T14:02:36+10:00,1790136156.377,78
2026-09-23T14:02:37+10:00,1790136157.458,77
2026-09-23T14:02:37+10:00,1790136157.458,77
2026-09-23T14:02:38+10:00,1790136158.418,77
2026-09-23T14:02:38+10:00,1790136158.418,77
2026-09-23T14:02:39+10:00,1790136159.377,77
2026-09-23T14:02:39+10:00,1790136159.377,77
2026-09-23T14:02:40+10:00,1790136160.457,74
2026-09-23T14:02:40+10:00,1790136160.457,74
2026-09-23T14:02:41+10:00,1790136161.417,74
2026-09-23T14:02:41+10:00,1790136161.417,74
2026-09-23T14:02:42+10:00,1790136162.497,72
2026-09-23T14:02:42+10:00,1790136162.497,72
2026-09-23T14:02:43+10:00,1790136163.456,72
2026-09-23T14:02:43+10:00,1790136163.457,72
2026-09-23T14:02:44+10:00,1790136164.416,72
2026-09-23T14:02:44+10:00,1790136164.416,72
2026-09-23T14:02:45+10:00,1790136165.497,72
2026-09-23T14:02:45+10:00,1790136165.497,72
2026-09-23T14:02:46+10:00,1790136166.456,74
2026-09-23T14:02:46+10:00,1790136166.457,74
2026-09-23T14:02:47+10:00,1790136167.417,74
2026-09-23T14:02:47+10:00,1790136167.417,74
2026-09-23T14:02:48+10:00,1790136168.497,79
2026-09-23T14:02:48+10:00,1790136168.497,79
2026-09-23T14:02:49+10:00,1790136169.457,80
2026-09-23T14:02:49+10:00,1790136169.457,80
2026-09-23T14:02:50+10:00,1790136170.417,81
2026-09-23T14:02:50+10:00,1790136170.417,81
2026-09-23T14:02:51+10:00,1790136171.497,81
2026-09-23T14:02:51+10:00,1790136171.497,81
2026-09-23T14:02:52+10:00,1790136172.457,81
2026-09-23T14:02:52+10:00,1790136172.457,81
2026-09-23T14:02:53+10:00,1790136173.417,81
2026-09-23T14:02:53+10:00,1790136173.417,81
2026-09-23T14:02:54+10:00,1790136174.496,81
2026-09-23T14:02:54+10:00,1790136174.497,81
2026-09-23T14:02:55+10:00,1790136175.457,81
2026-09-23T14:02:55+10:00,1790136175.457,81
2026-09-23T14:02:56+10:00,1790136176.417,81
2026-09-23T14:02:56+10:00,1790136176.417,81
2026-09-23T14:02:57+10:00,1790136177.497,78
2026-09-23T14:02:57+10:00,1790136177.497,78
2026-09-23T14:02:58+10:00,1790136178.456,76
2026-09-23T14:02:58+10:00,1790136178.457,76
2026-09-23T14:02:59+10:00,1790136179.417,76
2026-09-23T14:03:00+10:00,1790136180.497,76
2026-09-23T14:03:00+10:00,1790136180.497,76
2026-09-23T14:03:01+10:00,1790136181.457,76
2026-09-23T14:03:01+10:00,1790136181.457,76
2026-09-23T14:03:02+10:00,1790136182.416,76
2026-09-23T14:03:02+10:00,1790136182.417,76
2026-09-23T14:03:03+10:00,1790136183.496,76
2026-09-23T14:03:03+10:00,1790136183.497,76
2026-09-23T14:03:04+10:00,1790136184.457,76
2026-09-23T14:03:04+10:00,1790136184.457,76
2026-09-23T14:03:05+10:00,1790136185.417,76
2026-09-23T14:03:05+10:00,1790136185.417,76
2026-09-23T14:03:06+10:00,1790136186.497,73
2026-09-23T14:03:06+10:00,1790136186.497,73
2026-09-23T14:03:07+10:00,1790136187.457,72
2026-09-23T14:03:07+10:00,1790136187.457,72
2026-09-23T14:03:08+10:00,1790136188.657,72
2026-09-23T14:03:08+10:00,1790136188.657,72
2026-09-23T14:03:09+10:00,1790136189.497,73
2026-09-23T14:03:10+10:00,1790136190.457,75
2026-09-23T14:03:10+10:00,1790136190.457,75
2026-09-23T14:03:11+10:00,1790136191.417,75
2026-09-23T14:03:11+10:00,1790136191.417,75
2026-09-23T14:03:12+10:00,1790136192.497,77
2026-09-23T14:03:12+10:00,1790136192.497,77
2026-09-23T14:03:13+10:00,1790136193.458,79
2026-09-23T14:03:13+10:00,1790136193.458,79
2026-09-23T14:03:14+10:00,1790136194.417,80
2026-09-23T14:03:14+10:00,1790136194.417,80
2026-09-23T14:03:15+10:00,1790136195.497,80
2026-09-23T14:03:16+10:00,1790136196.457,80
2026-09-23T14:03:16+10:00,1790136196.457,80
2026-09-23T14:03:17+10:00,1790136197.417,80
2026-09-23T14:03:17+10:00,1790136197.417,80
2026-09-23T14:03:18+10:00,1790136198.497,80
2026-09-23T14:03:19+10:00,1790136199.457,80
2026-09-23T14:03:19+10:00,1790136199.457,80
2026-09-23T14:03:20+10:00,1790136200.416,80
2026-09-23T14:03:20+10:00,1790136200.416,80
2026-09-23T14:03:21+10:00,1790136201.497,80
2026-09-23T14:03:21+10:00,1790136201.497,80
2026-09-23T14:03:22+10:00,1790136202.697,80
2026-09-23T14:03:22+10:00,1790136202.697,80
2026-09-23T14:03:23+10:00,1790136203.416,80
2026-09-23T14:03:23+10:00,1790136203.416,80
2026-09-23T14:03:24+10:00,1790136204.496,80
2026-09-23T14:03:24+10:00,1790136204.496,80
2026-09-23T14:03:25+10:00,1790136205.456,79
2026-09-23T14:03:25+10:00,1790136205.456,79
2026-09-23T14:03:26+10:00,1790136206.416,79
2026-09-23T14:03:26+10:00,1790136206.416,79
2026-09-23T14:03:27+10:00,1790136207.496,79
2026-09-23T14:03:27+10:00,1790136207.497,79
2026-09-23T14:03:28+10:00,1790136208.456,79
2026-09-23T14:03:28+10:00,1790136208.456,79
2026-09-23T14:03:29+10:00,1790136209.416,79
2026-09-23T14:03:29+10:00,1790136209.416,79
2026-09-23T14:03:30+10:00,1790136210.496,80
2026-09-23T14:03:30+10:00,1790136210.496,80
2026-09-23T14:03:31+10:00,1790136211.456,80
2026-09-23T14:03:31+10:00,1790136211.456,80
2026-09-23T14:03:32+10:00,1790136212.416,80
2026-09-23T14:03:32+10:00,1790136212.416,80
2026-09-23T14:03:33+10:00,1790136213.496,80
2026-09-23T14:03:33+10:00,1790136213.497,80
2026-09-23T14:03:34+10:00,1790136214.457,80
2026-09-23T14:03:34+10:00,1790136214.457,80
2026-09-23T14:03:35+10:00,1790136215.416,80
2026-09-23T14:03:35+10:00,1790136215.417,80
2026-09-23T14:03:36+10:00,1790136216.496,80
2026-09-23T14:03:36+10:00,1790136216.496,80
2026-09-23T14:03:37+10:00,1790136217.456,81
2026-09-23T14:03:37+10:00,1790136217.456,81
2026-09-23T14:03:38+10:00,1790136218.416,81
2026-09-23T14:03:38+10:00,1790136218.417,81
2026-09-23T14:03:39+10:00,1790136219.497,81
2026-09-23T14:03:39+10:00,1790136219.497,81
2026-09-23T14:03:40+10:00,1790136220.457,82
2026-09-23T14:03:40+10:00,1790136220.457,82
2026-09-23T14:03:41+10:00,1790136221.657,82
2026-09-23T14:03:41+10:00,1790136221.657,82
2026-09-23T14:03:42+10:00,1790136222.497,82
2026-09-23T14:03:42+10:00,1790136222.497,82
2026-09-23T14:03:43+10:00,1790136223.457,82
2026-09-23T14:03:43+10:00,1790136223.457,82
2026-09-23T14:03:44+10:00,1790136224.419,82
2026-09-23T14:03:44+10:00,1790136224.420,82
2026-09-23T14:03:45+10:00,1790136225.498,83
2026-09-23T14:03:45+10:00,1790136225.508,83
2026-09-23T14:03:46+10:00,1790136226.458,83
2026-09-23T14:03:46+10:00,1790136226.461,83
2026-09-23T14:03:47+10:00,1790136227.417,83
2026-09-23T14:03:47+10:00,1790136227.418,83
2026-09-23T14:03:48+10:00,1790136228.497,83
2026-09-23T14:03:48+10:00,1790136228.497,83
2026-09-23T14:03:49+10:00,1790136229.457,83
2026-09-23T14:03:49+10:00,1790136229.457,83
2026-09-23T14:03:50+10:00,1790136230.417,83
2026-09-23T14:03:50+10:00,1790136230.417,83
2026-09-23T14:03:51+10:00,1790136231.497,83
2026-09-23T14:03:51+10:00,1790136231.497,83
2026-09-23T14:03:52+10:00,1790136232.457,86
2026-09-23T14:03:52+10:00,1790136232.457,86
2026-09-23T14:03:53+10:00,1790136233.417,86
2026-09-23T14:03:53+10:00,1790136233.417,86
2026-09-23T14:03:54+10:00,1790136234.497,88
2026-09-23T14:03:54+10:00,1790136234.497,88
2026-09-23T14:03:55+10:00,1790136235.697,90
2026-09-23T14:03:55+10:00,1790136235.697,90
2026-09-23T14:03:56+10:00,1790136236.417,90
2026-09-23T14:03:56+10:00,1790136236.417,90
2026-09-23T14:03:57+10:00,1790136237.497,90
2026-09-23T14:03:58+10:00,1790136238.457,90
2026-09-23T14:03:58+10:00,1790136238.457,90
2026-09-23T14:03:59+10:00,1790136239.417,90
2026-09-23T14:03:59+10:00,1790136239.417,90
2026-09-23T14:04:00+10:00,1790136240.497,90
2026-09-23T14:04:00+10:00,1790136240.497,90
2026-09-23T14:04:01+10:00,1790136241.457,90
2026-09-23T14:04:01+10:00,1790136241.457,90
2026-09-23T14:04:02+10:00,1790136242.417,90
2026-09-23T14:04:02+10:00,1790136242.417,90
2026-09-23T14:04:03+10:00,1790136243.497,90
2026-09-23T14:04:03+10:00,1790136243.497,90
2026-09-23T14:04:04+10:00,1790136244.457,90
2026-09-23T14:04:04+10:00,1790136244.457,90
2026-09-23T14:04:05+10:00,1790136245.416,90
2026-09-23T14:04:05+10:00,1790136245.416,90
2026-09-23T14:04:06+10:00,1790136246.496,90
2026-09-23T14:04:06+10:00,1790136246.496,90
2026-09-23T14:04:07+10:00,1790136247.457,90
2026-09-23T14:04:07+10:00,1790136247.458,90
2026-09-23T14:04:08+10:00,1790136248.417,87
2026-09-23T14:04:08+10:00,1790136248.417,87
2026-09-23T14:04:09+10:00,1790136249.736,82
2026-09-23T14:04:09+10:00,1790136249.736,82
2026-09-23T14:04:10+10:00,1790136250.456,79
2026-09-23T14:04:10+10:00,1790136250.456,79
2026-09-23T14:04:11+10:00,1790136251.416,79
2026-09-23T14:04:11+10:00,1790136251.417,79
2026-09-23T14:04:12+10:00,1790136252.497,78
2026-09-23T14:04:12+10:00,1790136252.497,78
2026-09-23T14:04:13+10:00,1790136253.457,78
2026-09-23T14:04:13+10:00,1790136253.457,78
2026-09-23T14:04:14+10:00,1790136254.657,79
2026-09-23T14:04:14+10:00,1790136254.657,79
2026-09-23T14:04:15+10:00,1790136255.497,79
2026-09-23T14:04:15+10:00,1790136255.497,79
2026-09-23T14:04:16+10:00,1790136256.457,79
2026-09-23T14:04:17+10:00,1790136257.417,79
2026-09-23T14:04:17+10:00,1790136257.417,79
2026-09-23T14:04:18+10:00,1790136258.497,79
2026-09-23T14:04:18+10:00,1790136258.497,79
2026-09-23T14:04:19+10:00,1790136259.457,79
2026-09-23T14:04:19+10:00,1790136259.457,79
2026-09-23T14:04:20+10:00,1790136260.417,79
2026-09-23T14:04:20+10:00,1790136260.417,79
2026-09-23T14:04:21+10:00,1790136261.497,79
2026-09-23T14:04:21+10:00,1790136261.497,79
2026-09-23T14:04:22+10:00,1790136262.456,79
2026-09-23T14:04:22+10:00,1790136262.457,79
2026-09-23T14:04:23+10:00,1790136263.417,79
2026-09-23T14:04:23+10:00,1790136263.417,79
2026-09-23T14:04:24+10:00,1790136264.497,79
2026-09-23T14:04:24+10:00,1790136264.497,79
2026-09-23T14:04:25+10:00,1790136265.456,79
2026-09-23T14:04:25+10:00,1790136265.457,79
2026-09-23T14:04:26+10:00,1790136266.417,79
2026-09-23T14:04:26+10:00,1790136266.417,79
2026-09-23T14:04:27+10:00,1790136267.497,79
2026-09-23T14:04:28+10:00,1790136268.697,79
2026-09-23T14:04:28+10:00,1790136268.697,79
2026-09-23T14:04:29+10:00,1790136269.417,79
2026-09-23T14:04:29+10:00,1790136269.417,79
2026-09-23T14:04:30+10:00,1790136270.497,79
2026-09-23T14:04:30+10:00,1790136270.497,79
2026-09-23T14:04:31+10:00,1790136271.457,79
2026-09-23T14:04:31+10:00,1790136271.457,79
2026-09-23T14:04:32+10:00,1790136272.417,79
2026-09-23T14:04:32+10:00,1790136272.417,79
2026-09-23T14:04:33+10:00,1790136273.497,80
2026-09-23T14:04:33+10:00,1790136273.497,80
2026-09-23T14:04:34+10:00,1790136274.457,80
2026-09-23T14:04:34+10:00,1790136274.457,80
2026-09-23T14:04:35+10:00,1790136275.417,80
2026-09-23T14:04:35+10:00,1790136275.417,80
2026-09-23T14:04:36+10:00,1790136276.497,80
2026-09-23T14:04:36+10:00,1790136276.497,80
2026-09-23T14:04:37+10:00,1790136277.457,81
2026-09-23T14:04:37+10:00,1790136277.457,81
2026-09-23T14:04:38+10:00,1790136278.417,82
2026-09-23T14:04:38+10:00,1790136278.417,82
2026-09-23T14:04:39+10:00,1790136279.498,82
2026-09-23T14:04:39+10:00,1790136279.502,82
2026-09-23T14:04:40+10:00,1790136280.457,82
2026-09-23T14:04:41+10:00,1790136281.537,82
2026-09-23T14:04:41+10:00,1790136281.537,82
2026-09-23T14:04:42+10:00,1790136282.737,82
2026-09-23T14:04:42+10:00,1790136282.737,82
2026-09-23T14:04:43+10:00,1790136283.457,82
2026-09-23T14:04:43+10:00,1790136283.457,82
2026-09-23T14:04:44+10:00,1790136284.537,82
2026-09-23T14:04:44+10:00,1790136284.537,82
2026-09-23T14:04:45+10:00,1790136285.497,82
2026-09-23T14:04:45+10:00,1790136285.497,82
2026-09-23T14:04:46+10:00,1790136286.457,82
2026-09-23T14:04:46+10:00,1790136286.457,82
2026-09-23T14:04:47+10:00,1790136287.537,82
2026-09-23T14:04:47+10:00,1790136287.537,82
2026-09-23T14:04:48+10:00,1790136288.497,82
2026-09-23T14:04:48+10:00,1790136288.497,82
2026-09-23T14:04:49+10:00,1790136289.457,81
2026-09-23T14:04:49+10:00,1790136289.457,81
2026-09-23T14:04:50+10:00,1790136290.537,80
2026-09-23T14:04:50+10:00,1790136290.537,80
2026-09-23T14:04:51+10:00,1790136291.497,79
2026-09-23T14:04:51+10:00,1790136291.497,79
2026-09-23T14:04:52+10:00,1790136292.457,79
2026-09-23T14:04:52+10:00,1790136292.457,79
2026-09-23T14:04:53+10:00,1790136293.537,79
2026-09-23T14:04:53+10:00,1790136293.537,79
2026-09-23T14:04:54+10:00,1790136294.497,79
2026-09-23T14:04:54+10:00,1790136294.497,79
2026-09-23T14:04:55+10:00,1790136295.457,78
2026-09-23T14:04:55+10:00,1790136295.458,78
2026-09-23T14:04:56+10:00,1790136296.537,78
2026-09-23T14:04:56+10:00,1790136296.537,78
2026-09-23T14:04:57+10:00,1790136297.497,78
2026-09-23T14:04:57+10:00,1790136297.497,78
2026-09-23T14:04:58+10:00,1790136298.457,78
2026-09-23T14:04:58+10:00,1790136298.457,78
2026-09-23T14:04:59+10:00,1790136299.538,78
2026-09-23T14:04:59+10:00,1790136299.538,78
2026-09-23T14:05:00+10:00,1790136300.497,78
2026-09-23T14:05:01+10:00,1790136301.697,78
2026-09-23T14:05:01+10:00,1790136301.697,78
2026-09-23T14:05:02+10:00,1790136302.537,78
2026-09-23T14:05:02+10:00,1790136302.538,78
2026-09-23T14:05:03+10:00,1790136303.497,78
2026-09-23T14:05:03+10:00,1790136303.498,78
2026-09-23T14:05:04+10:00,1790136304.457,78
2026-09-23T14:05:04+10:00,1790136304.469,78
2026-09-23T14:05:05+10:00,1790136305.537,78
2026-09-23T14:05:05+10:00,1790136305.538,78
2026-09-23T14:05:06+10:00,1790136306.497,78
2026-09-23T14:05:06+10:00,1790136306.497,78
2026-09-23T14:05:07+10:00,1790136307.457,78
2026-09-23T14:05:07+10:00,1790136307.458,78
2026-09-23T14:05:08+10:00,1790136308.539,78
2026-09-23T14:05:08+10:00,1790136308.546,78
2026-09-23T14:05:09+10:00,1790136309.498,78
2026-09-23T14:05:09+10:00,1790136309.498,78
2026-09-23T14:05:10+10:00,1790136310.457,79
2026-09-23T14:05:10+10:00,1790136310.457,79
2026-09-23T14:05:11+10:00,1790136311.537,79
2026-09-23T14:05:12+10:00,1790136312.497,79
2026-09-23T14:05:12+10:00,1790136312.497,79
2026-09-23T14:05:13+10:00,1790136313.457,79
2026-09-23T14:05:13+10:00,1790136313.457,79
2026-09-23T14:05:14+10:00,1790136314.537,79
2026-09-23T14:05:14+10:00,1790136314.537,79
2026-09-23T14:05:15+10:00,1790136315.737,79
2026-09-23T14:05:15+10:00,1790136315.737,79
2026-09-23T14:05:16+10:00,1790136316.457,79
2026-09-23T14:05:16+10:00,1790136316.457,79
2026-09-23T14:05:17+10:00,1790136317.537,79
2026-09-23T14:05:17+10:00,1790136317.537,79
2026-09-23T14:05:18+10:00,1790136318.497,79
2026-09-23T14:05:18+10:00,1790136318.497,79
2026-09-23T14:05:19+10:00,1790136319.457,79
2026-09-23T14:05:19+10:00,1790136319.457,79
2026-09-23T14:05:20+10:00,1790136320.537,79
2026-09-23T14:05:20+10:00,1790136320.537,79
2026-09-23T14:05:21+10:00,1790136321.497,79
2026-09-23T14:05:21+10:00,1790136321.497,79
2026-09-23T14:05:22+10:00,1790136322.457,79
2026-09-23T14:05:22+10:00,1790136322.458,79
2026-09-23T14:05:23+10:00,1790136323.538,79
2026-09-23T14:05:23+10:00,1790136323.544,79
2026-09-23T14:05:24+10:00,1790136324.497,78
2026-09-23T14:05:24+10:00,1790136324.497,78
2026-09-23T14:05:25+10:00,1790136325.457,78
2026-09-23T14:05:25+10:00,1790136325.457,78
2026-09-23T14:05:26+10:00,1790136326.537,78
2026-09-23T14:05:26+10:00,1790136326.537,78
2026-09-23T14:05:27+10:00,1790136327.497,78
2026-09-23T14:05:28+10:00,1790136328.457,78
2026-09-23T14:05:28+10:00,1790136328.457,78
2026-09-23T14:05:29+10:00,1790136329.777,78
2026-09-23T14:05:29+10:00,1790136329.777,78
2026-09-23T14:05:30+10:00,1790136330.497,78
2026-09-23T14:05:30+10:00,1790136330.497,78
2026-09-23T14:05:31+10:00,1790136331.457,78
2026-09-23T14:05:31+10:00,1790136331.458,78
2026-09-23T14:05:32+10:00,1790136332.537,78
2026-09-23T14:05:32+10:00,1790136332.537,78
2026-09-23T14:05:33+10:00,1790136333.497,79
2026-09-23T14:05:33+10:00,1790136333.497,79
2026-09-23T14:05:34+10:00,1790136334.577,79
2026-09-23T14:05:34+10:00,1790136334.577,79
2026-09-23T14:05:35+10:00,1790136335.537,79
2026-09-23T14:05:35+10:00,1790136335.537,79
2026-09-23T14:05:36+10:00,1790136336.497,79
2026-09-23T14:05:36+10:00,1790136336.497,79
2026-09-23T14:05:37+10:00,1790136337.577,79
2026-09-23T14:05:37+10:00,1790136337.577,79
2026-09-23T14:05:38+10:00,1790136338.537,79
2026-09-23T14:05:38+10:00,1790136338.537,79
2026-09-23T14:05:39+10:00,1790136339.497,79
2026-09-23T14:05:40+10:00,1790136340.577,79
2026-09-23T14:05:40+10:00,1790136340.577,79
2026-09-23T14:05:41+10:00,1790136341.537,79
2026-09-23T14:05:41+10:00,1790136341.537,79
2026-09-23T14:05:42+10:00,1790136342.497,80
2026-09-23T14:05:42+10:00,1790136342.497,80
2026-09-23T14:05:43+10:00,1790136343.577,80
2026-09-23T14:05:43+10:00,1790136343.577,80
2026-09-23T14:05:44+10:00,1790136344.537,80
2026-09-23T14:05:44+10:00,1790136344.537,80
2026-09-23T14:05:45+10:00,1790136345.497,80
2026-09-23T14:05:45+10:00,1790136345.497,80
2026-09-23T14:05:46+10:00,1790136346.577,80
2026-09-23T14:05:46+10:00,1790136346.577,80
2026-09-23T14:05:47+10:00,1790136347.537,80
2026-09-23T14:05:47+10:00,1790136347.537,80
2026-09-23T14:05:48+10:00,1790136348.737,80
2026-09-23T14:05:49+10:00,1790136349.577,77
2026-09-23T14:05:49+10:00,1790136349.577,77
2026-09-23T14:05:50+10:00,1790136350.537,77
2026-09-23T14:05:50+10:00,1790136350.537,77
2026-09-23T14:05:51+10:00,1790136351.497,76
2026-09-23T14:05:51+10:00,1790136351.497,76
2026-09-23T14:05:52+10:00,1790136352.577,76
2026-09-23T14:05:53+10:00,1790136353.537,76
2026-09-23T14:05:53+10:00,1790136353.537,76
2026-09-23T14:05:54+10:00,1790136354.497,76
2026-09-23T14:05:54+10:00,1790136354.497,76
2026-09-23T14:05:55+10:00,1790136355.577,75
2026-09-23T14:05:56+10:00,1790136356.537,75
2026-09-23T14:05:57+10:00,1790136357.497,74
2026-09-23T14:05:57+10:00,1790136357.497,74
2026-09-23T14:05:58+10:00,1790136358.577,74
2026-09-23T14:05:58+10:00,1790136358.577,74
2026-09-23T14:05:59+10:00,1790136359.537,74
2026-09-23T14:05:59+10:00,1790136359.537,74
2026-09-23T14:06:00+10:00,1790136360.497,74
2026-09-23T14:06:00+10:00,1790136360.497,74
2026-09-23T14:06:01+10:00,1790136361.577,74
2026-09-23T14:06:01+10:00,1790136361.578,74
2026-09-23T14:06:02+10:00,1790136362.777,74
2026-09-23T14:06:02+10:00,1790136362.777,74
2026-09-23T14:06:03+10:00,1790136363.497,74
2026-09-23T14:06:03+10:00,1790136363.497,74
2026-09-23T14:06:04+10:00,1790136364.577,74
2026-09-23T14:06:04+10:00,1790136364.577,74
2026-09-23T14:06:05+10:00,1790136365.537,74
2026-09-23T14:06:05+10:00,1790136365.537,74
2026-09-23T14:06:06+10:00,1790136366.497,74
2026-09-23T14:06:06+10:00,1790136366.497,74
2026-09-23T14:06:07+10:00,1790136367.577,74
2026-09-23T14:06:07+10:00,1790136367.577,74
2026-09-23T14:06:08+10:00,1790136368.537,76
2026-09-23T14:06:08+10:00,1790136368.538,76
2026-09-23T14:06:09+10:00,1790136369.497,77
2026-09-23T14:06:09+10:00,1790136369.498,77
2026-09-23T14:06:10+10:00,1790136370.577,77
2026-09-23T14:06:10+10:00,1790136370.577,77
2026-09-23T14:06:11+10:00,1790136371.537,77
2026-09-23T14:06:12+10:00,1790136372.497,77
2026-09-23T14:06:12+10:00,1790136372.497,77
2026-09-23T14:06:13+10:00,1790136373.578,77
2026-09-23T14:06:13+10:00,1790136373.578,77
2026-09-23T14:06:14+10:00,1790136374.537,77
2026-09-23T14:06:14+10:00,1790136374.537,77
2026-09-23T14:06:15+10:00,1790136375.498,78
2026-09-23T14:06:15+10:00,1790136375.498,78
2026-09-23T14:06:16+10:00,1790136376.818,78
2026-09-23T14:06:17+10:00,1790136377.538,78
2026-09-23T14:06:17+10:00,1790136377.538,78
2026-09-23T14:06:18+10:00,1790136378.498,78
2026-09-23T14:06:18+10:00,1790136378.498,78
2026-09-23T14:06:19+10:00,1790136379.577,78
2026-09-23T14:06:19+10:00,1790136379.577,78
2026-09-23T14:06:20+10:00,1790136380.537,79
2026-09-23T14:06:20+10:00,1790136380.537,79
2026-09-23T14:06:21+10:00,1790136381.737,81
2026-09-23T14:06:21+10:00,1790136381.737,81
2026-09-23T14:06:22+10:00,1790136382.578,82
2026-09-23T14:06:22+10:00,1790136382.578,82
2026-09-23T14:06:23+10:00,1790136383.537,82
2026-09-23T14:06:23+10:00,1790136383.537,82
2026-09-23T14:06:24+10:00,1790136384.497,82
2026-09-23T14:06:24+10:00,1790136384.497,82
2026-09-23T14:06:25+10:00,1790136385.577,81
2026-09-23T14:06:25+10:00,1790136385.577,81
2026-09-23T14:06:26+10:00,1790136386.537,78
2026-09-23T14:06:26+10:00,1790136386.537,78
2026-09-23T14:06:27+10:00,1790136387.497,78
2026-09-23T14:06:27+10:00,1790136387.497,78
2026-09-23T14:06:28+10:00,1790136388.577,77
2026-09-23T14:06:28+10:00,1790136388.578,77
2026-09-23T14:06:29+10:00,1790136389.537,77
2026-09-23T14:06:29+10:00,1790136389.537,77
2026-09-23T14:06:30+10:00,1790136390.497,77
2026-09-23T14:06:30+10:00,1790136390.497,77
2026-09-23T14:06:31+10:00,1790136391.578,76
2026-09-23T14:06:31+10:00,1790136391.578,76
2026-09-23T14:06:32+10:00,1790136392.538,75
2026-09-23T14:06:33+10:00,1790136393.498,74
2026-09-23T14:06:33+10:00,1790136393.498,74
2026-09-23T14:06:34+10:00,1790136394.578,74
2026-09-23T14:06:34+10:00,1790136394.578,74
2026-09-23T14:06:35+10:00,1790136395.778,74
2026-09-23T14:06:35+10:00,1790136395.778,74
2026-09-23T14:06:36+10:00,1790136396.498,74
2026-09-23T14:06:37+10:00,1790136397.578,75
2026-09-23T14:06:37+10:00,1790136397.578,75
2026-09-23T14:06:38+10:00,1790136398.538,75
2026-09-23T14:06:38+10:00,1790136398.538,75
2026-09-23T14:06:39+10:00,1790136399.498,76
2026-09-23T14:06:39+10:00,1790136399.499,76
2026-09-23T14:06:40+10:00,1790136400.578,76
2026-09-23T14:06:40+10:00,1790136400.578,76
2026-09-23T14:06:41+10:00,1790136401.538,76
2026-09-23T14:06:41+10:00,1790136401.538,76
2026-09-23T14:06:42+10:00,1790136402.498,76
2026-09-23T14:06:42+10:00,1790136402.498,76
2026-09-23T14:06:43+10:00,1790136403.578,76
2026-09-23T14:06:43+10:00,1790136403.578,76
2026-09-23T14:06:44+10:00,1790136404.538,76
2026-09-23T14:06:44+10:00,1790136404.538,76
2026-09-23T14:06:45+10:00,1790136405.498,77
2026-09-23T14:06:45+10:00,1790136405.498,77
2026-09-23T14:06:46+10:00,1790136406.577,77
2026-09-23T14:06:46+10:00,1790136406.578,77
2026-09-23T14:06:47+10:00,1790136407.538,77
2026-09-23T14:06:47+10:00,1790136407.538,77
2026-09-23T14:06:48+10:00,1790136408.498,77
2026-09-23T14:06:48+10:00,1790136408.498,77
2026-09-23T14:06:49+10:00,1790136409.818,77
2026-09-23T14:06:50+10:00,1790136410.538,77
2026-09-23T14:06:50+10:00,1790136410.538,77
2026-09-23T14:06:51+10:00,1790136411.498,76
2026-09-23T14:06:51+10:00,1790136411.498,76
2026-09-23T14:06:52+10:00,1790136412.578,76
2026-09-23T14:06:52+10:00,1790136412.578,76
2026-09-23T14:06:53+10:00,1790136413.538,76
2026-09-23T14:06:53+10:00,1790136413.538,76
2026-09-23T14:06:54+10:00,1790136414.738,76
2026-09-23T14:06:54+10:00,1790136414.738,76
2026-09-23T14:06:55+10:00,1790136415.578,76
2026-09-23T14:06:55+10:00,1790136415.578,76
2026-09-23T14:06:56+10:00,1790136416.538,76
2026-09-23T14:06:56+10:00,1790136416.538,76
2026-09-23T14:06:57+10:00,1790136417.618,76
2026-09-23T14:06:58+10:00,1790136418.578,75
2026-09-23T14:06:59+10:00,1790136419.538,75
2026-09-23T14:06:59+10:00,1790136419.538,75
2026-09-23T14:07:00+10:00,1790136420.619,75
2026-09-23T14:07:00+10:00,1790136420.619,75
2026-09-23T14:07:01+10:00,1790136421.578,74
2026-09-23T14:07:02+10:00,1790136422.538,74
2026-09-23T14:07:02+10:00,1790136422.538,74
2026-09-23T14:07:03+10:00,1790136423.618,75
2026-09-23T14:07:03+10:00,1790136423.618,75
2026-09-23T14:07:04+10:00,1790136424.578,75
2026-09-23T14:07:04+10:00,1790136424.579,75
2026-09-23T14:07:05+10:00,1790136425.539,75
2026-09-23T14:07:05+10:00,1790136425.539,75
2026-09-23T14:07:06+10:00,1790136426.618,75
2026-09-23T14:07:06+10:00,1790136426.618,75
2026-09-23T14:07:07+10:00,1790136427.578,75
2026-09-23T14:07:07+10:00,1790136427.578,75
2026-09-23T14:07:08+10:00,1790136428.778,75
2026-09-23T14:07:08+10:00,1790136428.778,75
2026-09-23T14:07:09+10:00,1790136429.618,74
2026-09-23T14:07:09+10:00,1790136429.618,74
2026-09-23T14:07:10+10:00,1790136430.578,74
2026-09-23T14:07:10+10:00,1790136430.578,74
2026-09-23T14:07:11+10:00,1790136431.538,74
2026-09-23T14:07:11+10:00,1790136431.538,74
2026-09-23T14:07:12+10:00,1790136432.618,74
2026-09-23T14:07:13+10:00,1790136433.578,75
2026-09-23T14:07:13+10:00,1790136433.578,75
2026-09-23T14:07:14+10:00,1790136434.538,75
2026-09-23T14:07:14+10:00,1790136434.538,75
2026-09-23T14:07:15+10:00,1790136435.618,75
2026-09-23T14:07:16+10:00,1790136436.578,74
2026-09-23T14:07:16+10:00,1790136436.578,74
2026-09-23T14:07:17+10:00,1790136437.538,74
2026-09-23T14:07:17+10:00,1790136437.538,74
2026-09-23T14:07:18+10:00,1790136438.618,74
2026-09-23T14:07:18+10:00,1790136438.618,74
2026-09-23T14:07:19+10:00,1790136439.578,71
2026-09-23T14:07:19+10:00,1790136439.578,71
2026-09-23T14:07:20+10:00,1790136440.538,71
2026-09-23T14:07:20+10:00,1790136440.538,71
2026-09-23T14:07:21+10:00,1790136441.618,71
2026-09-23T14:07:21+10:00,1790136441.618,71
2026-09-23T14:07:22+10:00,1790136442.818,71
2026-09-23T14:07:22+10:00,1790136442.818,71
2026-09-23T14:07:23+10:00,1790136443.538,71
2026-09-23T14:07:23+10:00,1790136443.538,71
2026-09-23T14:07:24+10:00,1790136444.618,71
2026-09-23T14:07:24+10:00,1790136444.619,71
2026-09-23T14:07:25+10:00,1790136445.578,71
2026-09-23T14:07:25+10:00,1790136445.579,71
2026-09-23T14:07:26+10:00,1790136446.538,71
2026-09-23T14:07:26+10:00,1790136446.538,71
2026-09-23T14:07:27+10:00,1790136447.618,71
2026-09-23T14:07:27+10:00,1790136447.619,71
2026-09-23T14:07:28+10:00,1790136448.578,71
2026-09-23T14:07:28+10:00,1790136448.578,71
2026-09-23T14:07:29+10:00,1790136449.538,71
2026-09-23T14:07:29+10:00,1790136449.538,71
2026-09-23T14:07:30+10:00,1790136450.618,71
2026-09-23T14:07:30+10:00,1790136450.618,71
2026-09-23T14:07:31+10:00,1790136451.578,70
2026-09-23T14:07:31+10:00,1790136451.578,70
2026-09-23T14:07:32+10:00,1790136452.538,72
2026-09-23T14:07:32+10:00,1790136452.538,72
2026-09-23T14:07:33+10:00,1790136453.618,73
2026-09-23T14:07:33+10:00,1790136453.618,73
2026-09-23T14:07:34+10:00,1790136454.578,73
2026-09-23T14:07:34+10:00,1790136454.578,73
2026-09-23T14:07:35+10:00,1790136455.538,73
2026-09-23T14:07:35+10:00,1790136455.538,73
2026-09-23T14:07:36+10:00,1790136456.858,73
2026-09-23T14:07:36+10:00,1790136456.859,73
2026-09-23T14:07:37+10:00,1790136457.578,73
2026-09-23T14:07:37+10:00,1790136457.579,73
2026-09-23T14:07:38+10:00,1790136458.538,73
2026-09-23T14:07:38+10:00,1790136458.539,73
2026-09-23T14:07:39+10:00,1790136459.618,73
2026-09-23T14:07:39+10:00,1790136459.619,73
2026-09-23T14:07:40+10:00,1790136460.578,73
2026-09-23T14:07:40+10:00,1790136460.578,73
2026-09-23T14:07:41+10:00,1790136461.778,73
2026-09-23T14:07:41+10:00,1790136461.778,73
2026-09-23T14:07:42+10:00,1790136462.618,72
2026-09-23T14:07:42+10:00,1790136462.618,72
2026-09-23T14:07:43+10:00,1790136463.578,72
2026-09-23T14:07:43+10:00,1790136463.578,72
2026-09-23T14:07:44+10:00,1790136464.538,71
2026-09-23T14:07:44+10:00,1790136464.538,71
2026-09-23T14:07:45+10:00,1790136465.618,70
2026-09-23T14:07:45+10:00,1790136465.618,70
2026-09-23T14:07:46+10:00,1790136466.578,69
2026-09-23T14:07:46+10:00,1790136466.578,69
2026-09-23T14:07:47+10:00,1790136467.538,69
2026-09-23T14:07:47+10:00,1790136467.538,69
2026-09-23T14:07:48+10:00,1790136468.618,69
2026-09-23T14:07:48+10:00,1790136468.618,69
2026-09-23T14:07:49+10:00,1790136469.578,69
2026-09-23T14:07:49+10:00,1790136469.578,69
2026-09-23T14:07:50+10:00,1790136470.538,69
2026-09-23T14:07:50+10:00,1790136470.538,69
2026-09-23T14:07:51+10:00,1790136471.618,69
2026-09-23T14:07:51+10:00,1790136471.618,69
2026-09-23T14:07:52+10:00,1790136472.578,69
2026-09-23T14:07:52+10:00,1790136472.578,69
2026-09-23T14:07:53+10:00,1790136473.538,69
2026-09-23T14:07:53+10:00,1790136473.539,69
2026-09-23T14:07:54+10:00,1790136474.618,72
2026-09-23T14:07:54+10:00,1790136474.618,72
2026-09-23T14:07:55+10:00,1790136475.818,73
2026-09-23T14:07:55+10:00,1790136475.819,73
2026-09-23T14:07:56+10:00,1790136476.538,73
2026-09-23T14:07:56+10:00,1790136476.538,73
2026-09-23T14:07:57+10:00,1790136477.619,73
2026-09-23T14:07:57+10:00,1790136477.619,73
2026-09-23T14:07:58+10:00,1790136478.579,73
2026-09-23T14:07:58+10:00,1790136478.579,73
2026-09-23T14:07:59+10:00,1790136479.539,73
2026-09-23T14:08:00+10:00,1790136480.618,73
2026-09-23T14:08:00+10:00,1790136480.619,73
2026-09-23T14:08:01+10:00,1790136481.578,74
2026-09-23T14:08:01+10:00,1790136481.579,74
2026-09-23T14:08:02+10:00,1790136482.538,74
2026-09-23T14:08:02+10:00,1790136482.538,74
2026-09-23T14:08:03+10:00,1790136483.618,75
2026-09-23T14:08:03+10:00,1790136483.618,75
2026-09-23T14:08:04+10:00,1790136484.579,75
2026-09-23T14:08:04+10:00,1790136484.580,75
2026-09-23T14:08:05+10:00,1790136485.538,75
2026-09-23T14:08:05+10:00,1790136485.538,75
2026-09-23T14:08:06+10:00,1790136486.618,75
2026-09-23T14:08:06+10:00,1790136486.618,75
2026-09-23T14:08:07+10:00,1790136487.578,75
2026-09-23T14:08:07+10:00,1790136487.578,75
2026-09-23T14:08:08+10:00,1790136488.538,75
2026-09-23T14:08:08+10:00,1790136488.538,75
2026-09-23T14:08:09+10:00,1790136489.858,74
2026-09-23T14:08:09+10:00,1790136489.858,74
2026-09-23T14:08:10+10:00,1790136490.578,73
2026-09-23T14:08:10+10:00,1790136490.579,73
2026-09-23T14:08:11+10:00,1790136491.538,73
2026-09-23T14:08:11+10:00,1790136491.538,73
2026-09-23T14:08:12+10:00,1790136492.618,73
2026-09-23T14:08:13+10:00,1790136493.578,73
2026-09-23T14:08:13+10:00,1790136493.578,73
2026-09-23T14:08:14+10:00,1790136494.778,73
2026-09-23T14:08:14+10:00,1790136494.779,73
2026-09-23T14:08:15+10:00,1790136495.618,73
2026-09-23T14:08:15+10:00,1790136495.618,73
2026-09-23T14:08:16+10:00,1790136496.585,73
2026-09-23T14:08:16+10:00,1790136496.586,73
2026-09-23T14:08:17+10:00,1790136497.659,73
2026-09-23T14:08:17+10:00,1790136497.660,73
2026-09-23T14:08:18+10:00,1790136498.618,73
2026-09-23T14:08:18+10:00,1790136498.618,73
2026-09-23T14:08:19+10:00,1790136499.578,73
2026-09-23T14:08:19+10:00,1790136499.578,73
2026-09-23T14:08:20+10:00,1790136500.658,73
2026-09-23T14:08:20+10:00,1790136500.658,73
2026-09-23T14:08:21+10:00,1790136501.618,73
2026-09-23T14:08:21+10:00,1790136501.619,73
2026-09-23T14:08:22+10:00,1790136502.578,73
2026-09-23T14:08:22+10:00,1790136502.578,73
2026-09-23T14:08:23+10:00,1790136503.899,73
2026-09-23T14:08:23+10:00,1790136503.899,73
2026-09-23T14:08:24+10:00,1790136504.618,73
2026-09-23T14:08:24+10:00,1790136504.619,73
2026-09-23T14:08:25+10:00,1790136505.578,72
2026-09-23T14:08:25+10:00,1790136505.578,72
2026-09-23T14:08:26+10:00,1790136506.658,71
2026-09-23T14:08:26+10:00,1790136506.659,71
2026-09-23T14:08:27+10:00,1790136507.618,71
2026-09-23T14:08:27+10:00,1790136507.618,71
2026-09-23T14:08:28+10:00,1790136508.819,71
2026-09-23T14:08:28+10:00,1790136508.819,71
2026-09-23T14:08:29+10:00,1790136509.658,71
2026-09-23T14:08:29+10:00,1790136509.658,71
2026-09-23T14:08:30+10:00,1790136510.618,73
2026-09-23T14:08:30+10:00,1790136510.619,73
2026-09-23T14:08:31+10:00,1790136511.582,73
2026-09-23T14:08:31+10:00,1790136511.582,73
2026-09-23T14:08:32+10:00,1790136512.658,73
2026-09-23T14:08:32+10:00,1790136512.658,73
2026-09-23T14:08:33+10:00,1790136513.618,73
2026-09-23T14:08:33+10:00,1790136513.618,73
2026-09-23T14:08:34+10:00,1790136514.578,76
2026-09-23T14:08:34+10:00,1790136514.578,76
2026-09-23T14:08:35+10:00,1790136515.658,76
2026-09-23T14:08:35+10:00,1790136515.658,76
2026-09-23T14:08:36+10:00,1790136516.618,76
2026-09-23T14:08:36+10:00,1790136516.618,76
2026-09-23T14:08:37+10:00,1790136517.578,78
2026-09-23T14:08:37+10:00,1790136517.578,78
2026-09-23T14:08:38+10:00,1790136518.658,79
2026-09-23T14:08:38+10:00,1790136518.658,79
2026-09-23T14:08:39+10:00,1790136519.618,80
2026-09-23T14:08:39+10:00,1790136519.619,80
2026-09-23T14:08:40+10:00,1790136520.578,80
2026-09-23T14:08:40+10:00,1790136520.579,80
2026-09-23T14:08:41+10:00,1790136521.658,80
2026-09-23T14:08:41+10:00,1790136521.658,80
2026-09-23T14:08:42+10:00,1790136522.858,81
2026-09-23T14:08:42+10:00,1790136522.858,81
2026-09-23T14:08:43+10:00,1790136523.578,84
2026-09-23T14:08:43+10:00,1790136523.578,84
2026-09-23T14:08:44+10:00,1790136524.658,85
2026-09-23T14:08:44+10:00,1790136524.658,85
2026-09-23T14:08:45+10:00,1790136525.618,85
2026-09-23T14:08:45+10:00,1790136525.618,85
2026-09-23T14:08:46+10:00,1790136526.578,85
2026-09-23T14:08:46+10:00,1790136526.578,85
2026-09-23T14:08:47+10:00,1790136527.658,85
2026-09-23T14:08:47+10:00,1790136527.658,85
2026-09-23T14:08:48+10:00,1790136528.618,85
2026-09-23T14:08:48+10:00,1790136528.618,85
2026-09-23T14:08:49+10:00,1790136529.578,84
2026-09-23T14:08:49+10:00,1790136529.578,84
2026-09-23T14:08:50+10:00,1790136530.658,82
2026-09-23T14:08:50+10:00,1790136530.658,82
2026-09-23T14:08:51+10:00,1790136531.618,79
2026-09-23T14:08:51+10:00,1790136531.618,79
2026-09-23T14:08:52+10:00,1790136532.578,78
2026-09-23T14:08:52+10:00,1790136532.578,78
2026-09-23T14:08:53+10:00,1790136533.658,78
2026-09-23T14:08:53+10:00,1790136533.659,78
2026-09-23T14:08:54+10:00,1790136534.619,78
2026-09-23T14:08:54+10:00,1790136534.619,78
2026-09-23T14:08:55+10:00,1790136535.578,78
2026-09-23T14:08:55+10:00,1790136535.579,78
2026-09-23T14:08:56+10:00,1790136536.898,78
2026-09-23T14:08:56+10:00,1790136536.898,78
2026-09-23T14:08:57+10:00,1790136537.618,78
2026-09-23T14:08:57+10:00,1790136537.618,78
2026-09-23T14:08:58+10:00,1790136538.699,78
2026-09-23T14:08:58+10:00,1790136538.699,78
2026-09-23T14:08:59+10:00,1790136539.660,78
2026-09-23T14:08:59+10:00,1790136539.660,78
2026-09-23T14:09:00+10:00,1790136540.621,78
2026-09-23T14:09:00+10:00,1790136540.621,78
2026-09-23T14:09:01+10:00,1790136541.699,78
2026-09-23T14:09:01+10:00,1790136541.699,78
2026-09-23T14:09:02+10:00,1790136542.658,78
2026-09-23T14:09:02+10:00,1790136542.659,78
2026-09-23T14:09:03+10:00,1790136543.619,78
2026-09-23T14:09:03+10:00,1790136543.619,78
2026-09-23T14:09:04+10:00,1790136544.700,78
2026-09-23T14:09:04+10:00,1790136544.700,78
2026-09-23T14:09:05+10:00,1790136545.660,78
2026-09-23T14:09:05+10:00,1790136545.660,78
2026-09-23T14:09:06+10:00,1790136546.619,78
2026-09-23T14:09:06+10:00,1790136546.619,78
2026-09-23T14:09:07+10:00,1790136547.698,78
2026-09-23T14:09:07+10:00,1790136547.698,78
2026-09-23T14:09:08+10:00,1790136548.658,78
2026-09-23T14:09:09+10:00,1790136549.619,76
2026-09-23T14:09:09+10:00,1790136549.619,76
2026-09-23T14:09:10+10:00,1790136550.700,76
2026-09-23T14:09:10+10:00,1790136550.700,76
2026-09-23T14:09:11+10:00,1790136551.660,76
2026-09-23T14:09:11+10:00,1790136551.660,76
2026-09-23T14:09:12+10:00,1790136552.619,75
2026-09-23T14:09:12+10:00,1790136552.619,75
2026-09-23T14:09:13+10:00,1790136553.698,74
2026-09-23T14:09:13+10:00,1790136553.698,74
2026-09-23T14:09:14+10:00,1790136554.658,73
2026-09-23T14:09:14+10:00,1790136554.658,73
2026-09-23T14:09:15+10:00,1790136555.858,73
2026-09-23T14:09:15+10:00,1790136555.858,73
2026-09-23T14:09:16+10:00,1790136556.698,73
2026-09-23T14:09:16+10:00,1790136556.698,73
2026-09-23T14:09:17+10:00,1790136557.658,73
2026-09-23T14:09:17+10:00,1790136557.658,73
2026-09-23T14:09:18+10:00,1790136558.618,73
2026-09-23T14:09:18+10:00,1790136558.619,73
2026-09-23T14:09:19+10:00,1790136559.698,73
2026-09-23T14:09:19+10:00,1790136559.698,73
2026-09-23T14:09:20+10:00,1790136560.659,73
2026-09-23T14:09:21+10:00,1790136561.619,73
2026-09-23T14:09:21+10:00,1790136561.619,73
2026-09-23T14:09:22+10:00,1790136562.698,73
2026-09-23T14:09:22+10:00,1790136562.699,73
2026-09-23T14:09:23+10:00,1790136563.661,73
2026-09-23T14:09:23+10:00,1790136563.661,73
2026-09-23T14:09:24+10:00,1790136564.621,73
2026-09-23T14:09:24+10:00,1790136564.621,73
2026-09-23T14:09:25+10:00,1790136565.701,73
2026-09-23T14:09:25+10:00,1790136565.703,73
2026-09-23T14:09:26+10:00,1790136566.685,73
2026-09-23T14:09:26+10:00,1790136566.698,73
2026-09-23T14:09:27+10:00,1790136567.644,73
2026-09-23T14:09:27+10:00,1790136567.651,73
2026-09-23T14:09:28+10:00,1790136568.705,73
2026-09-23T14:09:28+10:00,1790136568.705,73
2026-09-23T14:09:29+10:00,1790136569.900,73
2026-09-23T14:09:29+10:00,1790136569.900,73
2026-09-23T14:09:30+10:00,1790136570.619,73
2026-09-23T14:09:30+10:00,1790136570.619,73
2026-09-23T14:09:31+10:00,1790136571.699,73
2026-09-23T14:09:31+10:00,1790136571.699,73
2026-09-23T14:09:32+10:00,1790136572.670,73
2026-09-23T14:09:32+10:00,1790136572.696,73
2026-09-23T14:09:33+10:00,1790136573.620,73
2026-09-23T14:09:33+10:00,1790136573.621,73
2026-09-23T14:09:34+10:00,1790136574.698,74
2026-09-23T14:09:34+10:00,1790136574.698,74
2026-09-23T14:09:35+10:00,1790136575.659,74
2026-09-23T14:09:35+10:00,1790136575.659,74
2026-09-23T14:09:36+10:00,1790136576.618,75
2026-09-23T14:09:36+10:00,1790136576.618,75
2026-09-23T14:09:37+10:00,1790136577.698,75
2026-09-23T14:09:37+10:00,1790136577.699,75
2026-09-23T14:09:38+10:00,1790136578.658,75
2026-09-23T14:09:38+10:00,1790136578.658,75
2026-09-23T14:09:39+10:00,1790136579.618,75
2026-09-23T14:09:39+10:00,1790136579.619,75
2026-09-23T14:09:40+10:00,1790136580.698,75
2026-09-23T14:09:40+10:00,1790136580.701,75
2026-09-23T14:09:41+10:00,1790136581.663,75
2026-09-23T14:09:41+10:00,1790136581.681,75
2026-09-23T14:09:42+10:00,1790136582.618,75
2026-09-23T14:09:42+10:00,1790136582.618,75
2026-09-23T14:09:43+10:00,1790136583.939,75
2026-09-23T14:09:43+10:00,1790136583.940,75
2026-09-23T14:09:44+10:00,1790136584.659,76
2026-09-23T14:09:44+10:00,1790136584.659,76
2026-09-23T14:09:45+10:00,1790136585.620,76
2026-09-23T14:09:45+10:00,1790136585.620,76
2026-09-23T14:09:46+10:00,1790136586.700,76
2026-09-23T14:09:47+10:00,1790136587.659,76
2026-09-23T14:09:47+10:00,1790136587.660,76
2026-09-23T14:09:48+10:00,1790136588.862,76
2026-09-23T14:09:48+10:00,1790136588.862,76
2026-09-23T14:09:49+10:00,1790136589.725,76
2026-09-23T14:09:49+10:00,1790136589.731,76
2026-09-23T14:09:50+10:00,1790136590.666,76
2026-09-23T14:09:50+10:00,1790136590.668,76
2026-09-23T14:09:51+10:00,1790136591.619,75
2026-09-23T14:09:51+10:00,1790136591.619,75
2026-09-23T14:09:52+10:00,1790136592.699,75
2026-09-23T14:09:52+10:00,1790136592.699,75
2026-09-23T14:09:53+10:00,1790136593.659,75
2026-09-23T14:09:53+10:00,1790136593.659,75
2026-09-23T14:09:54+10:00,1790136594.619,75
2026-09-23T14:09:54+10:00,1790136594.619,75
2026-09-23T14:09:55+10:00,1790136595.699,75
2026-09-23T14:09:55+10:00,1790136595.699,75
2026-09-23T14:09:56+10:00,1790136596.659,75
2026-09-23T14:09:56+10:00,1790136596.659,75
2026-09-23T14:09:57+10:00,1790136597.619,75
2026-09-23T14:09:57+10:00,1790136597.619,75
2026-09-23T14:09:58+10:00,1790136598.699,75
2026-09-23T14:09:58+10:00,1790136598.699,75
2026-09-23T14:09:59+10:00,1790136599.659,75
2026-09-23T14:09:59+10:00,1790136599.659,75
2026-09-23T14:10:00+10:00,1790136600.619,74
2026-09-23T14:10:00+10:00,1790136600.619,74
2026-09-23T14:10:01+10:00,1790136601.699,74
2026-09-23T14:10:01+10:00,1790136601.699,74
2026-09-23T14:10:02+10:00,1790136602.911,74
2026-09-23T14:10:02+10:00,1790136602.924,74
2026-09-23T14:10:03+10:00,1790136603.634,74
2026-09-23T14:10:03+10:00,1790136603.659,74
2026-09-23T14:10:04+10:00,1790136604.716,74
2026-09-23T14:10:04+10:00,1790136604.724,74
2026-09-23T14:10:05+10:00,1790136605.678,74
2026-09-23T14:10:05+10:00,1790136605.679,74
2026-09-23T14:10:06+10:00,1790136606.619,74
2026-09-23T14:10:06+10:00,1790136606.619,74
2026-09-23T14:10:07+10:00,1790136607.699,74
2026-09-23T14:10:08+10:00,1790136608.659,75
2026-09-23T14:10:08+10:00,1790136608.659,75
2026-09-23T14:10:09+10:00,1790136609.619,76
2026-09-23T14:10:10+10:00,1790136610.699,76
2026-09-23T14:10:10+10:00,1790136610.699,76
2026-09-23T14:10:11+10:00,1790136611.659,76
2026-09-23T14:10:11+10:00,1790136611.659,76
2026-09-23T14:10:12+10:00,1790136612.619,76
2026-09-23T14:10:12+10:00,1790136612.619,76
2026-09-23T14:10:13+10:00,1790136613.699,76
2026-09-23T14:10:13+10:00,1790136613.699,76
2026-09-23T14:10:14+10:00,1790136614.659,76
2026-09-23T14:10:14+10:00,1790136614.659,76
2026-09-23T14:10:15+10:00,1790136615.619,77
2026-09-23T14:10:15+10:00,1790136615.619,77
2026-09-23T14:10:16+10:00,1790136616.939,77
2026-09-23T14:10:16+10:00,1790136616.939,77
2026-09-23T14:10:17+10:00,1790136617.659,77
2026-09-23T14:10:17+10:00,1790136617.659,77
2026-09-23T14:10:18+10:00,1790136618.619,78
2026-09-23T14:10:18+10:00,1790136618.619,78
2026-09-23T14:10:19+10:00,1790136619.701,78
2026-09-23T14:10:19+10:00,1790136619.701,78
2026-09-23T14:10:20+10:00,1790136620.660,78
2026-09-23T14:10:20+10:00,1790136620.661,78
2026-09-23T14:10:21+10:00,1790136621.861,78
2026-09-23T14:10:21+10:00,1790136621.861,78
2026-09-23T14:10:22+10:00,1790136622.699,78
2026-09-23T14:10:22+10:00,1790136622.699,78
2026-09-23T14:10:23+10:00,1790136623.659,78
2026-09-23T14:10:23+10:00,1790136623.659,78
2026-09-23T14:10:24+10:00,1790136624.619,78
2026-09-23T14:10:24+10:00,1790136624.620,78
2026-09-23T14:10:25+10:00,1790136625.700,78
2026-09-23T14:10:25+10:00,1790136625.701,78
2026-09-23T14:10:26+10:00,1790136626.660,79
2026-09-23T14:10:26+10:00,1790136626.660,79
2026-09-23T14:10:27+10:00,1790136627.620,79
2026-09-23T14:10:27+10:00,1790136627.620,79
2026-09-23T14:10:28+10:00,1790136628.701,79
2026-09-23T14:10:28+10:00,1790136628.701,79
2026-09-23T14:10:29+10:00,1790136629.659,79
2026-09-23T14:10:29+10:00,1790136629.659,79
2026-09-23T14:10:30+10:00,1790136630.860,79
2026-09-23T14:10:30+10:00,1790136630.860,79
2026-09-23T14:10:31+10:00,1790136631.699,76
2026-09-23T14:10:31+10:00,1790136631.699,76
2026-09-23T14:10:32+10:00,1790136632.659,74
2026-09-23T14:10:32+10:00,1790136632.660,74
2026-09-23T14:10:33+10:00,1790136633.619,73
2026-09-23T14:10:33+10:00,1790136633.620,73
2026-09-23T14:10:34+10:00,1790136634.699,72
2026-09-23T14:10:34+10:00,1790136634.700,72
2026-09-23T14:10:35+10:00,1790136635.899,72
2026-09-23T14:10:35+10:00,1790136635.899,72
2026-09-23T14:10:36+10:00,1790136636.619,72
2026-09-23T14:10:36+10:00,1790136636.619,72
2026-09-23T14:10:37+10:00,1790136637.699,72
2026-09-23T14:10:37+10:00,1790136637.699,72
2026-09-23T14:10:38+10:00,1790136638.658,72
2026-09-23T14:10:38+10:00,1790136638.659,72
2026-09-23T14:10:39+10:00,1790136639.619,72
2026-09-23T14:10:39+10:00,1790136639.619,72
2026-09-23T14:10:40+10:00,1790136640.701,72
2026-09-23T14:10:40+10:00,1790136640.702,72
2026-09-23T14:10:41+10:00,1790136641.660,72
2026-09-23T14:10:41+10:00,1790136641.660,72
2026-09-23T14:10:42+10:00,1790136642.619,72
2026-09-23T14:10:42+10:00,1790136642.619,72
2026-09-23T14:10:43+10:00,1790136643.699,72
2026-09-23T14:10:43+10:00,1790136643.700,72
2026-09-23T14:10:44+10:00,1790136644.659,72
2026-09-23T14:10:44+10:00,1790136644.660,72
2026-09-23T14:10:45+10:00,1790136645.620,72
2026-09-23T14:10:45+10:00,1790136645.620,72
2026-09-23T14:10:46+10:00,1790136646.700,73
2026-09-23T14:10:46+10:00,1790136646.700,73
2026-09-23T14:10:47+10:00,1790136647.659,73
2026-09-23T14:10:47+10:00,1790136647.659,73
2026-09-23T14:10:48+10:00,1790136648.739,73
2026-09-23T14:10:48+10:00,1790136648.739,73
2026-09-23T14:10:49+10:00,1790136649.939,73
2026-09-23T14:10:49+10:00,1790136649.939,73
2026-09-23T14:10:50+10:00,1790136650.660,74
2026-09-23T14:10:50+10:00,1790136650.660,74
2026-09-23T14:10:51+10:00,1790136651.739,75
2026-09-23T14:10:51+10:00,1790136651.739,75
2026-09-23T14:10:52+10:00,1790136652.699,75
2026-09-23T14:10:52+10:00,1790136652.699,75
2026-09-23T14:10:53+10:00,1790136653.659,75
2026-09-23T14:10:53+10:00,1790136653.659,75
2026-09-23T14:10:54+10:00,1790136654.739,76
2026-09-23T14:10:54+10:00,1790136654.739,76
2026-09-23T14:10:55+10:00,1790136655.699,76
2026-09-23T14:10:56+10:00,1790136656.659,76
2026-09-23T14:10:56+10:00,1790136656.659,76
2026-09-23T14:10:57+10:00,1790136657.739,76
2026-09-23T14:10:57+10:00,1790136657.740,76
2026-09-23T14:10:58+10:00,1790136658.699,76
2026-09-23T14:10:59+10:00,1790136659.659,76
2026-09-23T14:10:59+10:00,1790136659.659,76
2026-09-23T14:11:00+10:00,1790136660.739,76
2026-09-23T14:11:00+10:00,1790136660.739,76
2026-09-23T14:11:01+10:00,1790136661.699,78
2026-09-23T14:11:01+10:00,1790136661.699,78
2026-09-23T14:11:02+10:00,1790136662.659,78
2026-09-23T14:11:02+10:00,1790136662.661,78
2026-09-23T14:11:03+10:00,1790136663.979,78
2026-09-23T14:11:03+10:00,1790136663.979,78
2026-09-23T14:11:04+10:00,1790136664.705,78
2026-09-23T14:11:04+10:00,1790136664.708,78
2026-09-23T14:11:05+10:00,1790136665.659,78
2026-09-23T14:11:05+10:00,1790136665.659,78
2026-09-23T14:11:06+10:00,1790136666.739,78
2026-09-23T14:11:06+10:00,1790136666.739,78
2026-09-23T14:11:07+10:00,1790136667.699,78
2026-09-23T14:11:08+10:00,1790136668.899,77
2026-09-23T14:11:08+10:00,1790136668.900,77
2026-09-23T14:11:09+10:00,1790136669.739,77
2026-09-23T14:11:09+10:00,1790136669.739,77
2026-09-23T14:11:10+10:00,1790136670.700,77
2026-09-23T14:11:10+10:00,1790136670.700,77
2026-09-23T14:11:11+10:00,1790136671.660,77
2026-09-23T14:11:11+10:00,1790136671.662,77
2026-09-23T14:11:12+10:00,1790136672.740,77
2026-09-23T14:11:12+10:00,1790136672.740,77
2026-09-23T14:11:13+10:00,1790136673.700,77
2026-09-23T14:11:13+10:00,1790136673.700,77
2026-09-23T14:11:14+10:00,1790136674.659,78
2026-09-23T14:11:14+10:00,1790136674.659,78
2026-09-23T14:11:15+10:00,1790136675.739,78
2026-09-23T14:11:15+10:00,1790136675.739,78
2026-09-23T14:11:16+10:00,1790136676.699,78
2026-09-23T14:11:17+10:00,1790136677.661,78
2026-09-23T14:11:17+10:00,1790136677.661,78
2026-09-23T14:11:18+10:00,1790136678.739,78
2026-09-23T14:11:18+10:00,1790136678.739,78
2026-09-23T14:11:19+10:00,1790136679.699,78
2026-09-23T14:11:19+10:00,1790136679.699,78
2026-09-23T14:11:20+10:00,1790136680.659,78
2026-09-23T14:11:20+10:00,1790136680.660,78
2026-09-23T14:11:21+10:00,1790136681.740,78
2026-09-23T14:11:22+10:00,1790136682.940,78
2026-09-23T14:11:22+10:00,1790136682.940,78
2026-09-23T14:11:23+10:00,1790136683.659,78
2026-09-23T14:11:23+10:00,1790136683.660,78
2026-09-23T14:11:24+10:00,1790136684.739,78
2026-09-23T14:11:24+10:00,1790136684.739,78
2026-09-23T14:11:25+10:00,1790136685.699,78
2026-09-23T14:11:25+10:00,1790136685.700,78
2026-09-23T14:11:26+10:00,1790136686.660,78
2026-09-23T14:11:26+10:00,1790136686.660,78
2026-09-23T14:11:27+10:00,1790136687.741,78
2026-09-23T14:11:27+10:00,1790136687.743,78
2026-09-23T14:11:28+10:00,1790136688.701,78
2026-09-23T14:11:28+10:00,1790136688.701,78
2026-09-23T14:11:29+10:00,1790136689.661,78
2026-09-23T14:11:29+10:00,1790136689.661,78
2026-09-23T14:11:30+10:00,1790136690.739,78
2026-09-23T14:11:30+10:00,1790136690.739,78
2026-09-23T14:11:31+10:00,1790136691.699,78
2026-09-23T14:11:32+10:00,1790136692.659,78
2026-09-23T14:11:32+10:00,1790136692.659,78
2026-09-23T14:11:33+10:00,1790136693.741,78
2026-09-23T14:11:33+10:00,1790136693.742,78
2026-09-23T14:11:34+10:00,1790136694.709,78
2026-09-23T14:11:34+10:00,1790136694.710,78
2026-09-23T14:11:35+10:00,1790136695.660,78
2026-09-23T14:11:35+10:00,1790136695.661,78
2026-09-23T14:11:36+10:00,1790136696.979,78
2026-09-23T14:11:36+10:00,1790136696.979,78
2026-09-23T14:11:37+10:00,1790136697.699,78
2026-09-23T14:11:37+10:00,1790136697.699,78
2026-09-23T14:11:38+10:00,1790136698.659,78
2026-09-23T14:11:39+10:00,1790136699.739,78
2026-09-23T14:11:40+10:00,1790136700.700,78
2026-09-23T14:11:40+10:00,1790136700.701,78
2026-09-23T14:11:41+10:00,1790136701.899,78
2026-09-23T14:11:41+10:00,1790136701.899,78
2026-09-23T14:11:42+10:00,1790136702.739,78
2026-09-23T14:11:42+10:00,1790136702.740,78
2026-09-23T14:11:43+10:00,1790136703.699,78
2026-09-23T14:11:43+10:00,1790136703.700,78
2026-09-23T14:11:44+10:00,1790136704.659,78
2026-09-23T14:11:44+10:00,1790136704.659,78
2026-09-23T14:11:45+10:00,1790136705.740,78
2026-09-23T14:11:45+10:00,1790136705.740,78
2026-09-23T14:11:46+10:00,1790136706.699,78
2026-09-23T14:11:47+10:00,1790136707.659,78
2026-09-23T14:11:47+10:00,1790136707.659,78
2026-09-23T14:11:48+10:00,1790136708.740,78
2026-09-23T14:11:48+10:00,1790136708.741,78
2026-09-23T14:11:49+10:00,1790136709.700,78
2026-09-23T14:11:49+10:00,1790136709.700,78
2026-09-23T14:11:50+10:00,1790136710.900,78
2026-09-23T14:11:50+10:00,1790136710.903,78
2026-09-23T14:11:51+10:00,1790136711.739,78
2026-09-23T14:11:51+10:00,1790136711.740,78
2026-09-23T14:11:52+10:00,1790136712.701,78
2026-09-23T14:11:52+10:00,1790136712.701,78
2026-09-23T14:11:53+10:00,1790136713.780,78
2026-09-23T14:11:53+10:00,1790136713.780,78
2026-09-23T14:11:54+10:00,1790136714.739,78
2026-09-23T14:11:54+10:00,1790136714.740,78
2026-09-23T14:11:55+10:00,1790136715.939,78
2026-09-23T14:11:55+10:00,1790136715.940,78
2026-09-23T14:11:56+10:00,1790136716.780,78
2026-09-23T14:11:56+10:00,1790136716.782,78
2026-09-23T14:11:57+10:00,1790136717.739,78
2026-09-23T14:11:57+10:00,1790136717.739,78
2026-09-23T14:11:58+10:00,1790136718.699,78
2026-09-23T14:11:58+10:00,1790136718.699,78
2026-09-23T14:11:59+10:00,1790136719.779,78
2026-09-23T14:11:59+10:00,1790136719.780,78
2026-09-23T14:12:00+10:00,1790136720.739,78
2026-09-23T14:12:00+10:00,1790136720.739,78
2026-09-23T14:12:01+10:00,1790136721.699,78
2026-09-23T14:12:01+10:00,1790136721.699,78
2026-09-23T14:12:02+10:00,1790136722.779,78
2026-09-23T14:12:02+10:00,1790136722.779,78
2026-09-23T14:12:03+10:00,1790136723.739,78
2026-09-23T14:12:03+10:00,1790136723.739,78
2026-09-23T14:12:04+10:00,1790136724.700,78
2026-09-23T14:12:04+10:00,1790136724.700,78
2026-09-23T14:12:05+10:00,1790136725.780,78
2026-09-23T14:12:05+10:00,1790136725.780,78
2026-09-23T14:12:06+10:00,1790136726.740,79
2026-09-23T14:12:06+10:00,1790136726.740,79
2026-09-23T14:12:07+10:00,1790136727.700,79
2026-09-23T14:12:07+10:00,1790136727.700,79
2026-09-23T14:12:08+10:00,1790136728.780,79
2026-09-23T14:12:09+10:00,1790136729.980,78
2026-09-23T14:12:10+10:00,1790136730.700,79
2026-09-23T14:12:10+10:00,1790136730.700,79
2026-09-23T14:12:11+10:00,1790136731.780,79
2026-09-23T14:12:11+10:00,1790136731.780,79
2026-09-23T14:12:12+10:00,1790136732.739,78
2026-09-23T14:12:12+10:00,1790136732.740,78
2026-09-23T14:12:13+10:00,1790136733.700,78
2026-09-23T14:12:13+10:00,1790136733.700,78
2026-09-23T14:12:14+10:00,1790136734.780,78
2026-09-23T14:12:14+10:00,1790136734.780,78
2026-09-23T14:12:15+10:00,1790136735.740,78
2026-09-23T14:12:15+10:00,1790136735.740,78
2026-09-23T14:12:16+10:00,1790136736.700,78
2026-09-23T14:12:16+10:00,1790136736.700,78
2026-09-23T14:12:17+10:00,1790136737.780,78
2026-09-23T14:12:17+10:00,1790136737.780,78
2026-09-23T14:12:18+10:00,1790136738.740,78
2026-09-23T14:12:18+10:00,1790136738.740,78
2026-09-23T14:12:19+10:00,1790136739.699,79
2026-09-23T14:12:20+10:00,1790136740.780,79
2026-09-23T14:12:20+10:00,1790136740.780,79
2026-09-23T14:12:21+10:00,1790136741.740,79
2026-09-23T14:12:21+10:00,1790136741.740,79
2026-09-23T14:12:22+10:00,1790136742.700,79
2026-09-23T14:12:22+10:00,1790136742.700,79
2026-09-23T14:12:24+10:00,1790136744.019,79
2026-09-23T14:12:24+10:00,1790136744.019,79
2026-09-23T14:12:24+10:00,1790136744.739,79
2026-09-23T14:12:24+10:00,1790136744.739,79
2026-09-23T14:12:25+10:00,1790136745.700,80
2026-09-23T14:12:25+10:00,1790136745.701,80
2026-09-23T14:12:26+10:00,1790136746.779,80
2026-09-23T14:12:26+10:00,1790136746.780,80
2026-09-23T14:12:27+10:00,1790136747.739,80
2026-09-23T14:12:27+10:00,1790136747.740,80
2026-09-23T14:12:28+10:00,1790136748.939,79
2026-09-23T14:12:28+10:00,1790136748.939,79
2026-09-23T14:12:29+10:00,1790136749.779,79
2026-09-23T14:12:30+10:00,1790136750.740,78
2026-09-23T14:12:30+10:00,1790136750.740,78
2026-09-23T14:12:31+10:00,1790136751.700,77
2026-09-23T14:12:31+10:00,1790136751.700,77
2026-09-23T14:12:32+10:00,1790136752.780,77
2026-09-23T14:12:32+10:00,1790136752.780,77
2026-09-23T14:12:33+10:00,1790136753.739,77
2026-09-23T14:12:33+10:00,1790136753.739,77
2026-09-23T14:12:34+10:00,1790136754.700,77
2026-09-23T14:12:34+10:00,1790136754.701,77
2026-09-23T14:12:35+10:00,1790136755.779,77
2026-09-23T14:12:35+10:00,1790136755.780,77
2026-09-23T14:12:36+10:00,1790136756.740,77
2026-09-23T14:12:36+10:00,1790136756.740,77
2026-09-23T14:12:37+10:00,1790136757.940,77
2026-09-23T14:12:37+10:00,1790136757.940,77
2026-09-23T14:12:38+10:00,1790136758.780,79
2026-09-23T14:12:38+10:00,1790136758.780,79
2026-09-23T14:12:39+10:00,1790136759.740,80
2026-09-23T14:12:39+10:00,1790136759.740,80
2026-09-23T14:12:40+10:00,1790136760.701,80
2026-09-23T14:12:40+10:00,1790136760.701,80
2026-09-23T14:12:41+10:00,1790136761.781,80
2026-09-23T14:12:41+10:00,1790136761.781,80
2026-09-23T14:12:42+10:00,1790136762.979,78
2026-09-23T14:12:42+10:00,1790136762.980,78
2026-09-23T14:12:43+10:00,1790136763.700,78
2026-09-23T14:12:43+10:00,1790136763.700,78
2026-09-23T14:12:44+10:00,1790136764.780,78
2026-09-23T14:12:44+10:00,1790136764.780,78
2026-09-23T14:12:45+10:00,1790136765.739,78
2026-09-23T14:12:46+10:00,1790136766.699,78
2026-09-23T14:12:46+10:00,1790136766.699,78
2026-09-23T14:12:47+10:00,1790136767.780,78
2026-09-23T14:12:47+10:00,1790136767.780,78
2026-09-23T14:12:48+10:00,1790136768.740,78
2026-09-23T14:12:48+10:00,1790136768.740,78
2026-09-23T14:12:49+10:00,1790136769.701,78
2026-09-23T14:12:49+10:00,1790136769.702,78
2026-09-23T14:12:50+10:00,1790136770.780,78
2026-09-23T14:12:50+10:00,1790136770.780,78
2026-09-23T14:12:51+10:00,1790136771.740,78
2026-09-23T14:12:52+10:00,1790136772.700,78
2026-09-23T14:12:52+10:00,1790136772.700,78
2026-09-23T14:12:53+10:00,1790136773.780,78
2026-09-23T14:12:53+10:00,1790136773.780,78
2026-09-23T14:12:54+10:00,1790136774.739,78
2026-09-23T14:12:54+10:00,1790136774.740,78
2026-09-23T14:12:55+10:00,1790136775.700,78
2026-09-23T14:12:55+10:00,1790136775.700,78
2026-09-23T14:12:57+10:00,1790136777.020,78
2026-09-23T14:12:57+10:00,1790136777.020,78
2026-09-23T14:12:57+10:00,1790136777.739,78
2026-09-23T14:12:57+10:00,1790136777.740,78
2026-09-23T14:12:58+10:00,1790136778.701,78
2026-09-23T14:12:58+10:00,1790136778.702,78
2026-09-23T14:12:59+10:00,1790136779.779,78
2026-09-23T14:12:59+10:00,1790136779.779,78
2026-09-23T14:13:00+10:00,1790136780.739,78
2026-09-23T14:13:01+10:00,1790136781.820,78
2026-09-23T14:13:02+10:00,1790136782.780,78
2026-09-23T14:13:02+10:00,1790136782.780,78
2026-09-23T14:13:03+10:00,1790136783.740,78
2026-09-23T14:13:03+10:00,1790136783.740,78
2026-09-23T14:13:04+10:00,1790136784.819,78
2026-09-23T14:13:04+10:00,1790136784.819,78
2026-09-23T14:13:05+10:00,1790136785.780,78
2026-09-23T14:13:05+10:00,1790136785.780,78
2026-09-23T14:13:06+10:00,1790136786.740,78
2026-09-23T14:13:06+10:00,1790136786.740,78
2026-09-23T14:13:07+10:00,1790136787.820,78
2026-09-23T14:13:07+10:00,1790136787.821,78
2026-09-23T14:13:08+10:00,1790136788.780,77
2026-09-23T14:13:08+10:00,1790136788.780,77
2026-09-23T14:13:09+10:00,1790136789.739,75
2026-09-23T14:13:09+10:00,1790136789.740,75
2026-09-23T14:13:11+10:00,1790136791.060,75
2026-09-23T14:13:11+10:00,1790136791.060,75
2026-09-23T14:13:11+10:00,1790136791.782,75
2026-09-23T14:13:11+10:00,1790136791.782,75
2026-09-23T14:13:12+10:00,1790136792.740,74
2026-09-23T14:13:12+10:00,1790136792.740,74
2026-09-23T14:13:13+10:00,1790136793.820,74
2026-09-23T14:13:13+10:00,1790136793.820,74
2026-09-23T14:13:14+10:00,1790136794.780,74
2026-09-23T14:13:14+10:00,1790136794.780,74
2026-09-23T14:13:15+10:00,1790136795.980,74
2026-09-23T14:13:15+10:00,1790136795.980,74
2026-09-23T14:13:16+10:00,1790136796.820,76
2026-09-23T14:13:16+10:00,1790136796.820,76
2026-09-23T14:13:17+10:00,1790136797.781,76
2026-09-23T14:13:17+10:00,1790136797.781,76
2026-09-23T14:13:18+10:00,1790136798.740,80
2026-09-23T14:13:18+10:00,1790136798.740,80
2026-09-23T14:13:19+10:00,1790136799.821,80
2026-09-23T14:13:19+10:00,1790136799.821,80
2026-09-23T14:13:20+10:00,1790136800.779,82
2026-09-23T14:13:20+10:00,1790136800.780,82
2026-09-23T14:13:21+10:00,1790136801.740,83
2026-09-23T14:13:21+10:00,1790136801.740,83
2026-09-23T14:13:22+10:00,1790136802.820,83
2026-09-23T14:13:22+10:00,1790136802.820,83
2026-09-23T14:13:23+10:00,1790136803.780,83
2026-09-23T14:13:23+10:00,1790136803.780,83
2026-09-23T14:13:24+10:00,1790136804.740,82
2026-09-23T14:13:24+10:00,1790136804.740,82
2026-09-23T14:13:25+10:00,1790136805.820,81
2026-09-23T14:13:25+10:00,1790136805.820,81
2026-09-23T14:13:26+10:00,1790136806.780,81
2026-09-23T14:13:26+10:00,1790136806.780,81
2026-09-23T14:13:27+10:00,1790136807.740,80
2026-09-23T14:13:27+10:00,1790136807.741,80
2026-09-23T14:13:28+10:00,1790136808.820,80
2026-09-23T14:13:28+10:00,1790136808.820,80
2026-09-23T14:13:30+10:00,1790136810.020,80
2026-09-23T14:13:30+10:00,1790136810.020,80
2026-09-23T14:13:30+10:00,1790136810.740,80
2026-09-23T14:13:30+10:00,1790136810.740,80
2026-09-23T14:13:31+10:00,1790136811.820,80
2026-09-23T14:13:31+10:00,1790136811.820,80
2026-09-23T14:13:32+10:00,1790136812.780,80
2026-09-23T14:13:32+10:00,1790136812.780,80
2026-09-23T14:13:33+10:00,1790136813.740,76
2026-09-23T14:13:33+10:00,1790136813.740,76
2026-09-23T14:13:34+10:00,1790136814.821,73
2026-09-23T14:13:34+10:00,1790136814.821,73
2026-09-23T14:13:35+10:00,1790136815.780,73
2026-09-23T14:13:35+10:00,1790136815.780,73
2026-09-23T14:13:36+10:00,1790136816.740,73
2026-09-23T14:13:36+10:00,1790136816.740,73
2026-09-23T14:13:37+10:00,1790136817.820,69
2026-09-23T14:13:37+10:00,1790136817.820,69
2026-09-23T14:13:38+10:00,1790136818.780,72
2026-09-23T14:13:38+10:00,1790136818.780,72
2026-09-23T14:13:39+10:00,1790136819.740,72
2026-09-23T14:13:39+10:00,1790136819.740,72
2026-09-23T14:13:40+10:00,1790136820.820,72
2026-09-23T14:13:40+10:00,1790136820.820,72
2026-09-23T14:13:41+10:00,1790136821.780,72
2026-09-23T14:13:41+10:00,1790136821.781,72
2026-09-23T14:13:42+10:00,1790136822.740,71
2026-09-23T14:13:42+10:00,1790136822.740,71
2026-09-23T14:13:44+10:00,1790136824.060,71
2026-09-23T14:13:44+10:00,1790136824.060,71
2026-09-23T14:13:44+10:00,1790136824.780,74
2026-09-23T14:13:44+10:00,1790136824.780,74
2026-09-23T14:13:45+10:00,1790136825.740,73
2026-09-23T14:13:45+10:00,1790136825.740,73
2026-09-23T14:13:46+10:00,1790136826.820,79
2026-09-23T14:13:46+10:00,1790136826.820,79
2026-09-23T14:13:47+10:00,1790136827.780,79
2026-09-23T14:13:47+10:00,1790136827.780,79
2026-09-23T14:13:48+10:00,1790136828.980,82
2026-09-23T14:13:48+10:00,1790136828.980,82
2026-09-23T14:13:49+10:00,1790136829.820,81
2026-09-23T14:13:49+10:00,1790136829.820,81
2026-09-23T14:13:50+10:00,1790136830.780,82
2026-09-23T14:13:50+10:00,1790136830.780,82
2026-09-23T14:13:51+10:00,1790136831.740,82
2026-09-23T14:13:51+10:00,1790136831.741,82
2026-09-23T14:13:52+10:00,1790136832.820,82
2026-09-23T14:13:52+10:00,1790136832.820,82
2026-09-23T14:13:53+10:00,1790136833.780,82
2026-09-23T14:13:53+10:00,1790136833.780,82
2026-09-23T14:13:54+10:00,1790136834.740,81
2026-09-23T14:13:54+10:00,1790136834.740,81
2026-09-23T14:13:55+10:00,1790136835.820,80
2026-09-23T14:13:55+10:00,1790136835.820,80
2026-09-23T14:13:56+10:00,1790136836.780,80
2026-09-23T14:13:56+10:00,1790136836.781,80
2026-09-23T14:13:57+10:00,1790136837.980,80
2026-09-23T14:13:57+10:00,1790136837.981,80
2026-09-23T14:13:58+10:00,1790136838.820,80
2026-09-23T14:13:58+10:00,1790136838.820,80
2026-09-23T14:13:59+10:00,1790136839.780,80
2026-09-23T14:13:59+10:00,1790136839.780,80
2026-09-23T14:14:00+10:00,1790136840.860,80
2026-09-23T14:14:00+10:00,1790136840.860,80
2026-09-23T14:14:01+10:00,1790136841.820,81
2026-09-23T14:14:01+10:00,1790136841.820,81
2026-09-23T14:14:03+10:00,1790136843.020,81
2026-09-23T14:14:03+10:00,1790136843.020,81
2026-09-23T14:14:03+10:00,1790136843.860,80
2026-09-23T14:14:03+10:00,1790136843.860,80
2026-09-23T14:14:04+10:00,1790136844.820,80
2026-09-23T14:14:04+10:00,1790136844.820,80
2026-09-23T14:14:05+10:00,1790136845.780,80
2026-09-23T14:14:05+10:00,1790136845.780,80
2026-09-23T14:14:06+10:00,1790136846.861,77
2026-09-23T14:14:06+10:00,1790136846.862,77
2026-09-23T14:14:07+10:00,1790136847.821,77
2026-09-23T14:14:07+10:00,1790136847.821,77
2026-09-23T14:14:08+10:00,1790136848.780,77
2026-09-23T14:14:09+10:00,1790136849.860,77
2026-09-23T14:14:09+10:00,1790136849.860,77
2026-09-23T14:14:10+10:00,1790136850.820,77
2026-09-23T14:14:10+10:00,1790136850.820,77
2026-09-23T14:14:11+10:00,1790136851.780,77
2026-09-23T14:14:11+10:00,1790136851.781,77
2026-09-23T14:14:12+10:00,1790136852.861,76
2026-09-23T14:14:12+10:00,1790136852.861,76
2026-09-23T14:14:13+10:00,1790136853.820,76
2026-09-23T14:14:13+10:00,1790136853.820,76
2026-09-23T14:14:14+10:00,1790136854.780,74
2026-09-23T14:14:14+10:00,1790136854.780,74
2026-09-23T14:14:15+10:00,1790136855.860,71
2026-09-23T14:14:17+10:00,1790136857.060,71
2026-09-23T14:14:17+10:00,1790136857.060,71
2026-09-23T14:14:17+10:00,1790136857.780,71
2026-09-23T14:14:17+10:00,1790136857.780,71
2026-09-23T14:14:18+10:00,1790136858.860,71
2026-09-23T14:14:19+10:00,1790136859.820,71
2026-09-23T14:14:19+10:00,1790136859.821,71
2026-09-23T14:14:20+10:00,1790136860.781,71
2026-09-23T14:14:20+10:00,1790136860.783,71
2026-09-23T14:14:21+10:00,1790136861.860,71
2026-09-23T14:14:21+10:00,1790136861.861,71
2026-09-23T14:14:22+10:00,1790136862.820,72
2026-09-23T14:14:22+10:00,1790136862.820,72
2026-09-23T14:14:23+10:00,1790136863.780,72
2026-09-23T14:14:23+10:00,1790136863.780,72
2026-09-23T14:14:24+10:00,1790136864.860,72
2026-09-23T14:14:24+10:00,1790136864.860,72
2026-09-23T14:14:25+10:00,1790136865.820,72
2026-09-23T14:14:26+10:00,1790136866.780,72
2026-09-23T14:14:26+10:00,1790136866.781,72
2026-09-23T14:14:27+10:00,1790136867.870,72
2026-09-23T14:14:27+10:00,1790136867.872,72
2026-09-23T14:14:28+10:00,1790136868.821,72
2026-09-23T14:14:28+10:00,1790136868.821,72
2026-09-23T14:14:29+10:00,1790136869.781,72
2026-09-23T14:14:29+10:00,1790136869.781,72
2026-09-23T14:14:31+10:00,1790136871.101,76
2026-09-23T14:14:31+10:00,1790136871.101,76
2026-09-23T14:14:31+10:00,1790136871.820,77
2026-09-23T14:14:32+10:00,1790136872.780,77
2026-09-23T14:14:32+10:00,1790136872.780,77
2026-09-23T14:14:33+10:00,1790136873.860,77
2026-09-23T14:14:33+10:00,1790136873.861,77
2026-09-23T14:14:34+10:00,1790136874.821,77
2026-09-23T14:14:34+10:00,1790136874.821,77
2026-09-23T14:14:36+10:00,1790136876.021,77
2026-09-23T14:14:36+10:00,1790136876.021,77
2026-09-23T14:14:36+10:00,1790136876.860,77
2026-09-23T14:14:36+10:00,1790136876.860,77
2026-09-23T14:14:37+10:00,1790136877.820,77
2026-09-23T14:14:37+10:00,1790136877.820,77
2026-09-23T14:14:38+10:00,1790136878.780,77
2026-09-23T14:14:38+10:00,1790136878.780,77
2026-09-23T14:14:39+10:00,1790136879.860,77
2026-09-23T14:14:39+10:00,1790136879.860,77
2026-09-23T14:14:40+10:00,1790136880.820,77
2026-09-23T14:14:40+10:00,1790136880.820,77
2026-09-23T14:14:41+10:00,1790136881.780,77
2026-09-23T14:14:42+10:00,1790136882.860,77
2026-09-23T14:14:42+10:00,1790136882.861,77
2026-09-23T14:14:43+10:00,1790136883.821,77
2026-09-23T14:14:43+10:00,1790136883.822,77
2026-09-23T14:14:45+10:00,1790136885.028,77
2026-09-23T14:14:45+10:00,1790136885.029,77
2026-09-23T14:14:45+10:00,1790136885.861,76
2026-09-23T14:14:45+10:00,1790136885.861,76
2026-09-23T14:14:46+10:00,1790136886.820,76
2026-09-23T14:14:46+10:00,1790136886.820,76
2026-09-23T14:14:47+10:00,1790136887.780,76
2026-09-23T14:14:47+10:00,1790136887.780,76
2026-09-23T14:14:48+10:00,1790136888.860,76
2026-09-23T14:14:48+10:00,1790136888.860,76
2026-09-23T14:14:50+10:00,1790136890.060,76
2026-09-23T14:14:50+10:00,1790136890.060,76
2026-09-23T14:14:50+10:00,1790136890.780,76
2026-09-23T14:14:50+10:00,1790136890.780,76
2026-09-23T14:14:51+10:00,1790136891.860,76
2026-09-23T14:14:51+10:00,1790136891.860,76
2026-09-23T14:14:52+10:00,1790136892.820,78
2026-09-23T14:14:52+10:00,1790136892.820,78
2026-09-23T14:14:53+10:00,1790136893.780,78
2026-09-23T14:14:53+10:00,1790136893.780,78
2026-09-23T14:14:54+10:00,1790136894.860,80
2026-09-23T14:14:54+10:00,1790136894.860,80
2026-09-23T14:14:55+10:00,1790136895.820,80
2026-09-23T14:14:55+10:00,1790136895.821,80
2026-09-23T14:14:56+10:00,1790136896.780,80
2026-09-23T14:14:56+10:00,1790136896.780,80
2026-09-23T14:14:57+10:00,1790136897.860,80
2026-09-23T14:14:57+10:00,1790136897.860,80
2026-09-23T14:14:58+10:00,1790136898.821,80
2026-09-23T14:14:58+10:00,1790136898.821,80
2026-09-23T14:14:59+10:00,1790136899.780,80
2026-09-23T14:14:59+10:00,1790136899.781,80
2026-09-23T14:15:00+10:00,1790136900.860,80
2026-09-23T14:15:00+10:00,1790136900.860,80
2026-09-23T14:15:01+10:00,1790136901.820,80
2026-09-23T14:15:01+10:00,1790136901.820,80
2026-09-23T14:15:02+10:00,1790136902.780,80
2026-09-23T14:15:02+10:00,1790136902.780,80
2026-09-23T14:15:04+10:00,1790136904.100,78
2026-09-23T14:15:04+10:00,1790136904.100,78
2026-09-23T14:15:04+10:00,1790136904.821,76
2026-09-23T14:15:04+10:00,1790136904.822,76
2026-09-23T14:15:05+10:00,1790136905.900,76
2026-09-23T14:15:05+10:00,1790136905.900,76
2026-09-23T14:15:06+10:00,1790136906.860,75
2026-09-23T14:15:06+10:00,1790136906.860,75
2026-09-23T14:15:07+10:00,1790136907.821,75
2026-09-23T14:15:07+10:00,1790136907.822,75
2026-09-23T14:15:08+10:00,1790136908.901,74
2026-09-23T14:15:08+10:00,1790136908.901,74
2026-09-23T14:15:09+10:00,1790136909.860,74
2026-09-23T14:15:09+10:00,1790136909.861,74
2026-09-23T14:15:10+10:00,1790136910.821,74
2026-09-23T14:15:10+10:00,1790136910.821,74
2026-09-23T14:15:11+10:00,1790136911.900,74
2026-09-23T14:15:11+10:00,1790136911.901,74
2026-09-23T14:15:12+10:00,1790136912.860,75
2026-09-23T14:15:12+10:00,1790136912.860,75
2026-09-23T14:15:13+10:00,1790136913.820,75
2026-09-23T14:15:13+10:00,1790136913.820,75
2026-09-23T14:15:14+10:00,1790136914.900,75
2026-09-23T14:15:14+10:00,1790136914.900,75
2026-09-23T14:15:15+10:00,1790136915.861,76
2026-09-23T14:15:16+10:00,1790136916.820,76
2026-09-23T14:15:16+10:00,1790136916.820,76
2026-09-23T14:15:18+10:00,1790136918.141,76
2026-09-23T14:15:18+10:00,1790136918.141,76
2026-09-23T14:15:18+10:00,1790136918.860,75
2026-09-23T14:15:18+10:00,1790136918.860,75
2026-09-23T14:15:19+10:00,1790136919.820,75
2026-09-23T14:15:19+10:00,1790136919.821,75
2026-09-23T14:15:20+10:00,1790136920.901,75
2026-09-23T14:15:20+10:00,1790136920.902,75
2026-09-23T14:15:21+10:00,1790136921.860,75
2026-09-23T14:15:21+10:00,1790136921.860,75
2026-09-23T14:15:23+10:00,1790136923.060,75
2026-09-23T14:15:23+10:00,1790136923.060,75
2026-09-23T14:15:23+10:00,1790136923.900,75
2026-09-23T14:15:23+10:00,1790136923.900,75
2026-09-23T14:15:24+10:00,1790136924.860,75
2026-09-23T14:15:24+10:00,1790136924.860,75
2026-09-23T14:15:25+10:00,1790136925.820,75
2026-09-23T14:15:25+10:00,1790136925.820,75
2026-09-23T14:15:26+10:00,1790136926.900,75
2026-09-23T14:15:26+10:00,1790136926.900,75
2026-09-23T14:15:27+10:00,1790136927.864,75
2026-09-23T14:15:27+10:00,1790136927.864,75
2026-09-23T14:15:28+10:00,1790136928.822,75
2026-09-23T14:15:28+10:00,1790136928.823,75
2026-09-23T14:15:29+10:00,1790136929.901,75
2026-09-23T14:15:29+10:00,1790136929.901,75
2026-09-23T14:15:30+10:00,1790136930.860,75
2026-09-23T14:15:30+10:00,1790136930.860,75
2026-09-23T14:15:31+10:00,1790136931.820,75
2026-09-23T14:15:31+10:00,1790136931.821,75
2026-09-23T14:15:32+10:00,1790136932.900,75
2026-09-23T14:15:32+10:00,1790136932.900,75
2026-09-23T14:15:33+10:00,1790136933.860,75
2026-09-23T14:15:34+10:00,1790136934.820,75
2026-09-23T14:15:34+10:00,1790136934.820,75
2026-09-23T14:15:35+10:00,1790136935.900,75
2026-09-23T14:15:35+10:00,1790136935.901,75
2026-09-23T14:15:37+10:00,1790136937.100,75
2026-09-23T14:15:37+10:00,1790136937.100,75
2026-09-23T14:15:37+10:00,1790136937.820,75
2026-09-23T14:15:37+10:00,1790136937.820,75
2026-09-23T14:15:38+10:00,1790136938.900,75
2026-09-23T14:15:38+10:00,1790136938.900,75
2026-09-23T14:15:39+10:00,1790136939.860,75
2026-09-23T14:15:40+10:00,1790136940.820,75
2026-09-23T14:15:40+10:00,1790136940.820,75
2026-09-23T14:15:41+10:00,1790136941.901,75
2026-09-23T14:15:41+10:00,1790136941.901,75
2026-09-23T14:15:42+10:00,1790136942.860,75
2026-09-23T14:15:42+10:00,1790136942.861,75
2026-09-23T14:15:43+10:00,1790136943.820,73
2026-09-23T14:15:43+10:00,1790136943.821,73
2026-09-23T14:15:44+10:00,1790136944.900,71
2026-09-23T14:15:44+10:00,1790136944.900,71
2026-09-23T14:15:45+10:00,1790136945.860,71
2026-09-23T14:15:45+10:00,1790136945.860,71
2026-09-23T14:15:46+10:00,1790136946.821,71
2026-09-23T14:15:46+10:00,1790136946.821,71
2026-09-23T14:15:47+10:00,1790136947.900,71
2026-09-23T14:15:47+10:00,1790136947.900,71
2026-09-23T14:15:48+10:00,1790136948.861,71
2026-09-23T14:15:48+10:00,1790136948.861,71
2026-09-23T14:15:49+10:00,1790136949.820,71
2026-09-23T14:15:49+10:00,1790136949.820,71
2026-09-23T14:15:51+10:00,1790136951.141,71
2026-09-23T14:15:51+10:00,1790136951.141,71
2026-09-23T14:15:51+10:00,1790136951.860,71
2026-09-23T14:15:51+10:00,1790136951.861,71
2026-09-23T14:15:52+10:00,1790136952.820,71
2026-09-23T14:15:52+10:00,1790136952.820,71
2026-09-23T14:15:53+10:00,1790136953.900,71
2026-09-23T14:15:53+10:00,1790136953.901,71
2026-09-23T14:15:54+10:00,1790136954.860,71
2026-09-23T14:15:54+10:00,1790136954.861,71
2026-09-23T14:15:56+10:00,1790136956.061,71
2026-09-23T14:15:56+10:00,1790136956.061,71
2026-09-23T14:15:56+10:00,1790136956.901,71
2026-09-23T14:15:56+10:00,1790136956.901,71
2026-09-23T14:15:57+10:00,1790136957.862,71
2026-09-23T14:15:57+10:00,1790136957.864,71
2026-09-23T14:15:58+10:00,1790136958.821,71
2026-09-23T14:15:58+10:00,1790136958.821,71
2026-09-23T14:15:59+10:00,1790136959.901,71
2026-09-23T14:15:59+10:00,1790136959.901,71
2026-09-23T14:16:00+10:00,1790136960.861,71
2026-09-23T14:16:00+10:00,1790136960.861,71
2026-09-23T14:16:01+10:00,1790136961.820,71
2026-09-23T14:16:01+10:00,1790136961.820,71
2026-09-23T14:16:02+10:00,1790136962.900,71
2026-09-23T14:16:02+10:00,1790136962.900,71
2026-09-23T14:16:03+10:00,1790136963.860,71
2026-09-23T14:16:03+10:00,1790136963.861,71
2026-09-23T14:16:04+10:00,1790136964.820,71
2026-09-23T14:16:04+10:00,1790136964.821,71
2026-09-23T14:16:05+10:00,1790136965.902,71
2026-09-23T14:16:06+10:00,1790136966.860,71
2026-09-23T14:16:06+10:00,1790136966.861,71
2026-09-23T14:16:07+10:00,1790136967.941,71
2026-09-23T14:16:07+10:00,1790136967.941,71
2026-09-23T14:16:08+10:00,1790136968.900,72
2026-09-23T14:16:08+10:00,1790136968.901,72
2026-09-23T14:16:10+10:00,1790136970.101,72
2026-09-23T14:16:10+10:00,1790136970.101,72
2026-09-23T14:16:10+10:00,1790136970.941,72
2026-09-23T14:16:10+10:00,1790136970.941,72
2026-09-23T14:16:11+10:00,1790136971.901,72
2026-09-23T14:16:11+10:00,1790136971.901,72
2026-09-23T14:16:12+10:00,1790136972.861,72
2026-09-23T14:16:12+10:00,1790136972.861,72
2026-09-23T14:16:13+10:00,1790136973.941,72
2026-09-23T14:16:13+10:00,1790136973.941,72
2026-09-23T14:16:14+10:00,1790136974.901,72
2026-09-23T14:16:14+10:00,1790136974.901,72
2026-09-23T14:16:15+10:00,1790136975.861,72
2026-09-23T14:16:15+10:00,1790136975.861,72
2026-09-23T14:16:16+10:00,1790136976.941,72
2026-09-23T14:16:16+10:00,1790136976.941,72
2026-09-23T14:16:17+10:00,1790136977.901,72
2026-09-23T14:16:17+10:00,1790136977.901,72
2026-09-23T14:16:18+10:00,1790136978.861,73
2026-09-23T14:16:18+10:00,1790136978.861,73
2026-09-23T14:16:19+10:00,1790136979.941,73
2026-09-23T14:16:19+10:00,1790136979.941,73
2026-09-23T14:16:20+10:00,1790136980.901,73
2026-09-23T14:16:20+10:00,1790136980.901,73
2026-09-23T14:16:21+10:00,1790136981.861,73
2026-09-23T14:16:21+10:00,1790136981.861,73
2026-09-23T14:16:22+10:00,1790136982.941,74
2026-09-23T14:16:22+10:00,1790136982.941,74
2026-09-23T14:16:24+10:00,1790136984.141,74
2026-09-23T14:16:24+10:00,1790136984.141,74
2026-09-23T14:16:24+10:00,1790136984.861,74
2026-09-23T14:16:24+10:00,1790136984.861,74
2026-09-23T14:16:25+10:00,1790136985.941,74
2026-09-23T14:16:25+10:00,1790136985.941,74
2026-09-23T14:16:26+10:00,1790136986.901,74
2026-09-23T14:16:26+10:00,1790136986.901,74
2026-09-23T14:16:27+10:00,1790136987.861,74
2026-09-23T14:16:28+10:00,1790136988.941,75
2026-09-23T14:16:29+10:00,1790136989.901,75
2026-09-23T14:16:29+10:00,1790136989.901,75
2026-09-23T14:16:30+10:00,1790136990.863,75
2026-09-23T14:16:30+10:00,1790136990.864,75
2026-09-23T14:16:31+10:00,1790136991.941,75
2026-09-23T14:16:32+10:00,1790136992.901,76
2026-09-23T14:16:32+10:00,1790136992.901,76
2026-09-23T14:16:33+10:00,1790136993.861,77
2026-09-23T14:16:33+10:00,1790136993.861,77
2026-09-23T14:16:34+10:00,1790136994.941,77
2026-09-23T14:16:34+10:00,1790136994.941,77
2026-09-23T14:16:35+10:00,1790136995.902,77
2026-09-23T14:16:35+10:00,1790136995.904,77
2026-09-23T14:16:36+10:00,1790136996.861,77
2026-09-23T14:16:36+10:00,1790136996.861,77
2026-09-23T14:16:38+10:00,1790136998.181,77
2026-09-23T14:16:38+10:00,1790136998.181,77
2026-09-23T14:16:38+10:00,1790136998.901,77
2026-09-23T14:16:38+10:00,1790136998.901,77
2026-09-23T14:16:39+10:00,1790136999.861,76
2026-09-23T14:16:39+10:00,1790136999.861,76
2026-09-23T14:16:40+10:00,1790137000.941,74
2026-09-23T14:16:40+10:00,1790137000.941,74
2026-09-23T14:16:41+10:00,1790137001.901,74
2026-09-23T14:16:41+10:00,1790137001.901,74
2026-09-23T14:16:43+10:00,1790137003.103,72
2026-09-23T14:16:43+10:00,1790137003.107,72
2026-09-23T14:16:43+10:00,1790137003.941,72
2026-09-23T14:16:43+10:00,1790137003.941,72
2026-09-23T14:16:44+10:00,1790137004.901,72
2026-09-23T14:16:44+10:00,1790137004.901,72
2026-09-23T14:16:45+10:00,1790137005.862,72
2026-09-23T14:16:45+10:00,1790137005.863,72
2026-09-23T14:16:46+10:00,1790137006.942,72
2026-09-23T14:16:46+10:00,1790137006.942,72
2026-09-23T14:16:47+10:00,1790137007.902,72
2026-09-23T14:16:47+10:00,1790137007.902,72
2026-09-23T14:16:48+10:00,1790137008.861,72
2026-09-23T14:16:48+10:00,1790137008.861,72
2026-09-23T14:16:49+10:00,1790137009.941,73
2026-09-23T14:16:49+10:00,1790137009.941,73
2026-09-23T14:16:50+10:00,1790137010.901,74
2026-09-23T14:16:50+10:00,1790137010.901,74
2026-09-23T14:16:52+10:00,1790137012.101,75
2026-09-23T14:16:52+10:00,1790137012.101,75
2026-09-23T14:16:52+10:00,1790137012.941,76
2026-09-23T14:16:52+10:00,1790137012.942,76
2026-09-23T14:16:53+10:00,1790137013.901,76
2026-09-23T14:16:53+10:00,1790137013.901,76
2026-09-23T14:16:54+10:00,1790137014.861,76
2026-09-23T14:16:54+10:00,1790137014.861,76
2026-09-23T14:16:55+10:00,1790137015.941,76
2026-09-23T14:16:55+10:00,1790137015.941,76
2026-09-23T14:16:57+10:00,1790137017.142,76
2026-09-23T14:16:57+10:00,1790137017.142,76
2026-09-23T14:16:57+10:00,1790137017.862,76
2026-09-23T14:16:57+10:00,1790137017.862,76
2026-09-23T14:16:58+10:00,1790137018.942,76
2026-09-23T14:16:58+10:00,1790137018.942,76
2026-09-23T14:16:59+10:00,1790137019.901,76
2026-09-23T14:16:59+10:00,1790137019.903,76
2026-09-23T14:17:00+10:00,1790137020.861,76
2026-09-23T14:17:00+10:00,1790137020.861,76
2026-09-23T14:17:01+10:00,1790137021.941,76
2026-09-23T14:17:01+10:00,1790137021.941,76
2026-09-23T14:17:02+10:00,1790137022.901,78
2026-09-23T14:17:02+10:00,1790137022.901,78
2026-09-23T14:17:03+10:00,1790137023.861,78
2026-09-23T14:17:03+10:00,1790137023.861,78
2026-09-23T14:17:04+10:00,1790137024.941,77
2026-09-23T14:17:04+10:00,1790137024.941,77
2026-09-23T14:17:05+10:00,1790137025.901,77
2026-09-23T14:17:05+10:00,1790137025.902,77
2026-09-23T14:17:06+10:00,1790137026.862,77
2026-09-23T14:17:06+10:00,1790137026.863,77
2026-09-23T14:17:07+10:00,1790137027.941,79
2026-09-23T14:17:07+10:00,1790137027.945,79
2026-09-23T14:17:08+10:00,1790137028.903,79
2026-09-23T14:17:08+10:00,1790137028.905,79
2026-09-23T14:17:09+10:00,1790137029.861,79
2026-09-23T14:17:09+10:00,1790137029.861,79
2026-09-23T14:17:11+10:00,1790137031.181,79
2026-09-23T14:17:11+10:00,1790137031.901,79
2026-09-23T14:17:11+10:00,1790137031.901,79
2026-09-23T14:17:12+10:00,1790137032.861,80
2026-09-23T14:17:12+10:00,1790137032.861,80
2026-09-23T14:17:13+10:00,1790137033.941,80
2026-09-23T14:17:13+10:00,1790137033.941,80
2026-09-23T14:17:14+10:00,1790137034.902,81
2026-09-23T14:17:14+10:00,1790137034.902,81
2026-09-23T14:17:15+10:00,1790137035.861,82
2026-09-23T14:17:15+10:00,1790137035.861,82
2026-09-23T14:17:16+10:00,1790137036.944,82
2026-09-23T14:17:16+10:00,1790137036.944,82
2026-09-23T14:17:17+10:00,1790137037.901,82
2026-09-23T14:17:17+10:00,1790137037.901,82
2026-09-23T14:17:18+10:00,1790137038.861,82
2026-09-23T14:17:18+10:00,1790137038.861,82
2026-09-23T14:17:19+10:00,1790137039.943,82
2026-09-23T14:17:19+10:00,1790137039.943,82
2026-09-23T14:17:20+10:00,1790137040.902,82
2026-09-23T14:17:20+10:00,1790137040.902,82
2026-09-23T14:17:21+10:00,1790137041.861,82
2026-09-23T14:17:21+10:00,1790137041.861,82
2026-09-23T14:17:22+10:00,1790137042.941,81
2026-09-23T14:17:22+10:00,1790137042.942,81
2026-09-23T14:17:23+10:00,1790137043.901,81
2026-09-23T14:17:23+10:00,1790137043.902,81
2026-09-23T14:17:25+10:00,1790137045.101,80
2026-09-23T14:17:25+10:00,1790137045.101,80
2026-09-23T14:17:25+10:00,1790137045.941,80
2026-09-23T14:17:25+10:00,1790137045.941,80
2026-09-23T14:17:26+10:00,1790137046.901,80
2026-09-23T14:17:26+10:00,1790137046.901,80
2026-09-23T14:17:27+10:00,1790137047.861,80
2026-09-23T14:17:27+10:00,1790137047.861,80
2026-09-23T14:17:28+10:00,1790137048.942,77
2026-09-23T14:17:28+10:00,1790137048.942,77
2026-09-23T14:17:30+10:00,1790137050.141,77
2026-09-23T14:17:30+10:00,1790137050.142,77
2026-09-23T14:17:30+10:00,1790137050.861,77
2026-09-23T14:17:30+10:00,1790137050.861,77
2026-09-23T14:17:31+10:00,1790137051.941,77
2026-09-23T14:17:31+10:00,1790137051.942,77
2026-09-23T14:17:32+10:00,1790137052.901,77
2026-09-23T14:17:32+10:00,1790137052.902,77
2026-09-23T14:17:33+10:00,1790137053.861,77
2026-09-23T14:17:33+10:00,1790137053.862,77
2026-09-23T14:17:34+10:00,1790137054.942,77
2026-09-23T14:17:34+10:00,1790137054.942,77
2026-09-23T14:17:35+10:00,1790137055.901,77
2026-09-23T14:17:35+10:00,1790137055.901,77
2026-09-23T14:17:36+10:00,1790137056.862,77
2026-09-23T14:17:36+10:00,1790137056.863,77
2026-09-23T14:17:37+10:00,1790137057.941,77
2026-09-23T14:17:37+10:00,1790137057.942,77
2026-09-23T14:17:38+10:00,1790137058.901,76
2026-09-23T14:17:38+10:00,1790137058.902,76
2026-09-23T14:17:39+10:00,1790137059.861,76
2026-09-23T14:17:39+10:00,1790137059.861,76
2026-09-23T14:17:40+10:00,1790137060.941,76
2026-09-23T14:17:40+10:00,1790137060.942,76
2026-09-23T14:17:41+10:00,1790137061.901,76
2026-09-23T14:17:42+10:00,1790137062.862,76
2026-09-23T14:17:42+10:00,1790137062.862,76
2026-09-23T14:17:44+10:00,1790137064.182,76
2026-09-23T14:17:44+10:00,1790137064.184,76
2026-09-23T14:17:44+10:00,1790137064.904,76
2026-09-23T14:17:44+10:00,1790137064.904,76
2026-09-23T14:17:45+10:00,1790137065.861,76
2026-09-23T14:17:45+10:00,1790137065.862,76
2026-09-23T14:17:46+10:00,1790137066.942,76
2026-09-23T14:17:46+10:00,1790137066.942,76
2026-09-23T14:17:47+10:00,1790137067.902,76
2026-09-23T14:17:48+10:00,1790137068.862,76
2026-09-23T14:17:48+10:00,1790137068.862,76
2026-09-23T14:17:49+10:00,1790137069.941,76
2026-09-23T14:17:49+10:00,1790137069.942,76
2026-09-23T14:17:50+10:00,1790137070.902,76
2026-09-23T14:17:50+10:00,1790137070.902,76
2026-09-23T14:17:51+10:00,1790137071.981,76
2026-09-23T14:17:51+10:00,1790137071.982,76
2026-09-23T14:17:52+10:00,1790137072.942,76
2026-09-23T14:17:52+10:00,1790137072.942,76
2026-09-23T14:17:53+10:00,1790137073.902,76
2026-09-23T14:17:53+10:00,1790137073.902,76
2026-09-23T14:17:54+10:00,1790137074.981,76
2026-09-23T14:17:54+10:00,1790137074.982,76
2026-09-23T14:17:55+10:00,1790137075.941,76
2026-09-23T14:17:55+10:00,1790137075.942,76
2026-09-23T14:17:56+10:00,1790137076.902,76
2026-09-23T14:17:56+10:00,1790137076.902,76
2026-09-23T14:17:58+10:00,1790137078.223,76
2026-09-23T14:17:58+10:00,1790137078.223,76
2026-09-23T14:17:58+10:00,1790137078.942,76
2026-09-23T14:17:58+10:00,1790137078.943,76
2026-09-23T14:17:59+10:00,1790137079.903,76
2026-09-23T14:17:59+10:00,1790137079.907,76
2026-09-23T14:18:00+10:00,1790137080.981,76
2026-09-23T14:18:00+10:00,1790137080.983,76
2026-09-23T14:18:01+10:00,1790137081.942,76
2026-09-23T14:18:01+10:00,1790137081.942,76
2026-09-23T14:18:03+10:00,1790137083.142,77
2026-09-23T14:18:03+10:00,1790137083.142,77
2026-09-23T14:18:03+10:00,1790137083.982,77
2026-09-23T14:18:03+10:00,1790137083.982,77
2026-09-23T14:18:04+10:00,1790137084.942,77
2026-09-23T14:18:04+10:00,1790137084.942,77
2026-09-23T14:18:05+10:00,1790137085.902,77
2026-09-23T14:18:05+10:00,1790137085.902,77
2026-09-23T14:18:06+10:00,1790137086.981,77
2026-09-23T14:18:06+10:00,1790137086.982,77
2026-09-23T14:18:07+10:00,1790137087.942,77
2026-09-23T14:18:07+10:00,1790137087.942,77
2026-09-23T14:18:08+10:00,1790137088.902,76
2026-09-23T14:18:08+10:00,1790137088.906,76
2026-09-23T14:18:09+10:00,1790137089.981,76
2026-09-23T14:18:09+10:00,1790137089.982,76
2026-09-23T14:18:10+10:00,1790137090.942,76
2026-09-23T14:18:10+10:00,1790137090.942,76
2026-09-23T14:18:12+10:00,1790137092.142,76
2026-09-23T14:18:12+10:00,1790137092.142,76
2026-09-23T14:18:12+10:00,1790137092.982,76
2026-09-23T14:18:12+10:00,1790137092.982,76
2026-09-23T14:18:13+10:00,1790137093.941,76
2026-09-23T14:18:13+10:00,1790137093.942,76
2026-09-23T14:18:14+10:00,1790137094.902,76
2026-09-23T14:18:14+10:00,1790137094.902,76
2026-09-23T14:18:15+10:00,1790137095.982,75
2026-09-23T14:18:15+10:00,1790137095.982,75
2026-09-23T14:18:17+10:00,1790137097.182,75
2026-09-23T14:18:17+10:00,1790137097.182,75
2026-09-23T14:18:17+10:00,1790137097.902,75
2026-09-23T14:18:17+10:00,1790137097.903,75
2026-09-23T14:18:18+10:00,1790137098.982,75
2026-09-23T14:18:18+10:00,1790137098.984,75
2026-09-23T14:18:19+10:00,1790137099.942,75
2026-09-23T14:18:19+10:00,1790137099.942,75
2026-09-23T14:18:20+10:00,1790137100.901,74
2026-09-23T14:18:20+10:00,1790137100.902,74
2026-09-23T14:18:21+10:00,1790137101.982,73
2026-09-23T14:18:21+10:00,1790137101.982,73
2026-09-23T14:18:22+10:00,1790137102.942,73
2026-09-23T14:18:22+10:00,1790137102.942,73
2026-09-23T14:18:23+10:00,1790137103.902,73
2026-09-23T14:18:23+10:00,1790137103.902,73
2026-09-23T14:18:24+10:00,1790137104.982,73
2026-09-23T14:18:24+10:00,1790137104.982,73
2026-09-23T14:18:25+10:00,1790137105.942,73
2026-09-23T14:18:25+10:00,1790137105.942,73
2026-09-23T14:18:26+10:00,1790137106.902,74
2026-09-23T14:18:26+10:00,1790137106.902,74
2026-09-23T14:18:27+10:00,1790137107.982,75
2026-09-23T14:18:27+10:00,1790137107.982,75
2026-09-23T14:18:28+10:00,1790137108.942,75
2026-09-23T14:18:28+10:00,1790137108.942,75
2026-09-23T14:18:29+10:00,1790137109.902,75
2026-09-23T14:18:29+10:00,1790137109.902,75
2026-09-23T14:18:31+10:00,1790137111.222,74
2026-09-23T14:18:31+10:00,1790137111.223,74
2026-09-23T14:18:31+10:00,1790137111.942,74
2026-09-23T14:18:31+10:00,1790137111.942,74
2026-09-23T14:18:32+10:00,1790137112.902,77
2026-09-23T14:18:32+10:00,1790137112.902,77
2026-09-23T14:18:33+10:00,1790137113.982,77
2026-09-23T14:18:33+10:00,1790137113.982,77
2026-09-23T14:18:34+10:00,1790137114.942,78
2026-09-23T14:18:34+10:00,1790137114.942,78
2026-09-23T14:18:35+10:00,1790137115.902,78
2026-09-23T14:18:35+10:00,1790137115.902,78
2026-09-23T14:18:36+10:00,1790137116.982,79
2026-09-23T14:18:36+10:00,1790137116.982,79
2026-09-23T14:18:37+10:00,1790137117.942,80
2026-09-23T14:18:37+10:00,1790137117.942,80
2026-09-23T14:18:38+10:00,1790137118.902,80
2026-09-23T14:18:38+10:00,1790137118.902,80
2026-09-23T14:18:39+10:00,1790137119.982,80
2026-09-23T14:18:39+10:00,1790137119.982,80
2026-09-23T14:18:40+10:00,1790137120.943,80
2026-09-23T14:18:40+10:00,1790137120.943,80
2026-09-23T14:18:41+10:00,1790137121.902,80
2026-09-23T14:18:41+10:00,1790137121.902,80
2026-09-23T14:18:42+10:00,1790137122.982,80
2026-09-23T14:18:42+10:00,1790137122.982,80
2026-09-23T14:18:43+10:00,1790137123.942,80
2026-09-23T14:18:43+10:00,1790137123.942,80
2026-09-23T14:18:45+10:00,1790137125.142,0
2026-09-23T14:18:45+10:00,1790137125.142,0
2026-09-23T14:18:45+10:00,1790137125.982,0
2026-09-23T14:18:45+10:00,1790137125.982,0
2026-09-23T14:18:46+10:00,1790137126.942,0
2026-09-23T14:18:46+10:00,1790137126.942,0
2026-09-23T14:18:47+10:00,1790137127.902,0
2026-09-23T14:18:47+10:00,1790137127.902,0
2026-09-23T14:18:48+10:00,1790137128.982,0
2026-09-23T14:18:48+10:00,1790137128.982,0
2026-09-23T14:18:50+10:00,1790137130.182,0
2026-09-23T14:18:50+10:00,1790137130.182,0
2026-09-23T14:18:50+10:00,1790137130.902,0
2026-09-23T14:18:50+10:00,1790137130.902,0
2026-09-23T14:18:51+10:00,1790137131.982,0
2026-09-23T14:18:51+10:00,1790137131.982,0
2026-09-23T14:18:52+10:00,1790137132.942,0
2026-09-23T14:18:52+10:00,1790137132.942,0
2026-09-23T14:18:53+10:00,1790137133.902,0
2026-09-23T14:18:53+10:00,1790137133.902,0
2026-09-23T14:18:54+10:00,1790137134.982,0
2026-09-23T14:18:54+10:00,1790137134.982,0
2026-09-23T14:18:55+10:00,1790137135.942,0
2026-09-23T14:18:55+10:00,1790137135.942,0
2026-09-23T14:18:56+10:00,1790137136.902,0
2026-09-23T14:18:56+10:00,1790137136.902,0
2026-09-23T14:18:57+10:00,1790137137.982,0
2026-09-23T14:18:57+10:00,1790137137.982,0
2026-09-23T14:18:59+10:00,1790137139.183,0
2026-09-23T14:18:59+10:00,1790137139.184,0
2026-09-23T14:18:59+10:00,1790137139.903,0
2026-09-23T14:18:59+10:00,1790137139.903,0
2026-09-23T14:19:00+10:00,1790137140.982,0
2026-09-23T14:19:00+10:00,1790137140.982,0
2026-09-23T14:19:01+10:00,1790137141.942,0
2026-09-23T14:19:01+10:00,1790137141.942,0
2026-09-23T14:19:02+10:00,1790137142.902,0
2026-09-23T14:19:02+10:00,1790137142.902,0
2026-09-23T14:19:04+10:00,1790137144.222,0
2026-09-23T14:19:04+10:00,1790137144.222,0
2026-09-23T14:19:04+10:00,1790137144.942,0
2026-09-23T14:19:04+10:00,1790137144.942,0
2026-09-23T14:19:05+10:00,1790137145.902,0
2026-09-23T14:19:05+10:00,1790137145.903,0
2026-09-23T14:19:06+10:00,1790137146.982,0
2026-09-23T14:19:06+10:00,1790137146.982,0
2026-09-23T14:19:07+10:00,1790137147.942,0
2026-09-23T14:19:07+10:00,1790137147.942,0
2026-09-23T14:19:09+10:00,1790137149.022,0
2026-09-23T14:19:09+10:00,1790137149.022,0
2026-09-23T14:19:09+10:00,1790137149.982,0
2026-09-23T14:19:09+10:00,1790137149.982,0
2026-09-23T14:19:10+10:00,1790137150.942,0
2026-09-23T14:19:12+10:00,1790137152.022,0
2026-09-23T14:19:12+10:00,1790137152.023,0
2026-09-23T14:19:12+10:00,1790137152.982,0
2026-09-23T14:19:12+10:00,1790137152.982,0
2026-09-23T14:19:13+10:00,1790137153.942,0
2026-09-23T14:19:13+10:00,1790137153.942,0
2026-09-23T14:19:15+10:00,1790137155.022,0
2026-09-23T14:19:15+10:00,1790137155.023,0
2026-09-23T14:19:15+10:00,1790137155.982,0
2026-09-23T14:19:15+10:00,1790137155.982,0
2026-09-23T14:19:16+10:00,1790137156.942,0
2026-09-23T14:19:16+10:00,1790137156.942,0
2026-09-23T14:19:18+10:00,1790137158.264,0
2026-09-23T14:19:18+10:00,1790137158.264,0
2026-09-23T14:19:18+10:00,1790137158.982,0
2026-09-23T14:19:18+10:00,1790137158.983,0
2026-09-23T14:19:19+10:00,1790137159.942,0
2026-09-23T14:19:19+10:00,1790137159.943,0
2026-09-23T14:19:21+10:00,1790137161.024,0
2026-09-23T14:19:21+10:00,1790137161.024,0
2026-09-23T14:19:21+10:00,1790137161.983,0
2026-09-23T14:19:21+10:00,1790137161.983,0
2026-09-23T14:19:22+10:00,1790137162.942,0
2026-09-23T14:19:22+10:00,1790137162.945,0
2026-09-23T14:19:24+10:00,1790137164.022,0
2026-09-23T14:19:24+10:00,1790137164.022,0
2026-09-23T14:19:24+10:00,1790137164.982,0
2026-09-23T14:19:24+10:00,1790137164.982,0
2026-09-23T14:19:25+10:00,1790137165.942,0
2026-09-23T14:19:25+10:00,1790137165.943,0
2026-09-23T14:19:27+10:00,1790137167.022,0
2026-09-23T14:19:27+10:00,1790137167.023,0
2026-09-23T14:19:27+10:00,1790137167.982,0
2026-09-23T14:19:27+10:00,1790137167.982,0
2026-09-23T14:19:28+10:00,1790137168.943,0
2026-09-23T14:19:28+10:00,1790137168.943,0
2026-09-23T14:19:30+10:00,1790137170.022,0
2026-09-23T14:19:30+10:00,1790137170.023,0
2026-09-23T14:19:30+10:00,1790137170.982,0
2026-09-23T14:19:30+10:00,1790137170.983,0
2026-09-23T14:19:32+10:00,1790137172.182,0
2026-09-23T14:19:32+10:00,1790137172.182,0
2026-09-23T14:19:33+10:00,1790137173.022,0
2026-09-23T14:19:33+10:00,1790137173.022,0
2026-09-23T14:19:33+10:00,1790137173.982,0
2026-09-23T14:19:33+10:00,1790137173.983,0
2026-09-23T14:19:34+10:00,1790137174.942,0
2026-09-23T14:19:34+10:00,1790137174.942,0
2026-09-23T14:19:36+10:00,1790137176.022,0
2026-09-23T14:19:36+10:00,1790137176.022,0
2026-09-23T14:19:37+10:00,1790137177.222,0
2026-09-23T14:19:37+10:00,1790137177.222,0
2026-09-23T14:19:37+10:00,1790137177.942,0
2026-09-23T14:19:37+10:00,1790137177.942,0
2026-09-23T14:19:39+10:00,1790137179.022,0
2026-09-23T14:19:39+10:00,1790137179.022,0
2026-09-23T14:19:39+10:00,1790137179.982,0
2026-09-23T14:19:39+10:00,1790137179.982,0
2026-09-23T14:19:40+10:00,1790137180.942,0
2026-09-23T14:19:40+10:00,1790137180.943,0
2026-09-23T14:19:42+10:00,1790137182.023,0
2026-09-23T14:19:42+10:00,1790137182.023,0
2026-09-23T14:19:42+10:00,1790137182.982,0
2026-09-23T14:19:42+10:00,1790137182.983,0
2026-09-23T14:19:43+10:00,1790137183.942,0
2026-09-23T14:19:43+10:00,1790137183.942,0
2026-09-23T14:19:45+10:00,1790137185.021,0
2026-09-23T14:19:45+10:00,1790137185.982,0
2026-09-23T14:19:45+10:00,1790137185.982,0
2026-09-23T14:19:46+10:00,1790137186.941,0
2026-09-23T14:19:46+10:00,1790137186.941,0
2026-09-23T14:19:48+10:00,1790137188.022,0
2026-09-23T14:19:48+10:00,1790137188.022,0
2026-09-23T14:19:48+10:00,1790137188.982,0
2026-09-23T14:19:48+10:00,1790137188.982,0
2026-09-23T14:19:49+10:00,1790137189.942,0
2026-09-23T14:19:49+10:00,1790137189.942,0
2026-09-23T14:19:51+10:00,1790137191.262,0
2026-09-23T14:19:51+10:00,1790137191.262,0
2026-09-23T14:19:51+10:00,1790137191.982,0
2026-09-23T14:19:52+10:00,1790137192.942,0
2026-09-23T14:19:52+10:00,1790137192.942,0
2026-09-23T14:19:54+10:00,1790137194.022,0
2026-09-23T14:19:54+10:00,1790137194.022,0
2026-09-23T14:19:54+10:00,1790137194.982,0
2026-09-23T14:19:54+10:00,1790137194.982,0
2026-09-23T14:19:55+10:00,1790137195.942,0
2026-09-23T14:19:55+10:00,1790137195.942,0
2026-09-23T14:19:57+10:00,1790137197.022,0
2026-09-23T14:19:57+10:00,1790137197.982,0
2026-09-23T14:19:58+10:00,1790137198.942,0
2026-09-23T14:19:58+10:00,1790137198.942,0
2026-09-23T14:20:00+10:00,1790137200.022,0
2026-09-23T14:20:00+10:00,1790137200.022,0
2026-09-23T14:20:00+10:00,1790137200.982,0
2026-09-23T14:20:00+10:00,1790137200.982,0
2026-09-23T14:20:01+10:00,1790137201.942,0
2026-09-23T14:20:01+10:00,1790137201.942,0
2026-09-23T14:20:03+10:00,1790137203.022,0
2026-09-23T14:20:03+10:00,1790137203.022,0
2026-09-23T14:20:03+10:00,1790137203.983,0
2026-09-23T14:20:03+10:00,1790137203.983,0
2026-09-23T14:20:05+10:00,1790137205.182,0
2026-09-23T14:20:05+10:00,1790137205.182,0
2026-09-23T14:20:06+10:00,1790137206.022,0
2026-09-23T14:20:06+10:00,1790137206.022,0
2026-09-23T14:20:06+10:00,1790137206.983,0
2026-09-23T14:20:06+10:00,1790137206.983,0
2026-09-23T14:20:07+10:00,1790137207.942,0
2026-09-23T14:20:07+10:00,1790137207.944,0
2026-09-23T14:20:09+10:00,1790137209.022,0
2026-09-23T14:20:09+10:00,1790137209.022,0
2026-09-23T14:20:10+10:00,1790137210.222,0
2026-09-23T14:20:10+10:00,1790137210.222,0
2026-09-23T14:20:11+10:00,1790137211.062,0
2026-09-23T14:20:11+10:00,1790137211.062,0
2026-09-23T14:20:12+10:00,1790137212.022,0
2026-09-23T14:20:12+10:00,1790137212.022,0
2026-09-23T14:20:12+10:00,1790137212.982,0
2026-09-23T14:20:12+10:00,1790137212.982,0
2026-09-23T14:20:14+10:00,1790137214.062,0
2026-09-23T14:20:14+10:00,1790137214.062,0
